object_id,category,listed_real_value,land_value,improvements_value,acres,n_homes,in_sfha,parcel_in_sfha,y,x
1184783,Residential I (Under 6 Acres),216500,67100,149400,0.15,1,0.0,0,12.285345826424681,0
1184784,Residential I (Under 6 Acres),476100,94900,381200,0.33,1,0.0,0,13.07338319518261,0
1184786,Residential I (Under 6 Acres),472400,135300,337100,0.4,1,0.0,0,13.065581363305345,0
1184792,Residential I (Under 6 Acres),230500,100600,129900,0.35,1,0.0,0,12.348006141418841,0
1184793,Residential I (Under 6 Acres),280000,71900,208100,0.07,1,0.0,0,12.542544882151386,0
1184795,Residential I (Under 6 Acres),421200,113200,308000,1.2,1,0.0,0,12.950863059241957,0
1184796,Residential I (Under 6 Acres),412200,115800,296400,0.08,1,0.0,0,12.929263947438496,0
1184801,Residential I (Under 6 Acres),410400,101000,309400,0.36,1,0.0,0,12.924887572838697,0
1184802,Residential I (Under 6 Acres),509000,168800,340200,0.48,1,0.0,0,13.14020329553266,0
1184803,Residential I (Under 6 Acres),267700,95200,172500,0.69,1,0.0,0,12.497622229508444,0
1184805,Residential I (Under 6 Acres),356900,136200,220700,2.21,1,0.0,0,12.785210909478252,0
1184806,Residential I (Under 6 Acres),515000,144100,370900,0.4,1,0.0,0,13.151922179645874,0
1184809,Residential I (Under 6 Acres),340200,118300,221900,0.26,1,0.0,0,12.737288958943898,0
1184811,Residential I (Under 6 Acres),391800,111100,280700,0.41,1,0.0,0,12.878506784492577,0
1184813,Residential I (Under 6 Acres),298600,88600,210000,0.48,1,0.0,0,12.606860164087227,0
1184815,Residential I (Under 6 Acres),243600,95800,147800,0.22,1,0.0,0,12.40328281481788,0
1184817,Residential I (Under 6 Acres),38300,37900,400,0.19,1,0.0,1,10.553205175168737,0
1184818,Residential I (Under 6 Acres),441300,120000,321300,0.63,1,0.0,0,12.997480195257639,0
1184819,Residential I (Under 6 Acres),344700,132000,212700,0.81,1,0.0,0,12.750429752504957,0
1184821,Residential I (Under 6 Acres),237000,80700,156300,0.23,1,0.0,0,12.375815420117268,0
1184823,Residential I (Under 6 Acres),275500,87200,188300,0.31,1,0.0,0,12.526342907575106,0
1184825,Residential I (Under 6 Acres),470800,138900,331900,1.6,1,0.0,0,13.062188654368258,0
1184826,Residential I (Under 6 Acres),296400,92800,203600,0.14,1,1.0,1,12.599465172404068,1
1184828,Residential I (Under 6 Acres),421100,92000,329100,0.12,1,1.0,1,12.950625614150018,1
1184829,Residential I (Under 6 Acres),388000,110400,277600,0.61,1,0.0,0,12.86876061860541,0
1184831,Residential I (Under 6 Acres),262000,93100,168900,0.15,1,0.0,0,12.476099782743233,0
1184832,Residential I (Under 6 Acres),280300,68200,212100,0.06,1,0.0,0,12.54361573715288,0
1184833,Residential I (Under 6 Acres),301700,133000,168700,0.19,1,0.0,0,12.617188425147152,0
1184834,Residential I (Under 6 Acres),823700,181300,642400,0.89,1,0.0,0,13.62156166492934,0
1184835,Residential I (Under 6 Acres),463200,125700,337500,0.77,1,0.0,0,13.045914205240923,0
1184836,Residential I (Under 6 Acres),298800,86000,212800,0.35,1,0.0,0,12.607529732240799,0
1184838,Residential I (Under 6 Acres),270900,73000,197900,0.1,1,1.0,1,12.509505028073187,1
1184839,Residential I (Under 6 Acres),285400,95800,189600,0.22,1,0.0,0,12.561646984024874,0
1184840,Residential I (Under 6 Acres),308500,95000,213500,0.2,1,0.0,0,12.63947712232758,0
1184841,Residential I (Under 6 Acres),377900,101000,276900,0.36,1,0.0,0,12.84238488933758,0
1184842,Residential I (Under 6 Acres),610400,106300,504100,0.5,1,1.0,1,13.321869758952385,1
1184845,Residential I (Under 6 Acres),298200,96300,201900,0.37,1,0.0,0,12.605519681312774,0
1184846,Residential I (Under 6 Acres),310800,90900,219900,0.42,1,0.0,0,12.646904897475629,0
1184847,Residential I (Under 6 Acres),272300,104500,167800,0.08,1,0.0,0,12.51465967866185,0
1184849,Residential I (Under 6 Acres),308400,119400,189000,1.09,1,1.0,1,12.639152920671311,1
1184852,Residential I (Under 6 Acres),262000,39000,223000,0.05,1,0.0,0,12.476099782743233,0
1184853,Residential I (Under 6 Acres),302000,77000,225000,0.11,1,0.0,0,12.618182296357007,0
1184854,Residential I (Under 6 Acres),562100,152300,409800,0.41,1,0.0,0,13.239435048990167,0
1184855,Residential I (Under 6 Acres),271900,109900,162000,0.38,1,0.0,0,12.513189630620563,0
1184856,Residential I (Under 6 Acres),365100,97400,267700,0.4,1,0.0,0,12.807926567643728,0
1184857,Residential I (Under 6 Acres),307500,79800,227700,0.2,1,0.0,0,12.636230366228709,0
1184858,Residential I (Under 6 Acres),341200,114900,226300,0.73,1,0.0,0,12.740224094599661,0
1184859,Residential I (Under 6 Acres),339700,135600,204100,0.11,1,1.0,1,12.735818154148676,1
1184860,Residential I (Under 6 Acres),346000,95800,250200,0.57,1,0.0,0,12.75419405403986,0
1184861,Residential I (Under 6 Acres),250600,86300,164300,0.09,1,0.0,0,12.431613321444106,0
1184862,Residential I (Under 6 Acres),359400,108400,251000,0.71,1,0.0,0,12.792191253331596,0
1184863,Residential I (Under 6 Acres),255100,84200,170900,0.16,1,0.0,0,12.449410904129902,0
1184865,Residential I (Under 6 Acres),489800,165000,324800,0.6,1,0.0,0,13.101752423500205,0
1184866,Residential I (Under 6 Acres),449100,99900,349200,0.33,1,0.0,0,13.01500085907583,0
1184867,Residential I (Under 6 Acres),321700,91700,230000,0.24,1,0.0,0,12.681374713227118,0
1184869,Residential I (Under 6 Acres),299800,87000,212800,0.43,1,0.0,0,12.610870864650634,0
1184870,Residential I (Under 6 Acres),384000,108100,275900,0.7,1,0.0,0,12.858397831569864,0
1184874,Residential I (Under 6 Acres),350900,79200,271700,0.18,1,0.0,0,12.768256561571306,0
1184876,Residential I (Under 6 Acres),413900,120200,293700,0.17,1,0.0,0,12.933379677736824,0
1184877,Residential I (Under 6 Acres),528600,113500,415100,0.47,1,0.0,0,13.177987281152326,0
1184878,Residential I (Under 6 Acres),329400,109900,219500,0.38,1,0.0,0,12.705028096725677,0
1184879,Residential I (Under 6 Acres),444900,125600,319300,1.09,1,0.0,0,13.005604816794133,0
1184881,Residential I (Under 6 Acres),225400,81400,144000,0.25,1,0.0,0,12.325631880587814,0
1184882,Residential I (Under 6 Acres),226800,51000,175800,0.5,1,1.0,1,12.331823850835734,1
1184883,Residential I (Under 6 Acres),495200,119500,375700,1.11,1,0.0,0,13.112717000352523,0
1184887,Residential I (Under 6 Acres),406700,100600,306100,0.86,1,0.0,0,12.915831091895315,0
1184888,Residential I (Under 6 Acres),550700,132600,418100,0.94,1,0.0,0,13.218945475250573,0
1184889,Residential I (Under 6 Acres),531600,125900,405700,0.29,1,0.0,0,13.183646605821227,0
1184890,Residential I (Under 6 Acres),255200,78500,176700,0.16,1,0.0,0,12.449802830452771,0
1184891,Residential I (Under 6 Acres),390200,97600,292600,0.27,1,0.0,0,12.874414707171148,0
1184892,Residential I (Under 6 Acres),416500,104700,311800,0.29,1,0.0,0,12.939641740589034,0
1184895,Residential I (Under 6 Acres),393900,161700,232200,0.61,1,0.0,0,12.883852348958998,0
1184897,Residential I (Under 6 Acres),522000,169400,352600,0.49,1,0.0,0,13.165422866864775,0
1184899,Residential I (Under 6 Acres),503100,155500,347600,1.84,1,0.0,0,13.12854423647941,0
1184900,Residential I (Under 6 Acres),360100,134200,225900,0.98,1,0.0,0,12.794137049636966,0
1184901,Residential I (Under 6 Acres),220900,69200,151700,0.1,1,1.0,1,12.305465389408209,1
1184902,Residential I (Under 6 Acres),462000,99500,362500,0.32,1,0.0,0,13.043320170063875,0
1184905,Residential I (Under 6 Acres),425300,111500,313800,0.42,1,0.0,0,12.960550081241724,0
1184910,Residential I (Under 6 Acres),232400,45600,186800,0.2,1,1.0,1,12.356215303959893,1
1184911,Residential II (6 Acres or More),457000,147300,309700,8.44,1,0.0,0,13.032438669876342,0
1184915,Residential I (Under 6 Acres),323200,90500,232700,0.69,1,0.0,1,12.686026605629078,0
1184917,Residential I (Under 6 Acres),320000,116000,204000,0.76,1,0.0,0,12.676076274775909,0
1184918,Residential I (Under 6 Acres),426000,147000,279000,0.73,1,0.0,0,12.962194625251508,0
1184919,Residential I (Under 6 Acres),310000,95000,215000,0.2,1,1.0,1,12.644327576461329,1
1184920,Residential I (Under 6 Acres),267500,114500,153000,0.72,1,0.0,0,12.496874845318198,0
1184922,Residential I (Under 6 Acres),209600,43200,166400,0.12,1,0.0,0,12.252956231429025,0
1184923,Residential I (Under 6 Acres),290500,96600,193900,0.53,1,0.0,0,12.579358855274103,0
1184931,Residential I (Under 6 Acres),417100,102100,315000,0.39,1,0.0,0,12.941081280185037,0
1184932,Residential I (Under 6 Acres),358800,90100,268700,0.07,1,0.0,0,12.790520409166778,0
1184933,Residential I (Under 6 Acres),554100,116400,437700,0.22,1,0.0,0,13.225100454855442,0
1184934,Residential I (Under 6 Acres),321100,97600,223500,0.27,1,0.0,0,12.679507880077605,0
1184935,Residential I (Under 6 Acres),402700,99500,303200,0.32,1,0.0,0,12.905947146839546,0
1184936,Residential I (Under 6 Acres),233700,82600,151100,0.29,1,0.0,0,12.36179352052695,0
1184938,Residential I (Under 6 Acres),510400,154900,355500,1.75,1,0.0,0,13.142950011012717,0
1184942,Residential I (Under 6 Acres),174100,79800,94300,0.2,1,0.0,1,12.06738512575628,0
1184947,Residential I (Under 6 Acres),163700,56800,106900,0.99,1,0.0,0,12.005790763359226,0
1184948,Residential I (Under 6 Acres),272800,45800,227000,0.21,1,0.0,0,12.516494204951444,0
1184952,Residential I (Under 6 Acres),289300,97100,192200,0.75,1,0.0,0,12.575219490964226,0
1184953,Residential I (Under 6 Acres),564400,140300,424100,3.36,1,0.0,0,13.243518498960796,0
1184954,Residential I (Under 6 Acres),229600,82300,147300,0.28,1,0.0,0,12.344093943427549,0
1184955,Residential I (Under 6 Acres),426500,135100,291400,0.1,1,1.0,1,12.963367645913872,1
1184957,Residential I (Under 6 Acres),207400,46000,161400,0.15,1,0.0,0,12.242404574777565,0
1184961,Residential I (Under 6 Acres),291400,87100,204300,0.43,1,0.0,0,12.582452172743242,0
1184962,Residential I (Under 6 Acres),351300,86100,265200,0.4,1,0.0,0,12.769395838253919,0
1184963,Residential I (Under 6 Acres),227300,96000,131300,0.05,1,0.0,0,12.334026009840635,0
1184968,Residential I (Under 6 Acres),253500,81100,172400,0.24,1,0.0,0,12.443119102013375,0
1184969,Residential I (Under 6 Acres),344400,117400,227000,0.38,1,0.0,0,12.749559051535712,0
1184971,Residential I (Under 6 Acres),263900,100900,163000,0.5,1,0.0,0,12.483325522491416,0
1184973,Residential I (Under 6 Acres),387000,119200,267800,0.15,1,0.0,0,12.866179972011919,0
1184974,Residential I (Under 6 Acres),238300,94700,143600,0.83,1,1.0,1,12.381285663086834,1
1184975,Residential I (Under 6 Acres),298600,108900,189700,0.57,1,0.0,0,12.606860164087227,0
1184976,Residential I (Under 6 Acres),308300,95800,212500,0.22,1,0.0,0,12.638828613874242,0
1184980,Residential I (Under 6 Acres),306800,88900,217900,0.49,1,0.0,0,12.633951348475238,0
1184981,Residential I (Under 6 Acres),330000,99100,230900,0.31,1,0.0,0,12.706847933442663,0
1184982,Residential I (Under 6 Acres),389600,93900,295700,0.17,1,0.0,0,12.872875850750518,0
1184985,Residential I (Under 6 Acres),279200,80700,198500,0.23,1,0.0,0,12.539683649870355,0
1184987,Residential I (Under 6 Acres),247100,78500,168600,0.29,1,0.0,0,12.417548391976702,0
1184988,Residential I (Under 6 Acres),295100,100600,194500,0.35,1,0.0,0,12.59506956093103,0
1184989,Residential I (Under 6 Acres),376600,128700,247900,0.49,1,0.0,0,12.838938895205189,0
1184990,Residential I (Under 6 Acres),480800,130200,350600,0.56,1,0.0,0,13.083206662203136,0
1184992,Residential I (Under 6 Acres),397100,98000,299100,0.28,1,0.0,0,12.891943417119343,0
1184993,Residential I (Under 6 Acres),582700,92400,490300,0.26,1,1.0,1,13.275427753131165,1
1184995,Residential I (Under 6 Acres),652700,165800,486900,0.43,1,0.0,0,13.388872884623309,0
1184996,Residential I (Under 6 Acres),288200,76100,212100,0.21,1,0.0,0,12.571409962547559,0
1184997,Residential I (Under 6 Acres),383200,104400,278800,0.45,1,0.0,0,12.856312325078843,0
1185000,Residential I (Under 6 Acres),400600,126000,274600,1.16,1,0.0,0,12.900718702213855,0
1185005,Residential I (Under 6 Acres),766200,132200,634000,2.11,1,0.0,1,13.549198511248685,0
1185010,Residential I (Under 6 Acres),384200,94400,289800,0.82,1,0.0,0,12.858918529316593,0
1185012,Residential I (Under 6 Acres),391100,118700,272400,0.14,1,0.0,0,12.876718560743605,0
1185013,Residential I (Under 6 Acres),437400,116400,321000,0.77,1,0.0,0,12.988603387224805,0
1185014,Residential I (Under 6 Acres),428200,95800,332400,0.22,1,0.0,0,12.96734565513772,0
1185015,Residential I (Under 6 Acres),295900,76600,219300,0.37,1,0.0,0,12.5977768383883,0
1185016,Residential I (Under 6 Acres),238800,72200,166600,0.13,1,0.0,0,12.383381660500584,0
1185017,Residential I (Under 6 Acres),296200,96100,200100,0.23,1,0.0,0,12.598790180815836,0
1185018,Residential I (Under 6 Acres),380000,91300,288700,0.1,1,0.0,0,12.84792653170257,0
1185019,Residential I (Under 6 Acres),309400,101000,208400,0.36,1,0.0,0,12.642390217121102,0
1185021,Residential I (Under 6 Acres),290300,118800,171500,1.0,1,1.0,1,12.578670150012721,1
1185022,Residential I (Under 6 Acres),276900,64800,212100,0.06,1,0.0,0,12.531411709159054,0
1185024,Residential I (Under 6 Acres),447000,98000,349000,0.28,1,0.0,0,13.010313873595706,0
1185026,Residential I (Under 6 Acres),447000,97700,349300,0.41,1,0.0,0,13.010313873595706,0
1185027,Residential I (Under 6 Acres),424700,120400,304300,0.64,1,0.0,0,12.959138316301363,0
1185030,Residential I (Under 6 Acres),397200,137300,259900,0.14,1,0.0,0,12.892195211153155,0
1185031,Residential I (Under 6 Acres),330500,126400,204100,0.3,1,0.0,0,12.708361938273878,0
1185034,Residential I (Under 6 Acres),435400,108700,326700,0.53,1,0.0,0,12.984020427782584,0
1185036,Residential I (Under 6 Acres),390600,95200,295400,0.55,1,0.0,0,12.875439297424716,0
1185037,Residential I (Under 6 Acres),396900,104700,292200,0.55,1,0.0,0,12.891439638771157,0
1185039,Residential I (Under 6 Acres),459800,127300,332500,1.35,1,0.0,0,13.038546891311219,0
1185043,Residential I (Under 6 Acres),392200,135200,257000,0.67,1,0.0,0,12.879527192744384,0
1185045,Residential I (Under 6 Acres),359600,101400,258200,0.37,1,0.0,0,12.792747581579603,0
1185048,Residential I (Under 6 Acres),239500,63100,176400,0.47,1,0.0,0,12.386308695833106,0
1185052,Residential I (Under 6 Acres),264800,67300,197500,0.16,1,0.0,0,12.48673010304499,0
1185053,Residential I (Under 6 Acres),219600,66300,153300,0.13,1,0.0,0,12.299562988617513,0
1185054,Residential I (Under 6 Acres),473200,120600,352600,0.18,1,0.0,0,13.067273411086369,0
1185055,Residential I (Under 6 Acres),317600,104800,212800,0.46,1,0.0,0,12.668548008355117,0
1185058,Residential I (Under 6 Acres),318100,91200,226900,0.37,1,0.0,0,12.670121077737235,0
1185059,Residential I (Under 6 Acres),310700,118700,192000,0.14,1,0.0,0,12.64658309538114,0
1185060,Residential I (Under 6 Acres),572100,158200,413900,4.21,1,0.0,0,13.25706908025662,0
1185063,Residential I (Under 6 Acres),335700,101400,234300,0.37,1,0.0,0,12.723973182968127,0
1185065,Residential I (Under 6 Acres),483300,124000,359300,0.25,1,0.0,0,13.088392857833176,0
1185067,Residential I (Under 6 Acres),252000,93100,158900,0.15,1,0.0,0,12.437184366493561,0
1185069,Residential I (Under 6 Acres),341300,105900,235400,0.49,1,0.0,0,12.740517134894798,0
1185070,Residential I (Under 6 Acres),242200,66500,175700,0.13,1,0.0,0,12.397519110101129,0
1185073,Residential I (Under 6 Acres),369900,97900,272000,0.72,1,0.0,0,12.820987977820545,0
1185074,Residential I (Under 6 Acres),304700,80400,224300,0.22,1,0.0,1,12.6270829649738,0
1185075,Residential I (Under 6 Acres),349900,119700,230200,0.16,1,0.0,0,12.765402678355779,0
1185080,Residential II (6 Acres or More),450100,156700,293400,9.48,1,0.0,0,13.017225059281024,0
1185083,Residential I (Under 6 Acres),170600,57400,113200,0.06,1,0.0,0,12.047076914039716,0
1185084,Residential I (Under 6 Acres),409800,143900,265900,0.26,1,1.0,1,12.923424514786936,1
1185085,Residential I (Under 6 Acres),161100,76100,85000,0.21,1,1.0,1,11.989780569165065,1
1185088,Residential I (Under 6 Acres),624100,162200,461900,0.37,1,0.0,0,13.344065890922135,0
1185089,Residential I (Under 6 Acres),387800,97300,290500,0.26,1,0.0,0,12.868245021790688,0
1185092,Residential I (Under 6 Acres),491600,139900,351700,0.32,1,0.0,0,13.105420656674017,0
1185093,Residential I (Under 6 Acres),602000,138900,463100,0.56,1,0.0,0,13.308012724290958,0
1185095,Residential I (Under 6 Acres),297600,99300,198300,0.82,1,0.0,1,12.603505581941073,0
1185096,Residential I (Under 6 Acres),336200,102100,234100,0.39,1,0.0,0,12.725461499956653,0
1185097,Residential I (Under 6 Acres),316000,110200,205800,0.29,1,0.0,0,12.66349749256905,0
1185102,Residential I (Under 6 Acres),547700,163900,383800,0.62,1,0.0,0,13.213482970771812,0
1185104,Residential I (Under 6 Acres),581100,137900,443200,0.73,1,0.0,0,13.272678138063197,0
1185105,Residential I (Under 6 Acres),273200,88800,184400,0.16,1,0.0,0,12.517959406678772,0
1185106,Residential I (Under 6 Acres),242500,78900,163600,0.17,1,0.0,0,12.398756989359676,0
1185107,Residential I (Under 6 Acres),263700,94600,169100,0.19,1,0.0,0,12.482567372341379,0
1185112,Residential I (Under 6 Acres),367300,118200,249100,0.13,1,0.0,0,12.813934231807758,0
1185114,Residential I (Under 6 Acres),341500,115200,226300,0.41,1,0.0,0,12.741102957992982,0
1185115,Residential I (Under 6 Acres),262900,76900,186000,0.23,1,0.0,0,12.479529010717972,0
1185119,Residential I (Under 6 Acres),259200,62900,196300,0.46,1,0.0,0,12.465355243460257,0
1185120,Residential I (Under 6 Acres),324800,104400,220400,0.76,1,0.0,0,12.69096488726966,0
1185121,Residential I (Under 6 Acres),321700,119200,202500,0.15,1,0.0,0,12.681374713227118,0
1185122,Residential I (Under 6 Acres),251000,83000,168000,0.3,1,0.0,0,12.43320821811392,0
1185123,Residential I (Under 6 Acres),404000,109900,294100,0.38,1,0.0,0,12.909170156943286,0
1185124,Residential I (Under 6 Acres),496500,98000,398500,0.28,1,0.0,0,13.115338762467365,0
1185125,Residential I (Under 6 Acres),288300,90600,197700,0.21,1,0.0,0,12.571756883626493,0
1185126,Residential I (Under 6 Acres),418600,151300,267300,1.2,1,0.0,0,12.944671088994037,0
1185127,Residential I (Under 6 Acres),422400,114500,307900,0.39,1,0.0,0,12.95370801137419,0
1185129,Residential I (Under 6 Acres),357900,90200,267700,0.53,1,0.0,0,12.788008896754118,0
1185130,Residential I (Under 6 Acres),240200,80400,159800,0.22,1,0.0,0,12.38922718862802,0
1185131,Residential I (Under 6 Acres),410100,86100,324000,0.4,1,0.0,0,12.92415631138015,0
1185137,Residential I (Under 6 Acres),401400,107400,294000,0.85,1,0.0,0,12.902713715344374,0
1185138,Residential I (Under 6 Acres),346800,116000,230800,0.21,1,0.0,0,12.756503523888524,0
1185139,Residential I (Under 6 Acres),264500,116800,147700,0.1,1,0.0,0,12.48559653028049,0
1185141,Residential I (Under 6 Acres),301400,99100,202300,0.31,1,0.0,0,12.616193565174532,0
1185142,Residential I (Under 6 Acres),343700,91100,252600,0.56,1,0.0,0,12.747524462837925,0
1185146,Residential I (Under 6 Acres),586100,150400,435700,1.06,1,0.0,0,13.28124570246452,0
1185148,Residential I (Under 6 Acres),203400,92000,111400,0.12,1,1.0,1,12.222929762596596,1
1185151,Residential I (Under 6 Acres),330000,77600,252400,0.18,1,0.0,0,12.706847933442663,0
1185153,Residential I (Under 6 Acres),407700,120200,287500,0.17,1,1.0,1,12.918286888807344,1
1185154,Residential I (Under 6 Acres),491400,118100,373300,0.94,1,0.0,0,13.105013739069216,0
1185157,Residential I (Under 6 Acres),332000,79500,252500,0.19,1,0.0,0,12.712890247898626,0
1185158,Residential I (Under 6 Acres),322400,93500,228900,0.16,1,0.0,0,12.68354828961461,0
1185161,Residential I (Under 6 Acres),413600,131800,281800,0.92,1,0.0,0,12.932654602176356,0
1185162,Residential I (Under 6 Acres),497300,139900,357400,0.43,1,0.0,0,13.11694874470283,0
1185163,Residential I (Under 6 Acres),287800,81800,206000,0.09,1,0.0,0,12.570021073435404,0
1185164,Residential I (Under 6 Acres),343100,82600,260500,0.29,1,0.0,0,12.74577722884654,0
1185165,Residential I (Under 6 Acres),489400,108700,380700,1.57,1,0.0,1,13.100935429990708,0
1185167,Residential I (Under 6 Acres),489400,135400,354000,1.06,1,0.0,0,13.100935429990708,0
1185168,Residential I (Under 6 Acres),305300,83600,221700,0.32,1,0.0,0,12.62905017872297,0
1185169,Residential I (Under 6 Acres),501100,150000,351100,1.0,1,0.0,0,13.124560960947816,0
1185171,Residential I (Under 6 Acres),426700,72700,354000,0.09,1,0.0,0,12.96383646917609,0
1185173,Residential I (Under 6 Acres),523700,94200,429500,0.31,1,0.0,0,13.16867428026758,0
1185178,Residential I (Under 6 Acres),333500,109100,224400,0.06,1,0.0,0,12.717398144337816,0
1185182,Residential I (Under 6 Acres),270300,84800,185500,0.36,1,0.0,0,12.507287732264539,0
1185185,Residential I (Under 6 Acres),352700,101000,251700,0.36,1,0.0,0,12.773373116224143,0
1185187,Residential I (Under 6 Acres),509000,126400,382600,0.3,1,1.0,1,13.14020329553266,1
1185190,Residential I (Under 6 Acres),291700,98400,193300,0.79,1,0.0,0,12.583481155855813,0
1185194,Residential I (Under 6 Acres),661200,148700,512500,0.67,1,0.0,0,13.401811644929007,0
1185195,Residential I (Under 6 Acres),316900,102100,214800,0.39,1,0.0,0,12.666341545679012,0
1185196,Residential I (Under 6 Acres),588800,140500,448300,1.84,1,0.0,0,13.285841846396803,0
1185197,Residential I (Under 6 Acres),348600,80700,267900,0.23,1,0.0,0,12.761680412068058,0
1185198,Residential I (Under 6 Acres),468200,143400,324800,1.14,1,0.0,0,13.056650834038948,0
1185200,Residential I (Under 6 Acres),271200,79500,191700,0.19,1,0.0,0,12.510611835048378,0
1185202,Residential I (Under 6 Acres),238200,93900,144300,0.17,1,0.0,0,12.380865935903337,0
1185203,Residential I (Under 6 Acres),372200,99100,273100,0.31,1,0.0,0,12.827186623190288,0
1185204,Residential I (Under 6 Acres),286900,74000,212900,0.14,1,0.0,0,12.566889001969455,0
1185205,Residential I (Under 6 Acres),406300,79400,326900,0.32,1,1.0,1,12.914847081975818,1
1185206,Residential I (Under 6 Acres),381100,115500,265600,0.2,1,0.0,1,12.850817086861952,0
1185210,Residential I (Under 6 Acres),496900,149100,347800,0.98,1,0.0,0,13.116144077590413,0
1185211,Residential I (Under 6 Acres),364900,99100,265800,0.31,1,0.0,0,12.807378622424539,0
1185212,Residential I (Under 6 Acres),432100,134800,297300,0.33,1,0.0,0,12.976412321920025,0
1185213,Residential I (Under 6 Acres),325000,114900,210100,0.06,1,1.0,1,12.691580461311874,1
1185217,Residential I (Under 6 Acres),1189500,95400,1094100,0.21,1,0.0,0,13.989043608725149,0
1185219,Residential I (Under 6 Acres),530800,136500,394300,0.51,1,0.0,0,13.182140581440189,0
1185220,Residential I (Under 6 Acres),291400,90300,201100,0.2,1,0.0,0,12.582452172743242,0
1185224,Residential I (Under 6 Acres),497200,131500,365700,2.49,1,0.0,0,13.116747638618692,0
1185225,Residential I (Under 6 Acres),292900,99100,193800,0.31,1,0.0,0,12.587586532815825,0
1185226,Residential I (Under 6 Acres),285100,118400,166700,2.0,1,0.0,0,12.560595274900763,0
1185227,Residential I (Under 6 Acres),399000,141700,257300,0.22,1,0.0,0,12.896716695872,0
1185228,Residential I (Under 6 Acres),329200,88300,240900,0.47,1,0.0,0,12.704420747785052,0
1185229,Residential II (6 Acres or More),294900,117700,177200,3.2,1,0.0,1,12.594391594803367,0
1185231,Residential I (Under 6 Acres),447500,96900,350600,0.25,1,0.0,0,13.011431816697048,0
1185232,Residential I (Under 6 Acres),505400,140000,365400,0.19,1,1.0,1,13.133105473936231,1
1185234,Residential I (Under 6 Acres),518700,199200,319500,3.15,1,0.0,0,13.159080960339491,0
1185239,Residential I (Under 6 Acres),381700,99500,282200,0.32,1,0.0,0,12.85239023873332,0
1185241,Residential I (Under 6 Acres),357100,105100,252000,0.47,1,0.0,0,12.78577113358254,0
1185242,Residential I (Under 6 Acres),438800,86900,351900,0.24,1,0.0,0,12.991799007383213,0
1185243,Residential I (Under 6 Acres),442600,94600,348000,0.19,1,0.0,0,13.000421706599086,0
1185244,Residential I (Under 6 Acres),562400,90900,471500,0.09,1,0.0,0,13.239968619478592,0
1185250,Residential I (Under 6 Acres),382900,98400,284500,0.43,1,0.0,0,12.855529137465386,0
1185253,Residential I (Under 6 Acres),413700,123500,290200,0.24,1,1.0,1,12.932896352449504,1
1185255,Residential I (Under 6 Acres),393900,109900,284000,0.38,1,0.0,0,12.883852348958998,0
1185256,Residential I (Under 6 Acres),261800,77900,183900,0.27,1,1.0,1,12.475336132457937,1
1185258,Residential I (Under 6 Acres),342100,91800,250300,0.58,1,0.0,0,12.742858370965696,0
1185264,Residential I (Under 6 Acres),363600,102500,261100,0.4,1,0.0,0,12.803809641285461,0
1185265,Residential I (Under 6 Acres),253400,95600,157800,0.7,1,1.0,1,12.442724546869176,1
1185266,Residential I (Under 6 Acres),282300,85400,196900,0.52,1,0.0,0,12.55072561424158,0
1185268,Residential I (Under 6 Acres),377800,96100,281700,0.23,1,0.0,0,12.842120234049546,0
1185269,Residential I (Under 6 Acres),318500,115400,203100,0.07,1,0.0,0,12.671377753994355,0
1185273,Residential I (Under 6 Acres),399800,125000,274800,0.27,1,0.0,0,12.898719701048437,0
1185274,Residential I (Under 6 Acres),466100,158100,308000,0.44,1,0.0,0,13.052155482360833,0
1185275,Residential I (Under 6 Acres),315000,98400,216600,0.29,1,0.0,0,12.66032791780777,0
1185277,Residential I (Under 6 Acres),330400,86400,244000,0.41,1,0.0,0,12.70805932062896,0
1185278,Residential I (Under 6 Acres),359900,102500,257400,0.4,1,0.0,0,12.793581494067123,0
1185279,Residential I (Under 6 Acres),319400,80400,239000,0.22,1,0.0,0,12.67419951476305,0
1185282,Residential I (Under 6 Acres),426100,104000,322100,0.44,1,0.0,0,12.962429339488004,0
1185284,Residential I (Under 6 Acres),265600,48200,217400,0.14,1,0.0,0,12.489746696584415,0
1185286,Residential I (Under 6 Acres),376800,102100,274700,0.39,1,0.0,0,12.839469821684345,0
1185288,Residential I (Under 6 Acres),320900,91300,229600,0.1,1,0.0,0,12.678884827097948,0
1185289,Residential I (Under 6 Acres),370800,121600,249200,0.2,1,0.0,0,12.823418112673837,0
1185292,Residential I (Under 6 Acres),264300,91100,173200,0.56,1,0.0,0,12.48484010059238,0
1185293,Residential I (Under 6 Acres),428300,116800,311500,0.78,1,0.0,0,12.967579163603462,0
1185295,Residential I (Under 6 Acres),524600,128900,395700,0.53,1,0.0,0,13.17039134641491,0
1185297,Residential I (Under 6 Acres),309700,91000,218700,0.22,1,1.0,1,12.643359365961294,1
1185298,Residential I (Under 6 Acres),278800,85800,193000,0.39,1,0.0,0,12.538249957868507,0
1185302,Residential I (Under 6 Acres),436400,137300,299100,0.27,1,0.0,0,12.986314532941053,0
1185303,Residential I (Under 6 Acres),203000,109600,93400,0.07,1,1.0,1,12.220961258023925,1
1185304,Residential I (Under 6 Acres),428600,98400,330200,0.29,1,0.0,1,12.968279362021613,0
1185305,Residential I (Under 6 Acres),462000,153200,308800,0.22,1,0.0,0,13.043320170063875,0
1185306,Residential I (Under 6 Acres),400100,107000,293100,0.52,1,0.0,0,12.899469794845327,0
1185309,Residential I (Under 6 Acres),293600,80400,213200,0.22,1,0.0,0,12.589973575722498,0
1185311,Residential I (Under 6 Acres),394300,70500,323800,0.14,1,0.0,0,12.884867319865718,0
1185313,Residential I (Under 6 Acres),288100,83900,204200,0.33,1,0.0,0,12.57106292107262,0
1185316,Residential I (Under 6 Acres),263000,85700,177300,0.2,1,0.0,0,12.479909311159902,0
1185317,Residential I (Under 6 Acres),364400,99700,264700,0.62,1,0.0,0,12.80600744436794,0
1185318,Residential I (Under 6 Acres),331800,121100,210700,0.19,1,0.0,0,12.71228765673848,0
1185319,Residential I (Under 6 Acres),509800,51000,458800,0.28,1,0.0,0,13.141773770924152,0
1185320,Residential I (Under 6 Acres),398200,116800,281400,0.1,1,0.0,0,12.894709670612233,0
1185321,Residential I (Under 6 Acres),283300,60000,223300,0.04,1,0.0,0,12.554261685818608,0
1185323,Residential I (Under 6 Acres),363800,99500,264300,0.32,1,0.0,0,12.80435954506616,0
1185329,Residential I (Under 6 Acres),331000,98400,232600,0.29,1,0.0,0,12.7098736543592,0
1185334,Residential I (Under 6 Acres),285900,68200,217700,0.06,1,0.0,0,12.563397378310404,0
1185336,Residential I (Under 6 Acres),284800,57000,227800,0.05,1,0.0,0,12.559542458519958,0
1185338,Residential I (Under 6 Acres),356300,109300,247000,0.58,1,0.0,0,12.783528351593928,0
1185340,Residential I (Under 6 Acres),680500,119000,561500,0.84,1,0.0,0,13.430583101073658,0
1185342,Residential I (Under 6 Acres),278000,69800,208200,0.25,1,0.0,0,12.535376392672774,0
1185344,Residential I (Under 6 Acres),477900,155200,322700,1.8,1,0.0,0,13.077156784566249,0
1185345,Residential I (Under 6 Acres),386100,107400,278700,0.68,1,0.0,0,12.863851682252328,0
1185347,Residential I (Under 6 Acres),260100,79500,180600,0.19,1,0.0,0,12.468821451436742,0
1185348,Residential I (Under 6 Acres),342500,96900,245600,0.25,1,0.0,0,12.744026936684417,0
1185349,Residential I (Under 6 Acres),417700,117200,300500,0.27,1,0.0,0,12.942518750485267,0
1185351,Residential I (Under 6 Acres),479400,136800,342600,0.43,1,0.0,0,13.080290600982421,0
1185353,Residential I (Under 6 Acres),390900,96700,294200,0.38,1,0.0,0,12.876207051781046,0
1185354,Residential I (Under 6 Acres),368300,92000,276300,0.12,1,0.0,0,12.816653102433156,0
1185355,Residential I (Under 6 Acres),307500,99900,207600,0.33,1,0.0,0,12.636230366228709,0
1185356,Residential I (Under 6 Acres),212300,76400,135900,0.22,1,0.0,0,12.265755647691348,0
1185357,Residential I (Under 6 Acres),417900,123500,294400,0.24,1,0.0,0,12.942997448436007,0
1185358,Residential I (Under 6 Acres),262700,80800,181900,0.06,1,0.0,0,12.478767975673632,0
1185364,Residential I (Under 6 Acres),314600,90800,223800,0.55,1,0.0,0,12.659057269606315,0
1185366,Residential I (Under 6 Acres),182900,65200,117700,0.08,1,0.0,0,12.116694834378958,0
1185368,Residential I (Under 6 Acres),420500,147500,273000,0.74,1,0.0,0,12.94919975839514,0
1185370,Residential I (Under 6 Acres),353700,97400,256300,0.4,1,0.0,0,12.776204375193572,0
1185372,Residential I (Under 6 Acres),170100,72200,97900,0.08,1,0.0,0,12.044141778383953,0
1185375,Residential I (Under 6 Acres),441500,122100,319400,0.21,1,1.0,1,12.997933299026151,1
1185382,Residential I (Under 6 Acres),276000,86100,189900,0.4,1,0.0,0,12.528156144699286,0
1185384,Residential I (Under 6 Acres),280700,94900,185800,0.68,1,0.0,0,12.545041762349975,0
1185385,Residential I (Under 6 Acres),402300,143400,258900,0.25,1,0.0,0,12.90495335793788,0
1185387,Residential I (Under 6 Acres),322100,92800,229300,0.14,1,0.0,0,12.682617335319291,0
1185391,Residential I (Under 6 Acres),258700,88300,170400,0.47,1,0.0,0,12.46342436817412,0
1185394,Residential I (Under 6 Acres),1093600,176700,916900,0.85,1,0.0,0,13.904985564391877,0
1185395,Residential I (Under 6 Acres),324400,93200,231200,0.78,1,0.0,0,12.689732601223396,0
1185397,Residential I (Under 6 Acres),331900,104800,227100,0.46,1,0.0,0,12.712588997708066,0
1185400,Residential I (Under 6 Acres),687700,157800,529900,0.51,1,0.0,0,13.441107975307927,0
1185403,Residential I (Under 6 Acres),359100,96100,263000,0.23,1,0.0,0,12.791356180214175,0
1185404,Residential I (Under 6 Acres),229900,91300,138600,0.23,1,0.0,0,12.345399710751273,0
1185410,Residential I (Under 6 Acres),319400,98000,221400,0.28,1,0.0,0,12.67419951476305,0
1185411,Residential I (Under 6 Acres),382700,98400,284300,0.29,1,1.0,1,12.855006671413793,1
1185413,Residential I (Under 6 Acres),415600,105800,309800,1.13,1,0.0,0,12.937478538207209,0
1185415,Residential I (Under 6 Acres),261600,82600,179000,0.29,1,0.0,0,12.47457189856518,0
1185417,Residential II (6 Acres or More),346700,173000,173700,7.6,1,0.0,0,12.756215131673114,0
1185419,Residential I (Under 6 Acres),492900,143700,349200,0.86,1,0.0,0,13.108061592693469,0
1185420,Residential I (Under 6 Acres),259600,80400,179200,0.22,1,0.0,0,12.466897263812072,0
1185421,Residential I (Under 6 Acres),620700,133100,487600,0.44,1,0.0,0,13.338603152401744,0
1185422,Residential I (Under 6 Acres),464700,115800,348900,0.08,1,1.0,1,13.04914731507307,1
1185423,Residential I (Under 6 Acres),349000,91200,257800,0.37,1,0.0,0,12.762827201184564,0
1185424,Residential I (Under 6 Acres),219900,47500,172400,0.1,1,0.0,0,12.300928176542852,0
1185425,Residential I (Under 6 Acres),417000,140600,276400,0.2,1,0.0,0,12.94084150078094,0
1185426,Residential I (Under 6 Acres),402200,121600,280600,0.91,1,0.0,0,12.904704756320688,0
1185427,Residential I (Under 6 Acres),407000,94900,312100,0.33,1,0.0,0,12.916568464424731,0
1185428,Residential I (Under 6 Acres),228100,106400,121700,0.13,1,0.0,0,12.337539408272479,0
1185429,Residential I (Under 6 Acres),330200,125500,204700,1.07,1,0.0,0,12.707453810468165,0
1185431,Residential I (Under 6 Acres),440800,129800,311000,0.55,1,0.0,0,12.996346536820841,0
1185432,Residential I (Under 6 Acres),291200,99500,191700,0.46,1,0.0,0,12.581765595304669,0
1185434,Residential I (Under 6 Acres),533500,151600,381900,0.9,1,0.0,0,13.187214349723945,0
1185435,Residential I (Under 6 Acres),273000,102900,170100,0.41,1,0.0,0,12.517227074167097,0
1185437,Residential I (Under 6 Acres),355400,80100,275300,0.21,1,0.0,0,12.780999194702687,0
1185440,Residential I (Under 6 Acres),260000,46500,213500,0.25,1,1.0,1,12.468436909997665,1
1185441,Residential I (Under 6 Acres),310700,99900,210800,0.33,1,0.0,0,12.64658309538114,0
1185442,Residential I (Under 6 Acres),251100,97300,153800,0.26,1,0.0,0,12.433606545145677,0
1185445,Residential I (Under 6 Acres),417900,90900,327000,0.09,1,1.0,1,12.942997448436007,1
1185446,Residential I (Under 6 Acres),328100,92700,235400,0.27,1,1.0,1,12.701073718949193,1
1185451,Residential I (Under 6 Acres),151500,41300,110200,0.08,1,1.0,1,11.928340903931561,1
1185454,Residential I (Under 6 Acres),362300,118600,243700,0.83,1,0.0,0,12.800227876883168,0
1185455,Residential I (Under 6 Acres),177500,60000,117500,0.05,1,1.0,1,12.086725887897607,1
1185456,Residential I (Under 6 Acres),300500,136200,164300,0.12,1,0.0,0,12.613203032957399,0
1185459,Residential I (Under 6 Acres),406800,125900,280900,0.29,1,0.0,0,12.916076943156542,0
1185461,Residential I (Under 6 Acres),288800,87700,201100,0.45,1,0.0,0,12.573489686000809,0
1185463,Residential I (Under 6 Acres),368500,96100,272400,0.23,1,0.0,0,12.817195990611529,0
1185464,Residential I (Under 6 Acres),542900,169600,373300,1.7,1,0.0,0,13.204680419893542,0
1185466,Residential I (Under 6 Acres),484800,128700,356100,1.06,1,0.0,0,13.091491713737241,0
1185468,Residential I (Under 6 Acres),325900,99900,226000,0.33,1,0.0,0,12.694345864825653,0
1185469,Residential I (Under 6 Acres),160800,59100,101700,0.43,1,0.0,0,11.987916635727004,0
1185470,Residential I (Under 6 Acres),274300,81700,192600,0.26,1,0.0,0,12.521977676925694,0
1185471,Residential I (Under 6 Acres),423300,121600,301700,0.2,1,0.0,0,12.955836426509014,0
1185475,Residential I (Under 6 Acres),344000,95400,248600,0.21,1,0.0,0,12.748396936355535,0
1185477,Residential I (Under 6 Acres),329300,124800,204500,4.04,1,0.0,0,12.704724468364455,0
1185479,Residential I (Under 6 Acres),358900,102800,256100,0.93,1,0.0,0,12.790799077135699,0
1185481,Residential I (Under 6 Acres),347200,77900,269300,0.14,1,0.0,0,12.757656261768332,0
1185482,Residential I (Under 6 Acres),599400,145600,453800,0.29,1,0.0,0,13.3036844338647,0
1185484,Residential I (Under 6 Acres),317200,76600,240600,0.37,1,0.0,0,12.66728776874283,0
1185485,Residential I (Under 6 Acres),219700,76900,142800,0.37,1,0.0,0,12.300018258372702,0
1185487,Residential I (Under 6 Acres),382900,126300,256600,1.2,1,0.0,0,12.855529137465386,0
1185489,Residential I (Under 6 Acres),338600,133600,205000,0.2,1,0.0,0,12.732574748681172,0
1185490,Residential I (Under 6 Acres),343700,124000,219700,0.25,1,0.0,0,12.747524462837925,0
1185491,Residential I (Under 6 Acres),248100,90600,157500,0.21,1,0.0,0,12.421587169679892,0
1185492,Residential I (Under 6 Acres),438200,112600,325600,0.67,1,0.0,0,12.990430706143503,0
1185499,Residential I (Under 6 Acres),304900,77300,227600,0.12,1,0.0,0,12.627739132976346,0
1185500,Residential I (Under 6 Acres),337500,83600,253900,0.32,1,0.0,0,12.729320789294722,0
1185502,Residential I (Under 6 Acres),291900,98000,193900,0.28,1,0.0,0,12.584166556842206,0
1185503,Residential I (Under 6 Acres),248800,81100,167700,0.24,1,0.0,0,12.424404639847161,0
1185504,Residential I (Under 6 Acres),322100,91300,230800,0.23,1,0.0,0,12.682617335319291,0
1185505,Residential I (Under 6 Acres),276700,102900,173800,0.41,1,0.0,0,12.530689165775017,0
1185507,Residential I (Under 6 Acres),304000,83900,220100,0.33,1,0.0,0,12.624782980388359,0
1185508,Residential I (Under 6 Acres),286100,77600,208500,0.13,1,0.0,0,12.564096679038201,0
1185509,Residential I (Under 6 Acres),494700,156100,338600,1.94,1,0.0,0,13.1117067972158,0
1185512,Residential I (Under 6 Acres),342400,151500,190900,0.36,1,0.0,0,12.743734923249724,0
1185513,Residential I (Under 6 Acres),341600,114500,227100,0.72,1,0.0,0,12.741395740896552,0
1185514,Residential I (Under 6 Acres),235400,74900,160500,0.17,1,0.0,0,12.369041473808313,0
1185515,Residential I (Under 6 Acres),440700,89600,351100,0.51,1,0.0,0,12.996119650830078,0
1185516,Residential I (Under 6 Acres),374700,79800,294900,0.2,1,0.0,1,12.833880984781779,0
1185518,Residential I (Under 6 Acres),600400,148400,452000,0.34,1,0.0,0,13.305351378741443,0
1185521,Residential I (Under 6 Acres),428800,150000,278800,1.0,1,0.0,0,12.968745888738729,0
1185523,Residential I (Under 6 Acres),273000,78200,194800,0.15,1,0.0,0,12.517227074167097,0
1185524,Residential I (Under 6 Acres),341900,109500,232400,0.37,1,0.0,0,12.742273575627392,0
1185530,Residential I (Under 6 Acres),384400,98000,286400,0.28,1,0.0,0,12.859438956078275,0
1185531,Residential I (Under 6 Acres),726600,97500,629100,1.38,1,0.0,1,13.496131398769238,0
1185532,Residential I (Under 6 Acres),161000,72200,88800,0.08,1,1.0,1,11.9891596439666,1
1185533,Residential I (Under 6 Acres),402600,119200,283400,0.61,1,0.0,0,12.905698792187827,0
1185534,Residential I (Under 6 Acres),393200,107000,286200,0.52,1,0.0,0,12.882073667255149,0
1185537,Residential I (Under 6 Acres),227100,88800,138300,0.16,1,0.0,0,12.33314572809365,0
1185544,Residential I (Under 6 Acres),240300,82300,158000,0.28,1,0.0,1,12.38964342172456,0
1185546,Residential I (Under 6 Acres),201300,101000,100300,0.36,1,0.0,0,12.212551611627882,0
1185548,Residential I (Under 6 Acres),364200,102100,262100,0.39,1,0.0,0,12.805458446275644,0
1185555,Residential I (Under 6 Acres),340100,96500,243600,0.24,1,0.0,0,12.736994970995287,0
1185557,Residential I (Under 6 Acres),442800,91600,351200,0.11,1,1.0,1,13.000873479816619,1
1185558,Residential I (Under 6 Acres),508100,91000,417100,0.22,1,0.0,0,13.138433557581823,0
1185559,Residential I (Under 6 Acres),274500,100600,173900,0.86,1,0.0,0,12.522706539931722,0
1185560,Residential I (Under 6 Acres),272700,81700,191000,0.26,1,0.0,0,12.51612756883368,0
1185563,Residential I (Under 6 Acres),231500,81200,150300,0.38,1,0.0,0,12.352335152508426,0
1185564,Residential II (6 Acres or More),321800,136300,185500,7.2,1,1.0,1,12.68168551354042,1
1185565,Residential I (Under 6 Acres),249300,79800,169500,0.2,1,0.0,0,12.42641226951165,0
1185566,Residential I (Under 6 Acres),319200,97300,221900,0.26,1,0.0,0,12.67357314455779,0
1185567,Residential I (Under 6 Acres),395800,143400,252400,0.25,1,0.0,0,12.888664312150603,0
1185568,Residential I (Under 6 Acres),332400,80100,252300,0.21,1,0.0,0,12.71409434196343,0
1185571,Residential I (Under 6 Acres),280700,96900,183800,0.25,1,0.0,0,12.545041762349975,0
1185573,Residential I (Under 6 Acres),584600,137000,447600,0.71,1,0.0,0,13.278683131659283,0
1185576,Residential I (Under 6 Acres),340300,93900,246400,0.17,1,0.0,0,12.737582860488997,0
1185577,Residential I (Under 6 Acres),121300,42000,79300,0.12,1,0.0,0,11.706022094932141,0
1185579,Residential I (Under 6 Acres),332500,97300,235200,0.26,1,0.0,0,12.714395139078047,0
1185580,Residential I (Under 6 Acres),423900,68500,355400,0.07,1,0.0,0,12.957252857340729,0
1185582,Residential I (Under 6 Acres),412000,93900,318100,0.17,1,1.0,1,12.928778628331663,1
1185583,Residential I (Under 6 Acres),659000,177400,481600,0.82,1,0.0,0,13.398478813484644,0
1185585,Residential I (Under 6 Acres),433700,104800,328900,0.46,1,0.0,0,12.980108329823457,0
1185586,Residential I (Under 6 Acres),238600,86300,152300,0.09,1,0.0,0,12.382543788645952,0
1185588,Residential I (Under 6 Acres),350000,119700,230300,0.16,1,0.0,0,12.765688433465597,0
1185589,Residential I (Under 6 Acres),325500,92800,232700,0.14,1,0.0,0,12.693117740630761,0
1185590,Residential I (Under 6 Acres),383100,105100,278000,0.47,1,0.0,0,12.856051330688741,0
1185591,Residential II (6 Acres or More),813200,189700,623500,12.5,1,0.0,0,13.608732360736328,0
1185595,Residential I (Under 6 Acres),275400,95400,180000,0.21,1,1.0,1,12.52597986527669,1
1185599,Residential I (Under 6 Acres),620100,165300,454800,5.33,1,0.0,0,13.337636034337969,0
1185602,Residential I (Under 6 Acres),448100,102100,346000,0.39,1,0.0,0,13.012771700774234,0
1185603,Residential I (Under 6 Acres),493100,132200,360900,0.42,1,0.0,0,13.108467272212218,0
1185604,Residential I (Under 6 Acres),705700,151900,553800,1.29,1,0.0,0,13.466945496988922,0
1185605,Residential I (Under 6 Acres),240800,96500,144300,0.24,1,0.0,0,12.391721992416803,0
1185609,Residential I (Under 6 Acres),430200,123000,307200,0.4,1,0.0,0,12.972005495815766,0
1185610,Residential I (Under 6 Acres),392200,135000,257200,0.48,1,0.0,0,12.879527192744384,0
1185611,Residential I (Under 6 Acres),265800,94300,171500,0.18,1,0.0,0,12.490499425261282,0
1185612,Residential I (Under 6 Acres),426500,110300,316200,0.39,1,0.0,0,12.963367645913872,0
1185613,Residential I (Under 6 Acres),367200,95600,271600,0.35,1,0.0,0,12.813661937728472,0
1185614,Residential I (Under 6 Acres),461600,96900,364700,0.25,1,1.0,1,13.042453994176027,1
1185616,Residential I (Under 6 Acres),470400,123000,347400,0.23,1,1.0,1,13.061338675566555,1
1185617,Residential I (Under 6 Acres),308900,95200,213700,0.34,1,0.0,0,12.640772878906674,0
1185618,Residential I (Under 6 Acres),358100,91100,267000,0.71,1,0.0,0,12.788567555986525,0
1185619,Residential I (Under 6 Acres),399900,121100,278800,1.7,1,0.0,0,12.89896979483491,0
1185620,Residential I (Under 6 Acres),130700,96000,34700,0.36,1,0.0,0,11.780659899612314,0
1185623,Residential I (Under 6 Acres),305300,95800,209500,0.22,1,0.0,0,12.62905017872297,0
1185625,Residential I (Under 6 Acres),518600,216100,302500,5.65,1,0.0,0,13.158888152086702,0
1185628,Residential I (Under 6 Acres),314700,51900,262800,0.33,1,0.0,0,12.659375083052499,0
1185629,Residential I (Under 6 Acres),281200,80100,201100,0.21,1,0.0,0,12.546821438918647,0
1185630,Residential I (Under 6 Acres),332300,119800,212500,0.52,1,0.0,0,12.713793454342685,0
1185632,Residential I (Under 6 Acres),268700,117900,150800,0.81,1,0.0,0,12.501350794603583,0
1185633,Residential I (Under 6 Acres),268300,80100,188200,0.21,1,0.0,0,12.499861036413716,0
1185637,Residential I (Under 6 Acres),442000,140000,302000,0.19,1,0.0,0,12.999065161059836,0
1185638,Residential I (Under 6 Acres),301900,86400,215500,0.41,1,0.0,0,12.617851115694931,0
1185640,Residential I (Under 6 Acres),286400,109900,176500,0.38,1,0.0,0,12.565144714068628,0
1185644,Residential I (Under 6 Acres),240300,80700,159600,0.23,1,0.0,0,12.38964342172456,0
1185645,Residential I (Under 6 Acres),263100,95800,167300,0.22,1,0.0,0,12.480289467028385,0
1185649,Residential I (Under 6 Acres),348100,130600,217500,0.69,1,0.0,0,12.76024507379953,0
1185651,Residential I (Under 6 Acres),407000,120100,286900,0.3,1,0.0,0,12.916568464424731,0
1185652,Residential I (Under 6 Acres),442800,119400,323400,0.85,1,0.0,0,13.000873479816619,0
1185653,Residential I (Under 6 Acres),342400,121100,221300,0.19,1,0.0,0,12.743734923249724,0
1185655,Residential II (6 Acres or More),609600,149100,460500,5.0,1,0.0,0,13.320558283354574,0
1185657,Residential I (Under 6 Acres),385000,99500,285500,0.32,1,0.0,0,12.86099861326992,0
1185658,Residential I (Under 6 Acres),228700,84200,144500,0.34,1,0.0,0,12.340166380010873,0
1185661,Residential I (Under 6 Acres),346800,76700,270100,0.23,1,0.0,0,12.756503523888524,0
1185665,Residential II (6 Acres or More),408400,147400,261000,9.84,1,0.0,0,12.920002365272648,0
1185666,Residential I (Under 6 Acres),308700,102100,206600,0.76,1,0.0,0,12.64012521049025,0
1185667,Residential I (Under 6 Acres),279000,80400,198600,0.22,1,0.0,0,12.538967060803502,0
1185668,Residential II (6 Acres or More),590700,162600,428100,7.08,1,0.0,0,13.289063553295327,0
1185670,Residential I (Under 6 Acres),438900,145400,293500,2.6,1,0.0,0,12.992026875676325,0
1185673,Residential I (Under 6 Acres),576900,139900,437000,0.32,1,0.0,0,13.26542422024498,0
1185674,Residential I (Under 6 Acres),528500,109400,419100,1.68,1,0.0,0,13.17779808429243,0
1185675,Residential I (Under 6 Acres),349000,123400,225600,1.7,1,0.0,0,12.762827201184564,0
1185676,Residential I (Under 6 Acres),371100,120900,250200,0.89,1,0.0,0,12.824226847048688,0
1185679,Residential I (Under 6 Acres),443300,115200,328100,0.9,1,0.0,0,13.002002020733144,0
1185680,Residential I (Under 6 Acres),388800,81200,307600,0.2,1,0.0,0,12.87082035156842,0
1185681,Residential I (Under 6 Acres),479600,103300,376300,0.42,1,0.0,0,13.080707702135497,0
1185683,Residential I (Under 6 Acres),261600,104000,157600,0.44,1,0.0,0,12.47457189856518,0
1185685,Residential I (Under 6 Acres),301900,91000,210900,0.22,1,1.0,1,12.617851115694931,1
1185686,Residential I (Under 6 Acres),324400,130700,193700,0.39,1,0.0,0,12.689732601223396,0
1185688,Residential I (Under 6 Acres),411100,142100,269000,2.13,1,0.0,0,12.92659177288597,0
1185691,Residential I (Under 6 Acres),280200,86100,194100,0.4,1,0.0,0,12.543258912885044,0
1185692,Residential I (Under 6 Acres),282100,104400,177700,1.7,1,0.0,0,12.550016896990087,0
1185693,Residential I (Under 6 Acres),300500,76400,224100,0.22,1,0.0,0,12.613203032957399,0
1185694,Residential I (Under 6 Acres),325500,118000,207500,0.58,1,0.0,0,12.693117740630761,0
1185697,Residential I (Under 6 Acres),296700,119200,177500,0.15,1,0.0,0,12.600476806278913,0
1185698,Residential I (Under 6 Acres),281000,95900,185100,0.87,1,0.0,0,12.546109948315882,0
1185700,Residential I (Under 6 Acres),327700,96300,231400,0.37,1,0.0,0,12.699853834686905,0
1185701,Residential I (Under 6 Acres),397800,117800,280000,0.12,1,1.0,1,12.893704645402009,1
1185703,Residential I (Under 6 Acres),619900,118200,501700,0.13,1,0.0,1,13.33731345369001,0
1185706,Residential I (Under 6 Acres),273000,80100,192900,0.21,1,0.0,0,12.517227074167097,0
1185707,Residential I (Under 6 Acres),388400,116800,271600,0.1,1,1.0,1,12.869791015399306,1
1185708,Residential I (Under 6 Acres),430700,96100,334600,0.23,1,0.0,0,12.973167071042202,0
1185710,Residential I (Under 6 Acres),202100,96000,106100,0.05,1,0.0,0,12.216517903391713,0
1185712,Residential I (Under 6 Acres),479200,89800,389400,0.06,1,0.0,0,13.079873325783376,0
1185715,Residential I (Under 6 Acres),487800,124000,363800,0.25,1,0.0,0,13.097660764763956,0
1185716,Residential I (Under 6 Acres),487800,126600,361200,0.33,1,0.0,0,13.097660764763956,0
1185717,Residential I (Under 6 Acres),334500,105100,229400,1.02,1,0.0,0,12.72039215855042,0
1185735,Residential I (Under 6 Acres),412100,72700,339400,0.09,1,0.0,0,12.929021317326908,0
1185737,Residential I (Under 6 Acres),1013500,136000,877500,0.5,1,0.0,0,13.828920244874192,0
1185738,Residential I (Under 6 Acres),302100,95400,206700,0.21,1,0.0,0,12.618513367374764,0
1185740,Residential I (Under 6 Acres),234000,79500,154500,0.19,1,0.0,0,12.363076394339839,0
1185741,Residential I (Under 6 Acres),352200,104000,248200,0.44,1,0.0,0,12.771954475044243,0
1185743,Residential I (Under 6 Acres),343500,100000,243500,1.03,1,0.0,0,12.746942390644541,0
1185744,Residential I (Under 6 Acres),284600,79500,205100,0.19,1,0.0,0,12.558839964637889,0
1185745,Residential I (Under 6 Acres),429600,140300,289300,0.59,1,0.0,0,12.970609822176792,0
1185748,Residential I (Under 6 Acres),227000,82300,144700,0.28,1,0.0,0,12.332705296463539,0
1185750,Residential I (Under 6 Acres),206400,49800,156600,0.22,1,0.0,0,12.237571312589544,0
1185751,Residential I (Under 6 Acres),417100,131100,286000,0.58,1,0.0,0,12.941081280185037,0
1185753,Residential I (Under 6 Acres),488500,123500,365000,0.41,1,0.0,0,13.099094750464975,0
1185754,Residential I (Under 6 Acres),433900,121700,312200,1.45,1,0.0,0,12.980569371786443,0
1185755,Residential I (Under 6 Acres),332200,110600,221600,0.3,1,0.0,0,12.713492476161331,0
1185758,Residential I (Under 6 Acres),148000,41400,106600,0.09,1,0.0,0,11.904967552746252,0
1185761,Residential II (6 Acres or More),543300,143600,399700,1.55,1,0.0,0,13.205416932539615,0
1185762,Residential I (Under 6 Acres),322100,88900,233200,0.49,1,0.0,0,12.682617335319291,0
1185763,Residential I (Under 6 Acres),211500,93100,118400,0.28,1,0.0,0,12.261980277468469,0
1185766,Residential I (Under 6 Acres),429900,101000,328900,0.36,1,0.0,0,12.971307902484373,0
1185767,Residential I (Under 6 Acres),410300,133600,276700,0.2,1,0.0,0,12.924643878430278,0
1185770,Residential I (Under 6 Acres),248300,81400,166900,0.25,1,0.0,0,12.422392971496258,0
1185772,Residential I (Under 6 Acres),424900,128600,296300,0.41,1,0.0,0,12.959609126102903,0
1185773,Residential I (Under 6 Acres),356200,94900,261300,0.33,1,0.0,0,12.783247649837698,0
1185774,Residential I (Under 6 Acres),466200,93900,372300,0.17,1,0.0,0,13.052370005583795,0
1185775,Residential I (Under 6 Acres),254900,91300,163600,0.1,1,0.0,0,12.448626590364206,0
1185776,Residential I (Under 6 Acres),487100,103600,383500,0.43,1,0.0,0,13.096224719794634,0
1185777,Residential I (Under 6 Acres),395600,94500,301100,0.32,1,0.0,0,12.888158878730694,0
1185779,Residential I (Under 6 Acres),435200,131200,304000,0.4,1,0.0,1,12.98356097452387,0
1185780,Residential I (Under 6 Acres),584600,166400,418200,0.44,1,0.0,0,13.278683131659283,0
1185782,Residential I (Under 6 Acres),347500,101000,246500,0.36,1,0.0,0,12.758519943986984,0
1185783,Residential I (Under 6 Acres),231300,76400,154900,0.22,1,0.0,0,12.351470848219531,0
1185785,Residential I (Under 6 Acres),308700,141600,167100,0.15,1,0.0,0,12.64012521049025,0
1185786,Residential I (Under 6 Acres),239400,79200,160200,0.18,1,0.0,0,12.38589107210601,0
1185787,Residential I (Under 6 Acres),178900,56100,122800,0.21,1,0.0,0,12.09458226949681,0
1185791,Residential I (Under 6 Acres),582900,153800,429100,0.23,1,0.0,0,13.27577092403364,0
1185792,Residential I (Under 6 Acres),587600,109700,477900,1.72,1,0.0,0,13.28380172328186,0
1185796,Residential I (Under 6 Acres),458000,116900,341100,0.4,1,0.0,0,13.034624463096321,0
1185798,Residential I (Under 6 Acres),443500,132800,310700,2.2,1,0.0,0,13.00245308073177,0
1185801,Residential I (Under 6 Acres),367600,93100,274500,0.15,1,0.0,0,12.814750669463669,0
1185802,Residential I (Under 6 Acres),472600,111100,361500,1.94,1,0.0,0,13.066004643734944,0
1185804,Residential I (Under 6 Acres),356600,115300,241300,0.74,1,0.0,0,12.784369984411176,0
1185807,Residential I (Under 6 Acres),306900,94200,212700,0.52,1,0.0,0,12.634277240607828,0
1185809,Residential I (Under 6 Acres),460200,102100,358100,0.39,1,0.0,0,13.039416456583403,0
1185810,Residential I (Under 6 Acres),796300,164000,632300,0.4,1,0.0,0,13.587731278245537,0
1185811,Residential I (Under 6 Acres),289300,81100,208200,0.24,1,0.0,0,12.575219490964226,0
1185812,Residential I (Under 6 Acres),221100,53300,167800,0.4,1,0.0,0,12.306370366845538,0
1185813,Residential I (Under 6 Acres),457800,116400,341400,0.44,1,0.0,0,13.034187686500603,0
1185814,Residential I (Under 6 Acres),240700,96000,144700,0.05,1,0.0,0,12.391306623771163,0
1185816,Residential I (Under 6 Acres),509300,117800,391500,0.12,1,0.0,0,13.140792512872697,0
1185817,Residential I (Under 6 Acres),360500,124900,235600,0.64,1,0.0,0,12.79524723570714,0
1185818,Residential I (Under 6 Acres),317500,93900,223600,0.17,1,1.0,1,12.668233097314884,1
1185819,Residential I (Under 6 Acres),279000,90500,188500,0.86,1,0.0,0,12.538967060803502,0
1185821,Residential I (Under 6 Acres),338900,98800,240100,0.3,1,0.0,0,12.733460357595142,0
1185824,Residential I (Under 6 Acres),330700,115300,215400,0.74,1,0.0,0,12.708966898969884,0
1185825,Residential I (Under 6 Acres),346300,102500,243800,0.4,1,0.0,0,12.755060730390513,0
1185827,Residential I (Under 6 Acres),247000,93900,153100,0.17,1,0.0,0,12.417143615610113,0
1185828,Residential I (Under 6 Acres),375800,102500,273300,0.4,1,0.0,0,12.836812365961501,0
1185829,Residential I (Under 6 Acres),563000,136800,426200,0.43,1,0.0,0,13.241034907121827,0
1185830,Residential I (Under 6 Acres),339800,67100,272700,0.65,1,0.0,0,12.736112488219968,0
1185832,Residential I (Under 6 Acres),322800,122100,200700,0.21,1,0.0,0,12.684788215377932,0
1185834,Residential I (Under 6 Acres),338200,119200,219000,0.15,1,0.0,0,12.731392715446617,0
1185835,Residential I (Under 6 Acres),391000,95900,295100,0.71,1,0.0,0,12.876462838967504,0
1185837,Residential I (Under 6 Acres),282700,96500,186200,0.73,1,0.0,1,12.552141543681682,0
1185844,Residential I (Under 6 Acres),284000,82300,201700,0.28,1,0.0,0,12.556729517143344,0
1185845,Residential I (Under 6 Acres),521800,140000,381800,0.19,1,0.0,0,13.165039651684765,0
1185847,Residential I (Under 6 Acres),557500,134600,422900,0.47,1,0.0,0,13.231217782316412,0
1185848,Residential I (Under 6 Acres),409100,103300,305800,0.42,1,0.0,0,12.92171490391749,0
1185853,Residential I (Under 6 Acres),476200,115300,360900,0.74,1,0.0,0,13.073593213034899,0
1185856,Residential I (Under 6 Acres),230700,98700,132000,0.8,1,0.0,0,12.348873444161844,0
1185857,Residential I (Under 6 Acres),541600,134300,407300,0.65,1,0.0,0,13.202283000580202,0
1185858,Residential I (Under 6 Acres),385200,105500,279700,0.48,1,0.0,0,12.861517958906107,0
1185859,Residential I (Under 6 Acres),286200,102500,183700,0.4,1,0.0,0,12.564446146104487,0
1185860,Residential I (Under 6 Acres),335500,139000,196500,0.24,1,0.0,0,12.723377235393874,0
1185861,Residential I (Under 6 Acres),284900,94500,190400,0.32,1,0.0,0,12.559893520486,0
1185864,Residential I (Under 6 Acres),317900,98100,219800,0.78,1,0.0,0,12.669492146898895,0
1185867,Residential I (Under 6 Acres),447100,116800,330300,0.1,1,0.0,0,13.010537562222073,0
1185868,Residential I (Under 6 Acres),284800,88800,196000,0.16,1,0.0,0,12.559542458519958,0
1185869,Residential I (Under 6 Acres),219800,90100,129700,0.07,1,0.0,0,12.300473320951658,0
1185871,Residential I (Under 6 Acres),219900,46300,173600,0.24,1,1.0,1,12.300928176542852,1
1185872,Residential I (Under 6 Acres),453900,145300,308600,1.47,1,0.0,0,13.025632188444558,0
1185873,Residential I (Under 6 Acres),440800,88800,352000,0.16,1,1.0,1,12.996346536820841,1
1185875,Residential I (Under 6 Acres),474800,91300,383500,0.1,1,1.0,1,13.07064894171765,1
1185876,Residential I (Under 6 Acres),198700,75800,122900,0.34,1,0.0,0,12.199551428539909,0
1185879,Residential I (Under 6 Acres),233300,91300,142000,0.1,1,0.0,0,12.360080458009522,0
1185881,Residential I (Under 6 Acres),308100,84500,223600,0.17,1,0.0,0,12.63817968458476,0
1185882,Residential I (Under 6 Acres),404100,111500,292600,0.42,1,0.0,0,12.909417651066565,0
1185884,Residential I (Under 6 Acres),442900,90800,352100,0.55,1,0.0,0,13.00109928991129,0
1185885,Residential I (Under 6 Acres),239000,91000,148000,0.22,1,0.0,1,12.384218830913648,0
1185887,Residential I (Under 6 Acres),426400,52500,373900,0.36,1,0.0,0,12.963133151833771,0
1185889,Residential I (Under 6 Acres),181800,80600,101200,0.36,1,0.0,0,12.110662460725516,0
1185890,Residential I (Under 6 Acres),249900,100600,149300,0.35,1,0.0,0,12.428816116823043,0
1185892,Residential I (Under 6 Acres),486300,155500,330800,1.85,1,0.0,0,13.094580996391878,0
1185893,Residential I (Under 6 Acres),335000,92000,243000,0.74,1,0.0,0,12.721885810807203,0
1185894,Residential I (Under 6 Acres),351300,111100,240200,0.41,1,0.0,0,12.769395838253919,0
1185895,Residential I (Under 6 Acres),362800,101400,261400,0.37,1,0.0,0,12.801606997223118,0
1185896,Residential I (Under 6 Acres),396200,90300,305900,0.2,1,0.0,0,12.889674413246588,0
1185900,Residential I (Under 6 Acres),327200,164200,163000,0.78,1,0.0,0,12.69832688371073,0
1185903,Residential I (Under 6 Acres),235000,85100,149900,0.51,1,0.0,0,12.367340793126296,0
1185906,Residential I (Under 6 Acres),265700,98800,166900,0.3,1,0.0,0,12.490123131747906,0
1185907,Residential I (Under 6 Acres),430300,128300,302000,0.48,1,0.0,0,12.972237918826691,0
1185908,Residential I (Under 6 Acres),355300,109300,246000,0.58,1,0.0,0,12.780717782009118,0
1185913,Residential I (Under 6 Acres),360500,100600,259900,0.35,1,0.0,0,12.79524723570714,0
1185915,Residential I (Under 6 Acres),343800,97600,246200,0.27,1,0.0,0,12.747815371930885,0
1185917,Residential I (Under 6 Acres),234100,81700,152400,0.26,1,0.0,0,12.363503653479002,0
1185918,Residential I (Under 6 Acres),374400,101800,272600,0.38,1,0.0,0,12.833080023585573,0
1185923,Residential I (Under 6 Acres),277400,82300,195100,0.28,1,0.0,0,12.533215786862868,0
1185925,Residential I (Under 6 Acres),270300,98000,172300,0.28,1,0.0,0,12.507287732264539,0
1185926,Residential I (Under 6 Acres),413600,128300,285300,0.48,1,0.0,0,12.932654602176356,0
1185927,Residential I (Under 6 Acres),314700,88500,226200,0.15,1,0.0,0,12.659375083052499,0
1185931,Residential I (Under 6 Acres),402500,48200,354300,0.14,1,0.0,0,12.905450375840756,0
1185933,Residential I (Under 6 Acres),319500,93900,225600,0.17,1,0.0,0,12.674512552799726,0
1185934,Residential I (Under 6 Acres),201000,50000,151000,0.51,1,0.0,0,12.211060187041213,0
1185935,Residential I (Under 6 Acres),353300,98400,254900,0.29,1,0.0,0,12.775072833347236,0
1185937,Residential I (Under 6 Acres),375800,105800,270000,1.13,1,0.0,0,12.836812365961501,0
1185943,Residential I (Under 6 Acres),176100,48800,127300,0.17,1,0.0,0,12.078807294484298,0
1185946,Residential I (Under 6 Acres),316300,121600,194700,0.91,1,0.0,0,12.66444640929374,0
1185947,Residential I (Under 6 Acres),289300,80100,209200,0.21,1,0.0,0,12.575219490964226,0
1185950,Residential I (Under 6 Acres),290400,95400,195000,0.21,1,0.0,0,12.579014561932778,0
1185951,Residential I (Under 6 Acres),304100,85800,218300,0.39,1,0.0,0,12.625111873665457,0
1185952,Residential I (Under 6 Acres),330000,91300,238700,0.1,1,1.0,1,12.706847933442663,1
1185953,Residential I (Under 6 Acres),353400,107900,245500,0.33,1,0.0,0,12.775355838867734,0
1185954,Residential I (Under 6 Acres),198400,80400,118000,0.22,1,0.0,0,12.19804047383291,0
1185955,Residential II (6 Acres or More),591100,180700,410400,13.37,1,0.0,0,13.28974048681246,0
1185957,Residential I (Under 6 Acres),313500,88900,224600,0.36,1,0.0,0,12.655554639055113,0
1185961,Residential I (Under 6 Acres),224000,45800,178200,0.14,1,0.0,0,12.319401330837177,0
1185962,Residential I (Under 6 Acres),222600,92800,129800,0.14,1,0.0,0,12.313131717823582,0
1185963,Residential I (Under 6 Acres),220300,81100,139200,0.24,1,0.0,0,12.302745532790434,0
1185966,Residential I (Under 6 Acres),363500,122400,241100,1.7,1,0.0,0,12.80353457595571,0
1185967,Residential I (Under 6 Acres),286500,88600,197900,0.48,1,0.0,0,12.56549381513693,0
1185969,Residential I (Under 6 Acres),223200,78200,145000,0.15,1,0.0,0,12.315823509489293,0
1185970,Residential I (Under 6 Acres),383500,157300,226200,0.65,1,0.0,0,12.857094899789448,0
1185973,Residential I (Under 6 Acres),442700,52100,390600,0.34,1,0.0,0,13.000647618720233,0
1185979,Residential I (Under 6 Acres),401900,72700,329200,0.23,1,0.0,0,12.903958580437292,0
1185980,Residential I (Under 6 Acres),278600,76300,202300,0.09,1,0.0,0,12.537532340327843,0
1185981,Residential I (Under 6 Acres),474300,170100,304200,0.65,1,0.0,0,13.069595311865672,0
1185982,Residential I (Under 6 Acres),316500,136400,180100,0.13,1,0.0,0,12.665078520566368,0
1185983,Residential I (Under 6 Acres),162700,42000,120700,0.12,1,1.0,1,11.99966329320713,1
1185984,Residential I (Under 6 Acres),260600,90100,170500,0.07,1,0.0,0,12.470741943672882,0
1185988,Residential I (Under 6 Acres),305300,118200,187100,0.13,1,1.0,1,12.62905017872297,1
1185990,Residential I (Under 6 Acres),281000,104400,176600,0.45,1,0.0,0,12.546109948315882,0
1185991,Residential I (Under 6 Acres),351300,88500,262800,0.15,1,0.0,0,12.769395838253919,0
1185992,Residential I (Under 6 Acres),458500,135800,322700,0.41,1,0.0,0,13.035715570678656,0
1185996,Residential I (Under 6 Acres),314200,136200,178000,0.25,1,0.0,0,12.657785004803658,0
1185999,Residential I (Under 6 Acres),327500,92000,235500,0.74,1,0.0,0,12.699243334057444,0
1186000,Residential I (Under 6 Acres),265900,101800,164100,0.38,1,0.0,0,12.490875577231112,0
1186001,Residential I (Under 6 Acres),344700,116400,228300,0.54,1,0.0,0,12.750429752504957,0
1186002,Residential I (Under 6 Acres),368800,105500,263300,0.48,1,0.0,0,12.818009770664576,0
1186004,Residential I (Under 6 Acres),364200,123000,241200,0.23,1,0.0,0,12.805458446275644,0
1186005,Residential I (Under 6 Acres),719900,158300,561600,2.28,1,0.0,0,13.486867592457394,0
1186006,Residential I (Under 6 Acres),438800,126600,312200,0.48,1,0.0,0,12.991799007383213,0
1186007,Residential I (Under 6 Acres),466400,119600,346800,0.29,1,0.0,0,13.05279891401842,0
1186008,Residential I (Under 6 Acres),382700,115200,267500,0.51,1,0.0,0,12.855006671413793,0
1186011,Residential I (Under 6 Acres),291200,88800,202400,0.5,1,0.0,0,12.581765595304669,0
1186013,Residential I (Under 6 Acres),253500,80700,172800,0.23,1,0.0,0,12.443119102013375,0
1186014,Residential I (Under 6 Acres),378900,94500,284400,0.32,1,0.0,0,12.845027597006693,0
1186017,Residential I (Under 6 Acres),183600,73700,109900,0.13,1,0.0,0,12.120514757168527,0
1186021,Residential I (Under 6 Acres),288200,82300,205900,0.28,1,0.0,0,12.571409962547559,0
1186024,Residential I (Under 6 Acres),500000,154900,345100,1.75,1,0.0,0,13.122363377404328,0
1186025,Residential I (Under 6 Acres),204100,75000,129100,0.05,1,0.0,0,12.226365348797936,0
1186026,Residential I (Under 6 Acres),315400,76600,238800,0.22,1,0.0,0,12.661596953511076,0
1186027,Residential I (Under 6 Acres),323900,94200,229700,0.31,1,0.0,0,12.688190105159421,0
1186028,Residential I (Under 6 Acres),287900,85500,202400,0.38,1,0.0,0,12.570368476600267,0
1186030,Residential I (Under 6 Acres),360100,111500,248600,0.46,1,0.0,0,12.794137049636966,0
1186031,Residential I (Under 6 Acres),348600,103600,245000,0.43,1,0.0,0,12.761680412068058,0
1186033,Residential I (Under 6 Acres),510900,153600,357300,0.7,1,0.0,0,13.14392915531889,0
1186035,Residential I (Under 6 Acres),423900,130900,293000,0.15,1,0.0,0,12.957252857340729,0
1186036,Residential II (6 Acres or More),701500,191400,510100,9.5,1,0.0,0,13.460976178524653,0
1186038,Residential I (Under 6 Acres),246500,83600,162900,0.32,1,0.0,0,12.415117272464881,0
1186039,Residential I (Under 6 Acres),298900,96100,202800,0.58,1,0.0,0,12.60786434827203,0
1186041,Residential I (Under 6 Acres),612800,122800,490000,0.59,1,0.0,0,13.325793897408518,0
1186042,Residential I (Under 6 Acres),314000,80700,233300,0.23,1,0.0,0,12.65714826489039,0
1186045,Residential I (Under 6 Acres),321300,128800,192500,0.11,1,0.0,0,12.68013054510395,0
1186049,Residential I (Under 6 Acres),434700,114800,319900,0.5,1,0.0,0,12.982411416976884,0
1186050,Residential I (Under 6 Acres),273800,90900,182900,0.09,1,0.0,0,12.520153191836485,0
1186051,Residential I (Under 6 Acres),276200,90900,185300,0.09,1,0.0,0,12.52888051995733,0
1186052,Residential I (Under 6 Acres),271800,50400,221400,0.25,1,0.0,0,12.51282178069918,0
1186053,Residential I (Under 6 Acres),167000,90500,76500,0.08,1,0.0,0,12.025749091398891,0
1186054,Residential I (Under 6 Acres),356800,95800,261000,0.22,1,0.0,0,12.784930679687992,0
1186055,Residential I (Under 6 Acres),374800,98400,276400,0.29,1,0.0,0,12.834147829346405,0
1186056,Residential I (Under 6 Acres),225900,91600,134300,0.11,1,0.0,0,12.327847702456095,0
1186059,Residential I (Under 6 Acres),301500,81500,220000,0.08,1,0.0,0,12.616525295149378,0
1186060,Residential I (Under 6 Acres),535500,174600,360900,2.48,1,0.0,0,13.19095616886994,0
1186061,Residential I (Under 6 Acres),355800,100300,255500,0.34,1,0.0,0,12.782124054213872,0
1186075,Residential I (Under 6 Acres),459000,118700,340300,0.14,1,1.0,1,13.036805489042683,1
1186076,Residential I (Under 6 Acres),396300,121100,275200,0.55,1,0.0,0,12.889926779178527,0
1186078,Residential I (Under 6 Acres),410300,96700,313600,0.38,1,0.0,0,12.924643878430278,0
1186079,Residential I (Under 6 Acres),389200,120200,269000,0.17,1,0.0,0,12.871848629293988,0
1186080,Residential I (Under 6 Acres),325200,99500,225700,0.32,1,0.0,0,12.692195656655793,0
1186081,Residential I (Under 6 Acres),225500,80100,145400,0.21,1,0.0,0,12.326075437924871,0
1186088,Residential I (Under 6 Acres),327900,112300,215600,0.13,1,0.0,0,12.700463962832739,0
1186089,Residential I (Under 6 Acres),456000,142200,313800,1.34,1,0.0,0,13.030248088496522,0
1186090,Residential I (Under 6 Acres),190000,94500,95500,0.32,1,0.0,0,12.154779351142624,0
1186091,Residential I (Under 6 Acres),331700,90900,240800,0.09,1,0.0,0,12.711986224935144,0
1186092,Residential I (Under 6 Acres),489600,106500,383100,2.03,1,0.0,0,13.101344010180254,0
1186093,Residential I (Under 6 Acres),444000,136900,307100,0.93,1,0.0,0,13.003579841414362,0
1186094,Residential I (Under 6 Acres),240100,95800,144300,0.22,1,0.0,0,12.388810782209344,0
1186095,Residential I (Under 6 Acres),325000,74100,250900,4.35,1,0.0,1,12.691580461311874,0
1186098,Residential I (Under 6 Acres),386100,121600,264500,0.2,1,0.0,0,12.863851682252328,0
1186105,Residential I (Under 6 Acres),374800,119700,255100,0.16,1,0.0,0,12.834147829346405,0
1186107,Residential I (Under 6 Acres),293400,98800,194600,0.44,1,0.0,0,12.589292144691019,0
1186111,Residential I (Under 6 Acres),346200,101800,244400,0.38,1,0.0,0,12.754771921724245,0
1186119,Residential I (Under 6 Acres),274100,102400,171700,0.54,1,0.0,0,12.521248282290877,0
1186122,Residential I (Under 6 Acres),512300,141200,371100,0.21,1,0.0,0,13.146665669927293,0
1186124,Residential I (Under 6 Acres),321800,85800,236000,0.39,1,0.0,0,12.68168551354042,0
1186132,Residential I (Under 6 Acres),413200,78200,335000,0.15,1,0.0,0,12.93168701622762,0
1186133,Residential I (Under 6 Acres),354800,118900,235900,1.01,1,0.0,0,12.779309529417562,0
1186136,Residential I (Under 6 Acres),293400,91700,201700,0.73,1,0.0,0,12.589292144691019,0
1186138,Residential I (Under 6 Acres),278700,81100,197600,0.52,1,0.0,0,12.53789121347004,0
1186142,Residential I (Under 6 Acres),338700,126500,212200,1.23,1,0.0,0,12.732870038805864,0
1186143,Residential I (Under 6 Acres),346600,111900,234700,0.43,1,0.0,0,12.755926656263643,0
1186146,Residential I (Under 6 Acres),358900,126400,232500,0.3,1,0.0,0,12.790799077135699,0
1186147,Residential I (Under 6 Acres),386200,96300,289900,0.37,1,0.0,0,12.86411064897655,0
1186149,Residential I (Under 6 Acres),331600,118200,213400,0.13,1,0.0,0,12.711684702243277,0
1186150,Residential I (Under 6 Acres),375900,97300,278600,0.26,1,0.0,0,12.83707842955227,0
1186151,Residential I (Under 6 Acres),586100,126400,459700,0.3,1,1.0,1,13.28124570246452,1
1186152,Residential I (Under 6 Acres),245700,43300,202400,0.2,1,0.0,0,12.41186655850927,0
1186156,Residential I (Under 6 Acres),579500,123000,456500,0.4,1,0.0,0,13.269920941761944,0
1186157,Residential I (Under 6 Acres),469800,131600,338200,1.51,1,0.0,0,13.06006235120695,0
1186158,Residential I (Under 6 Acres),279600,113700,165900,0.16,1,0.0,0,12.541115289341793,0
1186160,Residential I (Under 6 Acres),278500,111700,166800,1.26,1,0.0,0,12.537173338349476,0
1186161,Residential I (Under 6 Acres),273200,80100,193100,0.21,1,0.0,0,12.517959406678772,0
1186162,Residential I (Under 6 Acres),256800,80700,176100,0.23,1,0.0,0,12.456052850797944,0
1186163,Residential I (Under 6 Acres),398200,94000,304200,0.65,1,0.0,0,12.894709670612233,0
1186165,Residential I (Under 6 Acres),493100,154000,339100,1.62,1,0.0,0,13.108467272212218,0
1186166,Residential I (Under 6 Acres),289400,108400,181000,0.95,1,0.0,0,12.57556509317952,0
1186167,Residential I (Under 6 Acres),300600,102500,198100,0.4,1,0.0,0,12.613535756301012,0
1186168,Residential I (Under 6 Acres),286800,77000,209800,0.11,1,0.0,0,12.566540387707603,0
1186176,Residential I (Under 6 Acres),404500,146600,257900,0.11,1,0.0,0,12.910407015480683,0
1186180,Residential I (Under 6 Acres),442800,141100,301700,1.94,1,0.0,0,13.000873479816619,0
1186182,Residential I (Under 6 Acres),393500,113400,280100,2.29,1,0.0,0,12.882836346839595,0
1186183,Residential I (Under 6 Acres),332400,148400,184000,0.14,1,0.0,0,12.71409434196343,0
1186184,Residential II (6 Acres or More),570000,167200,402800,10.02,1,0.0,0,13.253391639810733,0
1186185,Residential I (Under 6 Acres),284100,81700,202400,0.26,1,0.0,0,12.55708156784228,0
1186186,Residential I (Under 6 Acres),294600,89800,204800,0.06,1,0.0,0,12.593373783010668,0
1186188,Residential I (Under 6 Acres),282800,120500,162300,0.31,1,0.0,0,12.552495213004555,0
1186191,Residential I (Under 6 Acres),278600,88000,190600,0.46,1,0.0,0,12.537532340327843,0
1186193,Residential I (Under 6 Acres),423500,120900,302600,1.32,1,0.0,0,12.956308793074246,0
1186194,Residential I (Under 6 Acres),505800,136700,369100,0.92,1,0.0,0,13.133896613218003,0
1186196,Residential I (Under 6 Acres),329300,103400,225900,0.95,1,0.0,0,12.704724468364455,0
1186197,Residential I (Under 6 Acres),307900,80400,227500,0.22,1,0.0,0,12.637530333912592,0
1186198,Residential I (Under 6 Acres),323600,78200,245400,0.15,1,0.0,0,12.687263464166474,0
1186199,Residential I (Under 6 Acres),371100,120900,250200,0.89,1,0.0,0,12.824226847048688,0
1186200,Residential I (Under 6 Acres),340100,98800,241300,0.44,1,0.0,0,12.736994970995287,0
1186202,Residential I (Under 6 Acres),328400,130200,198200,0.38,1,0.0,0,12.70198765656041,0
1186205,Residential I (Under 6 Acres),301500,79500,222000,0.19,1,0.0,0,12.616525295149378,0
1186207,Residential I (Under 6 Acres),486800,121300,365500,0.9,1,0.0,0,13.09560864009551,0
1186209,Residential I (Under 6 Acres),368500,97300,271200,0.26,1,0.0,0,12.817195990611529,0
1186210,Residential I (Under 6 Acres),297100,91300,205800,0.23,1,0.0,0,12.6018240614507,0
1186216,Residential I (Under 6 Acres),383600,105100,278500,0.47,1,0.0,0,12.85735562199142,0
1186218,Residential I (Under 6 Acres),309400,109600,199800,0.07,1,0.0,0,12.642390217121102,0
1186219,Residential I (Under 6 Acres),628500,143600,484900,1.23,1,0.0,0,13.351091307012439,0
1186220,Residential I (Under 6 Acres),372100,88600,283500,0.48,1,1.0,1,12.826917914334715,1
1186222,Residential I (Under 6 Acres),306000,93700,212300,0.64,1,0.0,0,12.631340380934517,0
1186223,Residential II (6 Acres or More),342700,167500,175200,6.73,1,0.0,0,12.7446107078627,0
1186225,Residential I (Under 6 Acres),281200,84500,196700,0.17,1,0.0,0,12.546821438918647,0
1186226,Residential I (Under 6 Acres),475100,109200,365900,1.64,1,0.0,0,13.071280587175012,0
1186227,Residential I (Under 6 Acres),373700,80700,293000,0.23,1,0.0,0,12.831208615473574,0
1186228,Residential I (Under 6 Acres),646500,172500,474000,2.16,1,0.0,0,13.379328477194049,0
1186229,Residential I (Under 6 Acres),507300,141700,365600,0.22,1,0.0,0,13.13685782355478,0
1186230,Residential I (Under 6 Acres),337200,98000,239200,0.28,1,0.0,0,12.728431505109837,0
1186231,Residential I (Under 6 Acres),320800,96900,223900,0.25,1,0.0,0,12.678573154974497,0
1186234,Residential I (Under 6 Acres),412100,122100,290000,0.21,1,0.0,0,12.929021317326908,0
1186237,Residential I (Under 6 Acres),487100,155200,331900,1.8,1,0.0,0,13.096224719794634,0
1186238,Residential I (Under 6 Acres),326400,104800,221600,0.46,1,0.0,0,12.695878902072089,0
1186239,Residential I (Under 6 Acres),261100,98000,163100,0.94,1,0.0,0,12.47265875468722,0
1186240,Residential I (Under 6 Acres),244800,80100,164700,0.21,1,0.0,0,12.408196829620309,0
1186241,Residential I (Under 6 Acres),384100,96100,288000,0.23,1,0.0,0,12.858658214333996,0
1186242,Residential I (Under 6 Acres),206100,60000,146100,0.05,1,1.0,1,12.23611676687855,1
1186243,Residential I (Under 6 Acres),264400,98800,165600,0.3,1,0.0,0,12.485218386959668,0
1186246,Residential I (Under 6 Acres),482000,125200,356800,4.1,1,0.0,0,13.085699393032737,0
1186247,Residential I (Under 6 Acres),379100,90900,288200,0.42,1,0.0,0,12.845555301504426,0
1186250,Residential I (Under 6 Acres),236600,81700,154900,0.26,1,0.0,0,12.374126230526423,0
1186255,Residential I (Under 6 Acres),210600,47000,163600,0.28,1,1.0,1,12.257715878682012,1
1186257,Residential I (Under 6 Acres),345600,97600,248000,0.27,1,0.0,0,12.753037315912037,0
1186258,Residential I (Under 6 Acres),458500,143900,314600,0.26,1,0.0,0,13.035715570678656,0
1186259,Residential I (Under 6 Acres),274400,78800,195600,0.3,1,0.0,0,12.522342174833867,0
1186261,Residential I (Under 6 Acres),285700,89900,195800,0.52,1,0.0,0,12.562697588218864,0
1186263,Residential I (Under 6 Acres),372600,92000,280600,0.12,1,0.0,0,12.828260737149625,0
1186264,Residential I (Under 6 Acres),303000,82100,220900,0.1,1,0.0,0,12.621488084491506,0
1186266,Residential I (Under 6 Acres),562400,178200,384200,1.02,1,0.0,0,13.239968619478592,0
1186268,Residential I (Under 6 Acres),365900,98800,267100,0.3,1,0.0,0,12.810115351007298,0
1186269,Residential II (6 Acres or More),532800,156000,376800,6.3,1,0.0,0,13.185901398208317,0
1186270,Residential I (Under 6 Acres),270300,102500,167800,0.4,1,0.0,0,12.507287732264539,0
1186272,Residential I (Under 6 Acres),198100,89900,108200,0.52,1,0.0,0,12.196527232686643,0
1186273,Residential I (Under 6 Acres),315500,59200,256300,1.16,1,0.0,0,12.661913960963405,0
1186274,Residential I (Under 6 Acres),338500,77900,260600,0.27,1,0.0,0,12.732279371334467,0
1186276,Residential I (Under 6 Acres),335600,97300,238300,0.26,1,0.0,0,12.723675253575188,0
1186277,Residential I (Under 6 Acres),57500,47800,9700,0.12,1,0.0,0,10.959540226785442,0
1186278,Residential I (Under 6 Acres),279500,83900,195600,0.33,1,0.0,0,12.540757571577291,0
1186279,Residential I (Under 6 Acres),207000,87400,119600,0.12,1,1.0,1,12.240474072247506,1
1186280,Residential I (Under 6 Acres),313500,117800,195700,0.12,1,0.0,0,12.655554639055113,0
1186282,Residential I (Under 6 Acres),416300,118900,297400,0.55,1,0.0,0,12.939161433183067,0
1186283,Residential I (Under 6 Acres),365200,121600,243600,0.2,1,0.0,0,12.80820042770295,0
1186284,Residential I (Under 6 Acres),309100,86700,222400,0.42,1,0.0,0,12.641420128120208,0
1186287,Residential I (Under 6 Acres),327600,103600,224000,0.43,1,0.0,0,12.69954863096105,0
1186288,Residential I (Under 6 Acres),242900,89900,153000,0.52,1,0.0,0,12.400405114990264,0
1186290,Residential I (Under 6 Acres),268900,96100,172800,0.23,1,0.0,0,12.502094842256955,0
1186291,Residential I (Under 6 Acres),399400,109300,290100,0.58,1,0.0,0,12.897718699963852,0
1186293,Residential I (Under 6 Acres),486800,118600,368200,0.49,1,0.0,0,13.09560864009551,0
1186296,Residential I (Under 6 Acres),539700,136200,403500,0.12,1,0.0,0,13.198768708606734,0
1186301,Residential I (Under 6 Acres),260400,72200,188200,0.08,1,1.0,1,12.46997418931655,1
1186304,Residential I (Under 6 Acres),267200,97400,169800,0.4,1,0.0,0,12.495752720644628,0
1186306,Residential I (Under 6 Acres),240800,91300,149500,0.23,1,0.0,0,12.391721992416803,0
1186307,Residential I (Under 6 Acres),586900,131200,455700,0.4,1,0.0,0,13.282609726546426,0
1186309,Residential I (Under 6 Acres),377700,107000,270700,0.52,1,0.0,0,12.841855508700549,0
1186310,Residential I (Under 6 Acres),418400,122400,296000,0.69,1,0.0,0,12.94419319173285,0
1186315,Residential I (Under 6 Acres),376900,117300,259600,0.11,1,0.0,0,12.839735179255227,0
1186317,Residential I (Under 6 Acres),265100,100600,164500,0.35,1,0.0,0,12.487862392277117,0
1186320,Residential I (Under 6 Acres),226400,45400,181000,0.32,1,0.0,0,12.330058625311166,0
1186322,Residential I (Under 6 Acres),472000,69200,402800,0.23,1,1.0,1,13.064734264567692,1
1186323,Residential I (Under 6 Acres),331000,93500,237500,0.16,1,0.0,0,12.7098736543592,0
1186326,Residential I (Under 6 Acres),349500,92800,256700,0.14,1,0.0,0,12.764258840656002,0
1186327,Residential I (Under 6 Acres),658300,155000,503300,4.08,1,0.0,0,13.397416033455968,0
1186328,Residential I (Under 6 Acres),293700,73000,220700,0.1,1,0.0,0,12.590314117186711,0
1186329,Residential I (Under 6 Acres),478000,148900,329100,0.35,1,0.0,0,13.077366011473593,0
1186330,Residential I (Under 6 Acres),287800,91300,196500,0.23,1,0.0,0,12.570021073435404,0
1186332,Residential I (Under 6 Acres),408200,152600,255600,0.21,1,0.0,0,12.919512529357881,0
1186337,Residential I (Under 6 Acres),353700,106300,247400,0.5,1,0.0,0,12.776204375193572,0
1186340,Residential I (Under 6 Acres),413500,129800,283700,0.37,1,0.0,0,12.932412793445883,0
1186341,Residential I (Under 6 Acres),377200,105900,271300,0.49,1,0.0,0,12.84053082974144,0
1186342,Residential I (Under 6 Acres),494600,147800,346800,0.95,1,0.0,0,13.111504634069453,0
1186343,Residential I (Under 6 Acres),732300,122600,609700,0.22,1,0.0,0,13.503945545049161,0
1186344,Residential II (6 Acres or More),335900,95200,240700,8.9,1,0.0,0,12.724568775600384,0
1186345,Residential I (Under 6 Acres),481800,151200,330600,1.19,1,0.0,0,13.085284369162908,0
1186347,Residential I (Under 6 Acres),447100,97000,350100,0.39,1,0.0,0,13.010537562222073,0
1186351,Residential I (Under 6 Acres),497600,164800,332800,0.75,1,0.0,0,13.117551820407106,0
1186352,Residential I (Under 6 Acres),312800,116800,196000,0.78,1,0.0,0,12.653319287653293,0
1186353,Residential I (Under 6 Acres),394700,100600,294100,0.49,1,0.0,0,12.885881261650939,0
1186354,Residential I (Under 6 Acres),416400,117300,299100,0.11,1,0.0,0,12.93940161572295,0
1186355,Residential I (Under 6 Acres),369500,99900,269600,0.33,1,0.0,0,12.819906019370393,0
1186356,Residential I (Under 6 Acres),293300,102100,191200,0.39,1,0.0,0,12.588951254965542,0
1186358,Residential I (Under 6 Acres),275800,116900,158900,0.23,1,0.0,0,12.527431244341338,0
1186361,Residential I (Under 6 Acres),507800,148100,359700,3.01,1,0.0,0,13.137842948252715,0
1186367,Residential I (Under 6 Acres),391300,111900,279400,0.65,1,0.0,0,12.877229808198503,0
1186369,Residential I (Under 6 Acres),286900,80700,206200,0.23,1,0.0,0,12.566889001969455,0
1186375,Residential I (Under 6 Acres),430100,123500,306600,0.96,1,0.0,0,12.971773018771827,0
1186376,Residential I (Under 6 Acres),345500,95400,250100,0.21,1,0.0,0,12.752747922189862,0
1186378,Residential I (Under 6 Acres),314200,143900,170300,4.5,1,0.0,0,12.657785004803658,0
1186381,Residential I (Under 6 Acres),499800,111500,388300,0.42,1,0.0,0,13.121963297382989,0
1186382,Residential I (Under 6 Acres),326400,81700,244700,0.55,1,0.0,0,12.695878902072089,0
1186383,Residential I (Under 6 Acres),275800,74900,200900,0.17,1,0.0,0,12.527431244341338,0
1186384,Residential I (Under 6 Acres),306100,91000,215100,0.22,1,0.0,0,12.631667124933504,0
1186385,Residential I (Under 6 Acres),166700,77600,89100,0.26,1,0.0,0,12.023951068738885,0
1186387,Residential I (Under 6 Acres),374300,99100,275200,0.31,1,0.0,0,12.83281289389252,0
1186393,Residential I (Under 6 Acres),304300,129900,174400,0.13,1,0.0,0,12.625769335885062,0
1186394,Residential I (Under 6 Acres),258300,93100,165200,0.15,1,0.0,0,12.461876979083932,0
1186395,Residential I (Under 6 Acres),253400,76300,177100,0.06,1,0.0,0,12.442724546869176,0
1186396,Residential I (Under 6 Acres),477000,83800,393200,0.15,1,0.0,0,13.075271769870477,0
1186397,Residential I (Under 6 Acres),352500,107800,244700,1.87,1,0.0,0,12.772805901234461,0
1186398,Residential I (Under 6 Acres),346900,91500,255400,0.57,1,0.0,0,12.756791832957841,0
1186400,Residential I (Under 6 Acres),794600,189200,605400,0.82,1,0.0,0,13.585594122362636,0
1186402,Residential I (Under 6 Acres),588600,121600,467000,0.2,1,0.0,0,13.28550211478151,0
1186404,Residential I (Under 6 Acres),286700,96100,190600,0.23,1,0.0,0,12.566191651871462,0
1186405,Residential I (Under 6 Acres),716400,160000,556400,0.55,1,0.0,0,13.481993949168693,0
1186407,Residential I (Under 6 Acres),386600,109000,277600,0.19,1,0.0,0,12.865145845756368,0
1186409,Residential I (Under 6 Acres),318100,91300,226800,0.1,1,0.0,0,12.670121077737235,0
1186410,Residential I (Under 6 Acres),269600,99100,170500,0.31,1,0.0,0,12.50469465802029,0
1186412,Residential II (6 Acres or More),532700,143500,389200,12.0,1,0.0,1,13.185713692905091,0
1186413,Residential I (Under 6 Acres),479600,123500,356100,0.24,1,0.0,0,13.080707702135497,0
1186416,Residential I (Under 6 Acres),399700,95800,303900,0.22,1,0.0,0,12.898469544699415,0
1186419,Residential I (Under 6 Acres),329300,86100,243200,0.4,1,0.0,0,12.704724468364455,0
1186421,Residential I (Under 6 Acres),211500,46000,165500,0.15,1,0.0,0,12.261980277468469,0
1186424,Residential I (Under 6 Acres),313400,123000,190400,0.23,1,0.0,0,12.655235608904057,0
1186426,Residential I (Under 6 Acres),488900,132900,356000,0.62,1,0.0,0,13.099913248566738,0
1186427,Residential I (Under 6 Acres),283900,122100,161800,1.5,1,0.0,0,12.556377342461063,0
1186428,Residential I (Under 6 Acres),417500,122000,295500,0.92,1,0.0,0,12.942039823273047,0
1186430,Residential I (Under 6 Acres),381400,79800,301600,0.2,1,0.0,0,12.851603972148455,0
1186432,Residential I (Under 6 Acres),301400,77300,224100,0.12,1,1.0,1,12.616193565174532,1
1186434,Residential I (Under 6 Acres),274300,96000,178300,0.04,1,0.0,0,12.521977676925694,0
1186440,Residential I (Under 6 Acres),280000,96100,183900,0.23,1,0.0,0,12.542544882151386,0
1186442,Residential I (Under 6 Acres),414900,119200,295700,0.15,1,0.0,0,12.93579280632096,0
1186443,Residential I (Under 6 Acres),259300,46900,212400,0.27,1,1.0,1,12.465740971526756,1
1186445,Residential I (Under 6 Acres),403600,94600,309000,0.67,1,0.0,0,12.908179567461591,0
1186446,Residential I (Under 6 Acres),632600,129500,503100,1.69,1,0.0,1,13.357593589853686,0
1186447,Residential I (Under 6 Acres),289300,106700,182600,0.13,1,0.0,0,12.575219490964226,0
1186450,Residential I (Under 6 Acres),269600,92300,177300,0.33,1,0.0,0,12.50469465802029,0
1186451,Residential I (Under 6 Acres),439500,120600,318900,0.18,1,0.0,0,12.993392996107369,0
1186452,Residential I (Under 6 Acres),299700,54000,245700,0.04,1,0.0,0,12.610537253304754,0
1186454,Residential I (Under 6 Acres),281800,107000,174800,0.52,1,0.0,0,12.548952878446716,0
1186456,Residential I (Under 6 Acres),234000,92800,141200,0.14,1,0.0,0,12.363076394339839,0
1186457,Residential I (Under 6 Acres),293600,50200,243400,0.24,1,0.0,0,12.589973575722498,0
1186459,Residential I (Under 6 Acres),369000,78200,290800,0.15,1,0.0,0,12.818551923022664,0
1186460,Residential I (Under 6 Acres),476600,77000,399600,0.11,1,0.0,0,13.074432843646779,0
1186462,Residential I (Under 6 Acres),312200,105000,207200,1.0,1,0.0,0,12.65139928706347,0
1186464,Residential I (Under 6 Acres),538300,156700,381600,0.49,1,0.0,0,13.196171304549049,0
1186465,Residential I (Under 6 Acres),376100,100300,275800,0.34,1,0.0,0,12.837610344458428,0
1186466,Residential I (Under 6 Acres),465400,110300,355100,0.39,1,0.0,0,13.050652529850328,0
1186468,Residential I (Under 6 Acres),275400,80100,195300,0.21,1,0.0,0,12.52597986527669,0
1186469,Residential I (Under 6 Acres),641400,170300,471100,1.81,1,0.0,0,13.371408566241191,0
1186470,Residential I (Under 6 Acres),290700,82300,208400,0.57,1,0.0,0,12.580047086546967,0
1186471,Residential I (Under 6 Acres),220300,94900,125400,0.33,1,0.0,0,12.302745532790434,0
1186472,Residential I (Under 6 Acres),542100,137500,404600,0.9,1,0.0,0,13.203205765248429,0
1186474,Residential I (Under 6 Acres),250000,136400,113600,1.22,1,0.0,0,12.429216196844383,0
1186475,Residential I (Under 6 Acres),468600,193000,275600,3.0,1,0.0,0,13.057504805055832,0
1186477,Residential I (Under 6 Acres),338300,136800,201500,0.43,1,0.0,0,12.7316883547688,0
1186478,Residential I (Under 6 Acres),273800,76300,197500,0.09,1,0.0,0,12.520153191836485,0
1186481,Residential I (Under 6 Acres),506500,194000,312500,2.0,1,0.0,0,13.135279602670876,0
1186482,Residential I (Under 6 Acres),429300,100600,328700,0.35,1,0.0,0,12.969911254212652,0
1186484,Residential I (Under 6 Acres),169800,71300,98500,0.05,1,0.0,0,12.042376552859384,0
1186488,Residential I (Under 6 Acres),485000,137900,347100,0.95,1,0.0,0,13.091904169919621,0
1186489,Residential I (Under 6 Acres),249100,79800,169300,0.2,1,0.0,0,12.425609701250272,0
1186491,Residential I (Under 6 Acres),429400,83000,346400,0.3,1,0.0,0,12.970144164426818,0
1186492,Residential I (Under 6 Acres),266800,89800,177000,0.06,1,1.0,1,12.494254593023605,1
1186493,Residential I (Under 6 Acres),424700,98000,326700,0.28,1,0.0,0,12.959138316301363,0
1186494,Residential I (Under 6 Acres),347300,141200,206100,0.21,1,0.0,0,12.757944238732165,0
1186495,Residential I (Under 6 Acres),320200,114900,205300,0.06,1,0.0,0,12.67670107954475,0
1186496,Residential I (Under 6 Acres),508600,121600,387000,0.2,1,1.0,1,13.139417131970156,1
1186498,Residential I (Under 6 Acres),462900,120900,342000,0.89,1,0.0,0,13.045266327019363,0
1186499,Residential I (Under 6 Acres),372400,94200,278200,0.31,1,1.0,1,12.82772382438505,1
1186501,Residential I (Under 6 Acres),293400,101100,192300,1.22,1,0.0,0,12.589292144691019,0
1186502,Residential I (Under 6 Acres),450400,111100,339300,0.63,1,0.0,0,13.017891355807617,0
1186503,Residential I (Under 6 Acres),322600,76800,245800,0.04,1,0.0,0,12.684168444673245,0
1186504,Residential I (Under 6 Acres),543000,122100,420900,0.21,1,0.0,0,13.204864598916073,0
1186506,Residential I (Under 6 Acres),327000,80600,246400,0.36,1,0.0,0,12.697715449879391,0
1186507,Residential I (Under 6 Acres),357200,100600,256600,0.35,1,0.0,0,12.78605112798448,0
1186508,Residential I (Under 6 Acres),300300,78200,222100,0.28,1,0.0,0,12.612537253971421,0
1186509,Residential I (Under 6 Acres),246400,85600,160800,0.07,1,0.0,0,12.414711510641501,0
1186511,Residential I (Under 6 Acres),334200,94200,240000,0.45,1,0.0,0,12.71949489514343,0
1186514,Residential I (Under 6 Acres),311200,121100,190100,0.19,1,0.0,0,12.648191071286373,0
1186516,Residential I (Under 6 Acres),397000,144600,252400,0.68,1,0.0,0,12.891691559669328,0
1186520,Residential I (Under 6 Acres),403500,139300,264200,3.2,1,0.0,0,12.90793176669214,0
1186521,Residential I (Under 6 Acres),286800,95400,191400,0.21,1,0.0,0,12.566540387707603,0
1186524,Residential I (Under 6 Acres),429900,129400,300500,0.12,1,0.0,0,12.971307902484373,0
1186525,Residential I (Under 6 Acres),328900,138900,190000,0.56,1,0.0,0,12.703509032177148,0
1186526,Residential I (Under 6 Acres),263200,80100,183100,0.21,1,0.0,0,12.480669478433299,0
1186528,Residential I (Under 6 Acres),456200,119200,337000,0.15,1,0.0,0,13.030686588832424,0
1186529,Residential I (Under 6 Acres),408800,121600,287200,0.2,1,0.0,0,12.920981317871632,0
1186532,Residential I (Under 6 Acres),345200,111100,234100,0.41,1,0.0,0,12.75187923819141,0
1186533,Residential I (Under 6 Acres),283500,80100,203400,0.21,1,0.0,0,12.554967402149943,0
1186535,Residential II (6 Acres or More),909700,180900,728800,8.32,1,0.0,0,13.720870153810154,0
1186536,Residential I (Under 6 Acres),497000,112900,384100,0.28,1,0.0,0,13.116345305078767,0
1186537,Residential I (Under 6 Acres),330100,118300,211800,0.26,1,0.0,0,12.707150917841284,0
1186539,Residential I (Under 6 Acres),322500,99100,223400,0.31,1,0.0,0,12.683858415217964,0
1186540,Residential I (Under 6 Acres),385900,109100,276800,0.36,1,0.0,0,12.863333547525711,0
1186541,Residential I (Under 6 Acres),305300,101400,203900,0.37,1,0.0,0,12.62905017872297,0
1186544,Residential I (Under 6 Acres),387900,131400,256500,0.91,1,0.0,0,12.868502853428058,0
1186545,Residential I (Under 6 Acres),338600,106600,232000,0.51,1,0.0,0,12.732574748681172,0
1186549,Residential I (Under 6 Acres),274900,87700,187200,0.45,1,0.0,0,12.524162674153336,0
1186551,Residential I (Under 6 Acres),300600,88500,212100,0.15,1,0.0,0,12.613535756301012,0
1186552,Residential I (Under 6 Acres),761900,200700,561200,1.1,1,0.0,0,13.543570592461101,0
1186553,Residential I (Under 6 Acres),381800,102100,279700,0.39,1,0.0,0,12.852652190273785,0
1186554,Residential I (Under 6 Acres),271200,72700,198500,0.09,1,0.0,0,12.510611835048378,0
1186561,Residential I (Under 6 Acres),442400,89800,352600,0.06,1,0.0,0,12.999969729190262,0
1186562,Residential I (Under 6 Acres),303500,107400,196100,0.53,1,0.0,0,12.62313688948169,0
1186563,Residential I (Under 6 Acres),327600,95300,232300,0.85,1,0.0,0,12.69954863096105,0
1186565,Residential I (Under 6 Acres),551700,135600,416100,0.68,1,0.0,0,13.220759699260523,0
1186566,Residential I (Under 6 Acres),363300,108400,254900,0.71,1,0.0,0,12.802984218209293,0
1186572,Residential I (Under 6 Acres),215200,48600,166600,0.16,1,0.0,0,12.279323107269766,0
1186574,Residential I (Under 6 Acres),258100,80400,177700,0.22,1,0.0,0,12.461102385706706,0
1186576,Residential I (Under 6 Acres),299300,96100,203200,0.23,1,0.0,0,12.60920169384079,0
1186577,Residential I (Under 6 Acres),398900,114900,284000,0.19,1,0.0,0,12.896466037893498,0
1186580,Residential I (Under 6 Acres),270400,80700,189700,0.23,1,0.0,0,12.507657623150946,0
1186581,Residential I (Under 6 Acres),257700,83800,173900,0.28,1,0.0,0,12.459551396640457,0
1186582,Residential I (Under 6 Acres),310600,94300,216300,0.18,1,0.0,0,12.646261189696723,0
1186583,Residential I (Under 6 Acres),411000,117300,293700,0.3,1,0.0,0,12.926348493478372,0
1186585,Residential I (Under 6 Acres),391300,155400,235900,1.83,1,0.0,0,12.877229808198503,0
1186586,Residential I (Under 6 Acres),245900,83900,162000,0.33,1,0.0,0,12.412680228204284,0
1186589,Residential I (Under 6 Acres),446600,130100,316500,0.88,1,0.0,0,13.009418618388194,0
1186591,Residential I (Under 6 Acres),293800,96200,197600,0.72,1,0.0,0,12.590654542721914,0
1186592,Residential I (Under 6 Acres),329500,99000,230500,0.81,1,0.0,0,12.705331632924699,0
1186596,Residential I (Under 6 Acres),352400,97300,255100,0.26,1,0.0,0,12.77252217304416,0
1186597,Residential I (Under 6 Acres),431800,123000,308800,0.23,1,0.0,0,12.975717797062844,0
1186598,Residential I (Under 6 Acres),426300,125500,300800,1.07,1,0.0,0,12.962898602753302,0
1186599,Residential I (Under 6 Acres),162600,62000,100600,0.42,1,0.0,0,11.999048476095847,0
1186600,Residential I (Under 6 Acres),547700,178900,368800,1.25,1,0.0,0,13.213482970771812,0
1186601,Residential I (Under 6 Acres),350200,57700,292500,0.07,1,1.0,1,12.766259698833888,1
1186604,Residential I (Under 6 Acres),228600,78900,149700,0.17,1,0.0,0,12.339729030342847,0
1186608,Residential I (Under 6 Acres),436900,119700,317200,0.16,1,0.0,0,12.987459614939528,0
1186609,Residential I (Under 6 Acres),528400,127800,400600,0.33,1,0.0,0,13.177608851630307,0
1186611,Residential I (Under 6 Acres),529700,124800,404900,0.44,1,0.0,0,13.180066087532618,0
1186612,Residential I (Under 6 Acres),190800,59900,130900,0.05,1,1.0,1,12.158981037996323,1
1186613,Residential I (Under 6 Acres),462400,104000,358400,0.44,1,0.0,0,13.044185596340304,0
1186617,Residential I (Under 6 Acres),491400,84800,406600,0.36,1,0.0,0,13.105013739069216,0
1186618,Residential I (Under 6 Acres),231000,47300,183700,0.22,1,0.0,0,12.35017298950393,0
1186623,Residential I (Under 6 Acres),369000,76700,292300,0.1,1,0.0,0,12.818551923022664,0
1186624,Residential I (Under 6 Acres),493100,77000,416100,0.11,1,0.0,0,13.108467272212218,0
1186625,Residential I (Under 6 Acres),286000,77900,208100,0.14,1,0.0,0,12.56374708980199,0
1186631,Residential I (Under 6 Acres),316500,91200,225300,0.36,1,0.0,0,12.665078520566368,0
1186633,Residential I (Under 6 Acres),358500,118700,239800,0.14,1,0.0,0,12.789683939021812,0
1186634,Residential I (Under 6 Acres),455300,117200,338100,0.56,1,0.0,0,13.028711821322874,0
1186635,Residential I (Under 6 Acres),415400,118700,296700,0.33,1,0.0,0,12.93699719042415,0
1186637,Residential I (Under 6 Acres),507900,141900,366000,0.82,1,0.0,0,13.138039856789336,0
1186639,Residential I (Under 6 Acres),413300,95400,317900,0.21,1,0.0,0,12.931929000499824,0
1186640,Residential I (Under 6 Acres),481800,156400,325400,1.99,1,0.0,0,13.085284369162908,0
1186642,Residential I (Under 6 Acres),785000,161600,623400,0.36,1,0.0,0,13.573438996764546,0
1186643,Residential I (Under 6 Acres),625400,178100,447300,1.7,1,0.0,0,13.346146724005878,0
1186644,Residential I (Under 6 Acres),283500,79800,203700,0.2,1,0.0,0,12.554967402149943,0
1186645,Residential I (Under 6 Acres),505400,147800,357600,0.95,1,0.0,0,13.133105473936231,0
1186646,Residential I (Under 6 Acres),453300,122100,331200,0.21,1,1.0,1,13.02430943692894,1
1186647,Residential I (Under 6 Acres),280800,91300,189500,0.1,1,0.0,0,12.545397951133793,0
1186648,Residential II (6 Acres or More),519600,205600,314000,14.66,1,0.0,0,13.160814563778581,0
1186649,Residential I (Under 6 Acres),299900,70900,229000,0.3,1,0.0,0,12.6112043647371,0
1186650,Residential I (Under 6 Acres),234800,81300,153500,0.07,1,0.0,0,12.366489366936078,0
1186651,Residential I (Under 6 Acres),317800,88700,229100,0.63,1,0.0,0,12.669177533084753,0
1186652,Residential I (Under 6 Acres),638000,119600,518400,0.29,1,0.0,0,13.366093562326927,0
1186656,Residential I (Under 6 Acres),352700,105500,247200,0.48,1,0.0,0,12.773373116224143,0
1186658,Residential I (Under 6 Acres),243600,80400,163200,0.22,1,0.0,0,12.40328281481788,0
1186659,Residential I (Under 6 Acres),411700,130200,281500,0.56,1,0.0,0,12.928050207757996,0
1186662,Residential I (Under 6 Acres),368400,98700,269700,0.8,1,0.0,1,12.816924583363289,0
1186663,Residential I (Under 6 Acres),293300,124500,168800,0.26,1,0.0,0,12.588951254965542,0
1186664,Residential I (Under 6 Acres),355100,99900,255200,0.33,1,0.0,0,12.780154718931179,0
1186665,Residential I (Under 6 Acres),282800,96100,186700,0.23,1,0.0,0,12.552495213004555,0
1186667,Residential I (Under 6 Acres),365300,98000,267300,0.28,1,0.0,0,12.808474212783374,0
1186672,Residential I (Under 6 Acres),343300,99100,244200,0.31,1,0.0,0,12.746359979445783,0
1186675,Residential I (Under 6 Acres),398700,114300,284400,0.49,1,0.0,0,12.895964533369446,0
1186680,Residential I (Under 6 Acres),398700,102900,295800,0.41,1,0.0,0,12.895964533369446,0
1186684,Residential I (Under 6 Acres),300900,96100,204800,0.23,1,0.0,0,12.614533262618137,0
1186686,Residential I (Under 6 Acres),277400,31200,246200,0.04,1,0.0,0,12.533215786862868,0
1186689,Residential I (Under 6 Acres),423800,124000,299800,0.25,1,0.0,0,12.957016924816335,0
1186690,Residential I (Under 6 Acres),761400,183200,578200,0.72,1,0.0,0,13.542914122930535,0
1186691,Residential I (Under 6 Acres),522300,137100,385200,2.86,1,0.0,0,13.16599741442439,0
1186694,Residential I (Under 6 Acres),284000,98400,185600,0.29,1,0.0,0,12.556729517143344,0
1186696,Residential I (Under 6 Acres),399000,151800,247200,0.33,1,0.0,0,12.896716695872,0
1186697,Residential I (Under 6 Acres),373500,110200,263300,0.76,1,0.0,0,12.83067328355501,0
1186699,Residential I (Under 6 Acres),466400,109100,357300,0.36,1,0.0,0,13.05279891401842,0
1186700,Residential I (Under 6 Acres),420000,99900,320100,0.33,1,0.0,0,12.948009990259552,0
1186703,Residential I (Under 6 Acres),277300,95000,182300,0.2,1,0.0,0,12.53285523160387,0
1186706,Residential I (Under 6 Acres),323500,91800,231700,0.58,1,0.0,0,12.686954392923091,0
1186707,Residential I (Under 6 Acres),323800,92000,231800,0.12,1,0.0,0,12.687881320225673,0
1186708,Residential I (Under 6 Acres),354400,122800,231600,0.36,1,0.0,0,12.778181497713064,0
1186709,Residential I (Under 6 Acres),296200,71900,224300,0.19,1,0.0,1,12.598790180815836,0
1186715,Residential I (Under 6 Acres),318300,91100,227200,0.56,1,0.0,0,12.670749613270184,0
1186718,Residential I (Under 6 Acres),271900,114900,157000,0.06,1,1.0,1,12.513189630620563,1
1186719,Residential I (Under 6 Acres),671900,189600,482300,1.33,1,0.0,0,13.41786479890824,0
1186720,Residential I (Under 6 Acres),488600,135900,352700,1.14,1,0.0,0,13.099299437805778,0
1186722,Residential I (Under 6 Acres),271100,102500,168600,0.4,1,0.0,0,12.510243035486758,0
1186727,Residential I (Under 6 Acres),438800,120600,318200,0.18,1,0.0,0,12.991799007383213,0
1186729,Residential I (Under 6 Acres),348000,95600,252400,0.35,1,1.0,1,12.759957758756611,1
1186731,Residential I (Under 6 Acres),284800,75800,209000,0.2,1,0.0,0,12.559542458519958,0
1186733,Residential I (Under 6 Acres),308000,80700,227300,0.23,1,0.0,0,12.637855061955712,0
1186735,Residential I (Under 6 Acres),476500,146900,329600,0.93,1,0.0,0,13.074223002076394,0
1186739,Residential I (Under 6 Acres),458000,114300,343700,0.39,1,0.0,0,13.034624463096321,0
1186742,Residential I (Under 6 Acres),361400,75000,286400,0.05,1,0.0,0,12.797740657140265,0
1186743,Residential I (Under 6 Acres),430800,149700,281100,0.69,1,0.0,0,12.973399224264371,0
1186744,Residential I (Under 6 Acres),289100,131000,158100,0.54,1,0.0,0,12.574527928004438,0
1186745,Residential I (Under 6 Acres),382400,128200,254200,0.72,1,0.0,0,12.854222460159383,0
1186746,Residential I (Under 6 Acres),345900,175800,170100,1.0,1,0.0,0,12.75390499492526,0
1186747,Residential I (Under 6 Acres),402000,118200,283800,0.13,1,0.0,0,12.904207367601158,0
1186749,Residential I (Under 6 Acres),370200,101400,268800,0.37,1,0.0,0,12.821798679121533,0
1186750,Residential I (Under 6 Acres),400600,124900,275700,0.75,1,0.0,0,12.900718702213855,0
1186751,Residential I (Under 6 Acres),383200,100100,283100,1.82,1,0.0,0,12.856312325078843,0
1186752,Residential I (Under 6 Acres),365400,127400,238000,0.32,1,0.0,0,12.808747922926043,0
1186753,Residential I (Under 6 Acres),277800,119200,158600,0.15,1,0.0,0,12.53465670930238,0
1186754,Residential I (Under 6 Acres),593900,98400,495500,0.29,1,0.0,0,13.294466234003952,0
1186755,Residential I (Under 6 Acres),563400,130700,432700,0.39,1,0.0,0,13.24174513442441,0
1186758,Residential I (Under 6 Acres),452400,150100,302300,1.01,1,0.0,0,13.022322023224103,0
1186759,Residential I (Under 6 Acres),249600,79800,169800,0.2,1,0.0,0,12.42761491547741,0
1186760,Residential I (Under 6 Acres),637600,154900,482700,1.75,1,0.0,0,13.365466406458143,0
1186761,Residential I (Under 6 Acres),394300,122600,271700,0.22,1,0.0,0,12.884867319865718,0
1186762,Residential I (Under 6 Acres),361900,102100,259800,0.39,1,0.0,0,12.799123209551833,0
1186764,Residential I (Under 6 Acres),345500,120600,224900,0.18,1,0.0,0,12.752747922189862,0
1186765,Residential I (Under 6 Acres),340000,92400,247600,0.26,1,0.0,0,12.736700896592344,0
1186766,Residential I (Under 6 Acres),187100,59900,127200,0.05,1,1.0,1,12.139398512262181,1
1186767,Residential I (Under 6 Acres),657300,161700,495600,0.58,1,0.0,0,13.395895814251668,0
1186768,Residential I (Under 6 Acres),415800,105400,310400,1.06,1,0.0,0,12.93795965440605,0
1186770,Residential I (Under 6 Acres),344800,110000,234800,0.08,1,0.0,0,12.750719817771675,0
1186772,Residential I (Under 6 Acres),189000,86300,102700,0.09,1,0.0,0,12.14950229404178,0
1186775,Residential I (Under 6 Acres),312200,97600,214600,0.27,1,0.0,0,12.65139928706347,0
1186779,Residential I (Under 6 Acres),397900,113500,284400,1.54,1,0.0,0,12.89395599641502,0
1186780,Residential I (Under 6 Acres),402900,143400,259500,0.25,1,0.0,0,12.906443671179439,0
1186782,Residential I (Under 6 Acres),393600,107600,286000,1.4,1,0.0,0,12.883090444160235,0
1186783,Residential I (Under 6 Acres),316600,113700,202900,0.06,1,0.0,0,12.66539442642905,0
1186786,Residential I (Under 6 Acres),501400,152300,349100,0.41,1,1.0,1,13.12515946470633,1
1186790,Residential I (Under 6 Acres),382600,135600,247000,0.64,1,0.0,0,12.854745335988289,0
1186791,Residential I (Under 6 Acres),734900,161300,573600,4.1,1,0.0,0,13.507489714516963,0
1186792,Residential I (Under 6 Acres),519900,139700,380200,0.77,1,0.0,0,13.161391764371807,0
1186794,Residential I (Under 6 Acres),510600,144600,366000,1.32,1,0.0,0,13.14334178378952,0
1186796,Residential I (Under 6 Acres),327300,92400,234900,0.6,1,0.0,0,12.698632460489272,0
1186797,Residential I (Under 6 Acres),340400,97300,243100,0.26,1,0.0,0,12.737876675681356,0
1186799,Residential I (Under 6 Acres),386500,100600,285900,0.35,1,0.0,0,12.864887147009613,0
1186800,Residential I (Under 6 Acres),300700,78500,222200,0.16,1,0.0,0,12.61386836897662,0
1186804,Residential I (Under 6 Acres),270600,104500,166100,0.6,1,0.0,0,12.508396994718824,0
1186806,Residential I (Under 6 Acres),558100,111900,446200,0.33,1,0.0,0,13.232293436776525,0
1186810,Residential I (Under 6 Acres),318400,117300,201100,0.11,1,0.0,0,12.671063732952366,0
1186814,Residential I (Under 6 Acres),211200,80700,130500,0.23,1,0.0,0,12.260560830814244,0
1186815,Residential I (Under 6 Acres),352800,92000,260800,0.25,1,0.0,0,12.773656603114773,0
1186820,Residential I (Under 6 Acres),217800,50800,167000,0.27,1,0.0,0,12.291332489480997,0
1186821,Residential I (Under 6 Acres),387200,110600,276600,0.77,1,0.0,0,12.866696634384558,0
1186822,Residential I (Under 6 Acres),385600,102100,283500,0.39,1,0.0,0,12.862555841718528,0
1186824,Residential I (Under 6 Acres),329600,95600,234000,0.35,1,0.0,0,12.705635077017453,0
1186825,Residential I (Under 6 Acres),272600,104800,167800,0.46,1,0.0,0,12.51576079824457,0
1186826,Residential I (Under 6 Acres),387200,81700,305500,0.26,1,0.0,0,12.866696634384558,0
1186829,Residential I (Under 6 Acres),388600,115800,272800,0.08,1,0.0,0,12.870305815925477,0
1186831,Residential I (Under 6 Acres),375800,109300,266500,0.58,1,0.0,0,12.836812365961501,0
1186832,Residential I (Under 6 Acres),375500,115800,259700,0.08,1,0.0,0,12.836013750186327,0
1186835,Residential I (Under 6 Acres),223000,75000,148000,0.05,1,0.0,0,12.314927050442256,0
1186837,Residential I (Under 6 Acres),240500,90500,150000,0.08,1,0.0,0,12.390475368527953,0
1186838,Residential I (Under 6 Acres),398200,122800,275400,0.59,1,0.0,0,12.894709670612233,0
1186839,Residential I (Under 6 Acres),343600,119700,223900,0.16,1,0.0,0,12.747233469092237,0
1186842,Residential I (Under 6 Acres),242700,79500,163200,0.19,1,0.0,0,12.399581391714692,0
1186844,Residential I (Under 6 Acres),388900,110700,278200,0.23,1,0.0,0,12.871077520143839,0
1186845,Residential I (Under 6 Acres),337100,96100,241000,0.23,1,0.0,0,12.728134901222152,0
1186846,Residential I (Under 6 Acres),444300,121600,322700,0.2,1,0.0,0,13.004255288924,0
1186847,Residential I (Under 6 Acres),345200,101700,243500,0.31,1,0.0,0,12.75187923819141,0
1186850,Residential I (Under 6 Acres),312800,136500,176300,0.92,1,0.0,0,12.653319287653293,0
1186852,Residential I (Under 6 Acres),274300,103300,171000,0.42,1,0.0,0,12.521977676925694,0
1186853,Residential I (Under 6 Acres),661100,124500,536600,0.26,1,0.0,0,13.40166039332167,0
1186855,Residential I (Under 6 Acres),513600,123000,390600,0.4,1,0.0,0,13.14920003135789,0
1186856,Residential I (Under 6 Acres),289700,115800,173900,0.08,1,0.0,0,12.576601183757441,0
1186858,Residential I (Under 6 Acres),337200,103300,233900,0.42,1,0.0,0,12.728431505109837,0
1186860,Residential I (Under 6 Acres),210700,75400,135300,0.06,1,0.0,0,12.25819059979228,0
1186862,Residential I (Under 6 Acres),326500,74900,251600,0.31,1,0.0,0,12.696185227698622,0
1186863,Residential I (Under 6 Acres),306300,127100,179200,1.33,1,0.0,0,12.632320292820866,0
1186864,Residential I (Under 6 Acres),264900,80700,184200,0.23,1,0.0,0,12.48710767526016,0
1186865,Residential I (Under 6 Acres),354000,99500,254500,0.32,1,0.0,0,12.777052192115912,0
1186866,Residential I (Under 6 Acres),238000,74300,163700,0.15,1,0.0,0,12.380025952653611,0
1186869,Residential I (Under 6 Acres),322300,120600,201700,0.18,1,0.0,0,12.68323806780353,0
1186871,Residential I (Under 6 Acres),169900,84500,85400,0.35,1,0.0,0,12.042965307660024,0
1186872,Residential I (Under 6 Acres),327300,98800,228500,0.3,1,0.0,0,12.698632460489272,0
1186874,Residential I (Under 6 Acres),766800,137400,629400,0.53,1,0.0,0,13.549981290153626,0
1186876,Residential I (Under 6 Acres),426000,118300,307700,0.26,1,0.0,0,12.962194625251508,0
1186879,Residential I (Under 6 Acres),530100,133600,396500,0.2,1,0.0,0,13.180820946975897,0
1186881,Residential I (Under 6 Acres),378900,89900,289000,0.19,1,0.0,0,12.845027597006693,0
1186883,Residential I (Under 6 Acres),305100,81400,223700,0.25,1,0.0,0,12.628394870704762,0
1186884,Residential I (Under 6 Acres),386400,107000,279400,0.52,1,0.0,0,12.8646283813205,0
1186885,Residential I (Under 6 Acres),330500,116000,214500,0.21,1,0.0,0,12.708361938273878,0
1186886,Residential I (Under 6 Acres),461900,119800,342100,0.47,1,0.0,0,13.043103696418697,0
1186887,Residential I (Under 6 Acres),546100,124000,422100,0.25,1,0.0,0,13.210557388140245,0
1186889,Residential I (Under 6 Acres),272000,96100,175900,0.23,1,0.0,0,12.513557345278134,0
1186890,Residential I (Under 6 Acres),513000,112800,400200,0.14,1,1.0,1,13.148031124152906,1
1186895,Residential I (Under 6 Acres),337100,136800,200300,1.28,1,0.0,0,12.728134901222152,0
1186897,Residential I (Under 6 Acres),351600,122600,229000,0.22,1,0.0,0,12.770249444793158,0
1186899,Residential I (Under 6 Acres),290200,60000,230200,0.05,1,1.0,1,12.578325619432224,1
1186901,Residential I (Under 6 Acres),397300,119700,277600,0.16,1,0.0,0,12.89244694180269,0
1186902,Residential I (Under 6 Acres),780300,154900,625400,1.75,1,0.0,0,13.567433740104853,0
1186903,Residential I (Under 6 Acres),52100,42400,9700,0.06,1,0.0,0,10.860920227741458,0
1186905,Residential I (Under 6 Acres),284300,118900,165400,1.02,1,0.0,0,12.557785297639091,0
1186908,Residential I (Under 6 Acres),308300,118700,189600,0.14,1,0.0,0,12.638828613874242,0
1186909,Residential I (Under 6 Acres),200900,116400,84500,0.22,1,0.0,0,12.210562550803026,0
1186912,Residential I (Under 6 Acres),302200,92800,209400,0.14,1,0.0,0,12.618844328820776,0
1186913,Residential I (Under 6 Acres),205100,47800,157300,0.12,1,0.0,0,12.231252944060472,0
1186914,Residential I (Under 6 Acres),416400,118000,298400,0.58,1,0.0,0,12.93940161572295,0
1186916,Residential I (Under 6 Acres),326700,80700,246000,0.23,1,0.0,0,12.696797597589162,0
1186919,Residential I (Under 6 Acres),310800,81400,229400,0.25,1,0.0,0,12.646904897475629,0
1186922,Residential I (Under 6 Acres),547700,101800,445900,0.38,1,0.0,0,13.213482970771812,0
1186923,Residential I (Under 6 Acres),336000,129700,206300,4.26,1,0.0,0,12.724866438945341,0
1186924,Residential I (Under 6 Acres),341500,133400,208100,0.07,1,1.0,1,12.741102957992982,1
1186925,Residential I (Under 6 Acres),446200,166400,279800,0.44,1,0.0,0,13.00852256098057,0
1186926,Residential I (Under 6 Acres),375700,119200,256500,0.15,1,0.0,0,12.83654623156206,0
1186927,Residential I (Under 6 Acres),437700,116800,320900,0.55,1,0.0,0,12.989289023178987,0
1186928,Residential I (Under 6 Acres),470700,159100,311600,2.4,1,0.0,0,13.061976227389234,0
1186929,Residential I (Under 6 Acres),395500,138900,256600,0.17,1,0.0,0,12.887906066189846,0
1186930,Residential I (Under 6 Acres),348600,107000,241600,0.52,1,0.0,0,12.761680412068058,0
1186932,Residential I (Under 6 Acres),161900,75200,86700,0.18,1,0.0,0,11.994734139665727,0
1186933,Residential I (Under 6 Acres),484600,190400,294200,1.44,1,0.0,0,13.091079087364562,0
1186934,Residential I (Under 6 Acres),424600,126400,298200,1.22,1,0.0,0,12.958902828251293,0
1186935,Residential I (Under 6 Acres),296800,119400,177400,0.85,1,0.0,0,12.600813790275362,0
1186937,Residential I (Under 6 Acres),301700,77300,224400,0.12,1,0.0,0,12.617188425147152,0
1186939,Residential I (Under 6 Acres),328000,41600,286400,0.1,1,0.0,0,12.70076888736628,0
1186940,Residential I (Under 6 Acres),349900,117800,232100,0.12,1,0.0,0,12.765402678355779,0
1186943,Residential I (Under 6 Acres),306900,81400,225500,0.25,1,0.0,0,12.634277240607828,0
1186944,Residential I (Under 6 Acres),270500,45800,224700,0.14,1,0.0,0,12.508027377268673,0
1186945,Residential I (Under 6 Acres),423300,143900,279400,0.26,1,0.0,0,12.955836426509014,0
1186946,Residential I (Under 6 Acres),376200,134100,242100,0.15,1,0.0,0,12.837876195849066,0
1186947,Residential I (Under 6 Acres),359400,117300,242100,0.11,1,0.0,0,12.792191253331596,0
1186948,Residential I (Under 6 Acres),312000,143100,168900,0.38,1,0.0,0,12.65075846679162,0
1186949,Residential I (Under 6 Acres),332000,104800,227200,0.46,1,0.0,0,12.712890247898626,0
1186950,Residential I (Under 6 Acres),296900,93900,203000,0.17,1,0.0,0,12.601150660751852,0
1186952,Residential I (Under 6 Acres),335200,92000,243200,0.25,1,0.0,0,12.722482647590065,0
1186956,Residential I (Under 6 Acres),322300,111900,210400,0.47,1,0.0,0,12.68323806780353,0
1186957,Residential I (Under 6 Acres),499800,123500,376300,0.24,1,0.0,0,13.121963297382989,0
1186958,Residential I (Under 6 Acres),399400,115400,284000,0.07,1,1.0,1,12.897718699963852,1
1186959,Residential I (Under 6 Acres),366900,57100,309800,0.34,1,0.0,0,12.812844610343374,0
1186960,Residential I (Under 6 Acres),367100,146000,221100,0.1,1,0.0,0,12.813389569484926,0
1186962,Residential I (Under 6 Acres),253300,60000,193300,0.04,1,0.0,0,12.442329835989767,0
1186964,Residential I (Under 6 Acres),314900,132200,182700,0.42,1,0.0,0,12.660010407089116,0
1186965,Residential I (Under 6 Acres),439600,138900,300700,0.17,1,0.0,0,12.993620501511604,0
1186969,Residential I (Under 6 Acres),396200,134800,261400,0.33,1,0.0,0,12.889674413246588,0
1186973,Residential I (Under 6 Acres),473500,159100,314400,2.4,1,0.0,0,13.06790719160827,0
1186974,Residential I (Under 6 Acres),262400,91300,171100,0.1,1,0.0,0,12.477625336052071,0
1186977,Residential I (Under 6 Acres),309300,75800,233500,0.34,1,0.0,0,12.64206695867316,0
1186979,Residential I (Under 6 Acres),385500,117400,268100,3.8,1,0.0,0,12.862296471985522,0
1186980,Residential I (Under 6 Acres),360700,91600,269100,0.11,1,0.0,0,12.79580186689163,0
1186981,Residential I (Under 6 Acres),653500,159800,493700,0.33,1,0.0,0,13.390097812046413,0
1186983,Residential I (Under 6 Acres),349100,119200,229900,0.15,1,0.0,0,12.763113693093127,0
1186985,Residential I (Under 6 Acres),291400,80700,210700,0.23,1,0.0,0,12.582452172743242,0
1186987,Residential I (Under 6 Acres),350500,101400,249100,0.37,1,0.0,0,12.767115985456782,0
1186988,Residential I (Under 6 Acres),425200,138800,286400,0.71,1,0.0,0,12.96031492544993,0
1186989,Residential I (Under 6 Acres),208400,85500,122900,0.2,1,0.0,0,12.247214588861349,0
1186990,Residential I (Under 6 Acres),321200,96500,224700,0.24,1,0.0,0,12.679819261054744,0
1186996,Residential I (Under 6 Acres),322000,90100,231900,0.07,1,1.0,1,12.682306824526545,1
1186998,Residential I (Under 6 Acres),246300,84400,161900,0.16,1,0.0,0,12.414305584108629,0
1186999,Residential I (Under 6 Acres),294300,142300,152000,0.23,1,0.0,0,12.592354934221564,0
1187002,Residential I (Under 6 Acres),371900,94200,277700,0.31,1,0.0,0,12.826380279913161,0
1187004,Residential I (Under 6 Acres),428600,109900,318700,0.38,1,0.0,0,12.968279362021613,0
1187005,Residential I (Under 6 Acres),316900,106300,210600,1.2,1,0.0,0,12.666341545679012,0
1187006,Residential I (Under 6 Acres),347600,103600,244000,0.43,1,0.0,0,12.758807672373374,0
1187007,Residential I (Under 6 Acres),389100,114200,274900,0.39,1,0.0,0,12.871591658972646,0
1187008,Residential I (Under 6 Acres),288400,83100,205300,0.13,1,0.0,0,12.572103684392932,0
1187010,Residential I (Under 6 Acres),327900,104400,223500,0.45,1,0.0,0,12.700463962832739,0
1187012,Residential I (Under 6 Acres),306700,91300,215400,0.1,1,0.0,0,12.633625350102342,0
1187016,Residential I (Under 6 Acres),564300,133800,430500,0.64,1,0.0,0,13.243341303957232,0
1187017,Residential I (Under 6 Acres),280100,101400,178700,0.37,1,0.0,0,12.5429019612482,0
1187018,Residential I (Under 6 Acres),264600,83900,180700,0.33,1,0.0,0,12.485974530662993,0
1187020,Residential I (Under 6 Acres),220500,60800,159700,0.17,1,0.0,0,12.303652973869038,0
1187023,Residential I (Under 6 Acres),476900,132200,344700,0.42,1,0.0,0,13.075062104286316,0
1187024,Residential I (Under 6 Acres),435400,137300,298100,0.44,1,0.0,0,12.984020427782584,0
1187026,Residential I (Under 6 Acres),370200,133100,237100,1.02,1,0.0,0,12.821798679121533,0
1187027,Residential I (Under 6 Acres),140800,46700,94100,0.19,1,0.0,0,11.855095722706078,0
1187030,Residential I (Under 6 Acres),456000,101800,354200,0.38,1,0.0,0,13.030248088496522,0
1187032,Residential I (Under 6 Acres),420200,122600,297600,0.22,1,0.0,0,12.948486067393038,0
1187035,Residential I (Under 6 Acres),193100,50800,142300,0.27,1,0.0,0,12.170963468416605,0
1187037,Residential I (Under 6 Acres),373300,76700,296600,0.1,1,0.0,0,12.830137664902676,0
1187038,Residential I (Under 6 Acres),522200,109900,412300,0.38,1,0.0,0,13.165805935247166,0
1187039,Residential I (Under 6 Acres),260300,112900,147400,1.06,1,0.0,0,12.469590090982656,0
1187040,Residential I (Under 6 Acres),378600,107800,270800,0.54,1,0.0,0,12.84423551775736,0
1187042,Residential I (Under 6 Acres),255600,72700,182900,0.09,1,0.0,0,12.451369001485517,0
1187043,Residential I (Under 6 Acres),453300,107400,345900,0.68,1,0.0,0,13.02430943692894,0
1187044,Residential I (Under 6 Acres),346000,96000,250000,0.36,1,0.0,0,12.75419405403986,0
1187045,Residential I (Under 6 Acres),502800,140600,362200,0.2,1,0.0,0,13.12794775569823,0
1187046,Residential I (Under 6 Acres),366600,107900,258700,0.33,1,0.0,0,12.812026614387742,0
1187047,Residential I (Under 6 Acres),289900,105900,184000,0.49,1,0.0,0,12.577291314909747,0
1187049,Residential II (6 Acres or More),512100,146400,365700,10.1,1,0.0,0,13.146275197450642,0
1187050,Residential I (Under 6 Acres),294200,98000,196200,0.28,1,0.0,0,12.592015087149473,0
1187051,Residential I (Under 6 Acres),288700,105000,183700,0.09,1,0.0,0,12.573143365651026,0
1187056,Residential I (Under 6 Acres),578200,98300,479900,0.29,1,0.0,0,13.267675108564383,0
1187059,Residential I (Under 6 Acres),659300,136200,523100,0.25,1,0.0,0,13.39893394510139,0
1187074,Residential I (Under 6 Acres),342200,99900,242300,0.33,1,0.0,0,12.74315064044023,0
1187075,Residential I (Under 6 Acres),516700,155700,361000,1.88,1,0.0,0,13.155217714275276,0
1187076,Residential I (Under 6 Acres),329300,97600,231700,0.27,1,0.0,0,12.704724468364455,0
1187077,Residential I (Under 6 Acres),426900,156000,270900,0.44,1,0.0,0,12.964305072746054,0
1187078,Residential I (Under 6 Acres),194100,62200,131900,0.43,1,0.0,0,12.176128769157101,0
1187079,Residential I (Under 6 Acres),282700,78200,204500,0.28,1,0.0,0,12.552141543681682,0
1187081,Residential I (Under 6 Acres),273400,89200,184200,0.17,1,0.0,0,12.518691203271986,0
1187082,Residential I (Under 6 Acres),541800,158300,383500,0.48,1,0.0,0,13.202652208633133,0
1187083,Residential I (Under 6 Acres),306000,101000,205000,0.36,1,0.0,0,12.631340380934517,0
1187084,Residential I (Under 6 Acres),368400,118700,249700,0.14,1,0.0,0,12.816924583363289,0
1187086,Residential I (Under 6 Acres),716200,138800,577400,0.31,1,1.0,1,13.48171473654647,1
1187098,Residential I (Under 6 Acres),170200,64100,106100,0.11,1,1.0,1,12.04472949512141,1
1187120,Residential I (Under 6 Acres),537100,141500,395600,1.23,1,0.0,0,13.19393957589355,0
1187133,Residential I (Under 6 Acres),259400,115800,143600,0.08,1,0.0,0,12.46612655086448,0
1187134,Residential I (Under 6 Acres),592200,122400,469800,0.35,1,1.0,1,13.291599694649628,1
1187135,Residential I (Under 6 Acres),211800,46200,165600,0.16,1,0.0,0,12.263397712149443,0
1187136,Residential I (Under 6 Acres),343600,111100,232500,0.63,1,0.0,0,12.747233469092237,0
1187137,Residential I (Under 6 Acres),497600,133800,363800,1.85,1,0.0,0,13.117551820407106,0
1187145,Residential I (Under 6 Acres),334100,92000,242100,0.12,1,0.0,0,12.719195628344847,0
1187146,Residential I (Under 6 Acres),290800,99500,191300,0.32,1,0.0,0,12.580391024641502,0
1187147,Residential I (Under 6 Acres),390800,109600,281200,0.59,1,0.0,0,12.875951199150764,0
1187148,Residential I (Under 6 Acres),412800,117100,295700,0.71,1,0.0,0,12.93071849314949,0
1187149,Residential I (Under 6 Acres),414500,134700,279800,0.66,1,0.0,0,12.934828253557487,0
1187152,Residential I (Under 6 Acres),297500,78500,219000,0.16,1,0.0,0,12.603169503967822,0
1187160,Residential I (Under 6 Acres),250400,72400,178000,0.08,1,0.0,0,12.43081491820808,0
1187161,Residential I (Under 6 Acres),503000,168800,334200,0.48,1,0.0,0,13.128345449081877,0
1187165,Residential I (Under 6 Acres),474300,148900,325400,1.07,1,0.0,0,13.069595311865672,0
1187166,Residential I (Under 6 Acres),341700,117800,223900,0.12,1,0.0,0,12.741688438103383,0
1187168,Residential I (Under 6 Acres),319800,110300,209500,0.39,1,0.0,0,12.675451079381991,0
1187170,Residential I (Under 6 Acres),336900,101400,235500,0.37,1,0.0,0,12.727541429394645,0
1187171,Residential I (Under 6 Acres),227500,96500,131000,0.39,1,0.0,0,12.334905517373143,0
1187172,Residential I (Under 6 Acres),282500,90100,192400,0.07,1,1.0,1,12.551433829568632,1
1187173,Residential I (Under 6 Acres),288100,93100,195000,0.95,1,0.0,0,12.57106292107262,0
1187174,Residential I (Under 6 Acres),643700,143900,499800,0.26,1,0.0,0,13.374988058040707,0
1187176,Residential I (Under 6 Acres),186000,73400,112600,0.12,1,1.0,1,12.133501952695338,1
1187178,Residential I (Under 6 Acres),276500,83000,193500,0.12,1,0.0,0,12.529966099944527,0
1187179,Residential I (Under 6 Acres),343800,103300,240500,0.42,1,0.0,0,12.747815371930885,0
1187180,Residential I (Under 6 Acres),337500,98300,239200,0.44,1,0.0,0,12.729320789294722,0
1187181,Residential I (Under 6 Acres),650200,154500,495700,3.36,1,0.0,0,13.385035286851942,0
1187182,Residential I (Under 6 Acres),312800,42800,270000,0.17,1,0.0,0,12.653319287653293,0
1187183,Residential I (Under 6 Acres),199300,70200,129100,0.1,1,0.0,0,12.202566506200887,0
1187184,Residential I (Under 6 Acres),540700,88800,451900,0.16,1,0.0,0,13.200619875370096,0
1187185,Residential I (Under 6 Acres),288800,96000,192800,0.51,1,0.0,0,12.573489686000809,0
1187186,Residential I (Under 6 Acres),646800,141200,505600,0.21,1,1.0,1,13.37979240668509,1
1187189,Residential I (Under 6 Acres),358200,89900,268300,0.19,1,1.0,1,12.788846768608748,1
1187190,Residential I (Under 6 Acres),601600,153800,447800,1.82,1,0.0,0,13.307348051617767,0
1187191,Residential I (Under 6 Acres),218400,117300,101100,0.11,1,0.0,0,12.294083522852887,0
1187196,Residential I (Under 6 Acres),382500,115500,267000,0.2,1,0.0,0,12.854483932248728,0
1187201,Residential I (Under 6 Acres),295800,78900,216900,0.17,1,0.0,0,12.597438829258836,0
1187207,Residential I (Under 6 Acres),318100,111000,207100,0.1,1,0.0,0,12.670121077737235,0
1187208,Residential I (Under 6 Acres),418600,121100,297500,0.19,1,0.0,0,12.944671088994037,0
1187209,Residential I (Under 6 Acres),487700,113400,374300,0.69,1,0.0,0,13.097455741698145,0
1187213,Residential II (6 Acres or More),225600,175100,50500,10.3,1,0.0,0,12.32651879860604,0
1187214,Residential I (Under 6 Acres),303200,110400,192800,0.61,1,0.0,1,12.622147932750353,0
1187216,Residential I (Under 6 Acres),275600,94500,181100,1.0,1,0.0,0,12.526705818121641,0
1187217,Residential I (Under 6 Acres),263900,110600,153300,0.77,1,0.0,0,12.483325522491416,0
1187220,Residential I (Under 6 Acres),353100,138400,214700,0.16,1,0.0,0,12.774506581916478,0
1187222,Residential I (Under 6 Acres),286000,107400,178600,0.53,1,0.0,0,12.56374708980199,0
1187223,Residential I (Under 6 Acres),298200,96100,202100,0.23,1,0.0,0,12.605519681312774,0
1187224,Residential I (Under 6 Acres),278700,96500,182200,0.24,1,0.0,1,12.53789121347004,0
1187225,Residential I (Under 6 Acres),472800,115800,357000,0.08,1,1.0,1,13.066427745074025,1
1187227,Residential I (Under 6 Acres),242300,79800,162500,0.2,1,0.0,0,12.397931906804617,0
1187229,Residential I (Under 6 Acres),431300,133600,297700,0.2,1,0.0,0,12.974559182635934,0
1187231,Residential I (Under 6 Acres),373200,88600,284600,0.48,1,0.0,0,12.829869747955327,0
1187233,Residential I (Under 6 Acres),243300,83300,160000,0.31,1,0.0,0,12.402050528771614,0
1187236,Residential I (Under 6 Acres),278500,84800,193700,0.36,1,0.0,0,12.537173338349476,0
1187240,Residential I (Under 6 Acres),271300,57700,213600,0.23,1,0.0,0,12.510980498647022,0
1187243,Residential I (Under 6 Acres),363500,99900,263600,0.33,1,0.0,0,12.80353457595571,0
1187244,Residential I (Under 6 Acres),545200,178100,367100,1.0,1,0.0,0,13.208907978804515,0
1187246,Residential I (Under 6 Acres),373300,98400,274900,0.29,1,0.0,0,12.830137664902676,0
1187247,Residential I (Under 6 Acres),234300,80700,153600,0.23,1,0.0,0,12.364357624495886,0
1187249,Residential I (Under 6 Acres),281500,81500,200000,0.08,1,0.0,0,12.547887726561882,0
1187250,Residential I (Under 6 Acres),386300,139500,246800,0.18,1,0.0,0,12.864369548654373,0
1187251,Residential I (Under 6 Acres),271500,94600,176900,0.19,1,0.0,0,12.511717418356127,0
1187252,Residential I (Under 6 Acres),376300,101800,274500,0.38,1,0.0,0,12.838141976581529,0
1187253,Residential I (Under 6 Acres),244900,89300,155600,0.5,1,0.0,0,12.40860524294026,0
1187254,Residential I (Under 6 Acres),605200,129300,475900,0.36,1,0.0,0,13.313314260896338,0
1187255,Residential I (Under 6 Acres),380900,97700,283200,0.93,1,0.0,0,12.850292152466695,0
1187256,Residential I (Under 6 Acres),358000,96900,261100,0.25,1,0.0,0,12.788288265382837,0
1187257,Residential I (Under 6 Acres),429800,128700,301100,0.73,1,0.0,0,12.971075263190547,0
1187258,Residential II (6 Acres or More),432900,179800,253100,9.8,1,0.0,0,12.978262033430072,0
1187259,Residential I (Under 6 Acres),180200,60000,120200,0.04,1,1.0,1,12.101822624156375,1
1187260,Residential I (Under 6 Acres),223000,50100,172900,0.37,1,0.0,0,12.314927050442256,0
1187263,Residential I (Under 6 Acres),162600,78800,83800,0.3,1,1.0,1,11.999048476095847,1
1187264,Residential I (Under 6 Acres),362600,102100,260500,0.39,1,0.0,0,12.801055577302888,0
1187265,Residential I (Under 6 Acres),328300,108500,219800,0.56,1,0.0,0,12.701683103489684,0
1187266,Residential I (Under 6 Acres),297400,98800,198600,0.3,1,0.0,0,12.602833313008192,0
1187267,Residential I (Under 6 Acres),352600,108100,244500,0.7,1,1.0,1,12.773089548945906,1
1187270,Residential I (Under 6 Acres),321700,84800,236900,0.18,1,0.0,0,12.681374713227118,0
1187272,Residential I (Under 6 Acres),415500,133000,282500,0.19,1,0.0,0,12.93723789327764,0
1187274,Residential I (Under 6 Acres),513000,49000,464000,0.18,1,0.0,0,13.148031124152906,0
1187275,Residential I (Under 6 Acres),353700,136800,216900,2.3,1,0.0,0,12.776204375193572,0
1187278,Residential I (Under 6 Acres),325900,85400,240500,0.52,1,0.0,0,12.694345864825653,0
1187279,Residential I (Under 6 Acres),289700,85500,204200,0.38,1,0.0,0,12.576601183757441,0
1187282,Residential I (Under 6 Acres),375000,117300,257700,0.24,1,0.0,0,12.834681304952548,0
1187288,Residential I (Under 6 Acres),301100,98000,203100,0.28,1,0.0,0,12.615197714469826,0
1187289,Residential II (6 Acres or More),522100,176400,345700,10.8,1,0.0,0,13.165614419398644,0
1187290,Residential I (Under 6 Acres),384200,125400,258800,0.28,1,1.0,1,12.858918529316593,1
1187291,Residential I (Under 6 Acres),291400,88600,202800,0.48,1,0.0,0,12.582452172743242,0
1187292,Residential I (Under 6 Acres),282400,88000,194400,0.46,1,0.0,0,12.551079784601225,0
1187293,Residential I (Under 6 Acres),252300,90000,162300,0.84,1,1.0,1,12.438374134629148,1
1187294,Residential I (Under 6 Acres),345900,100600,245300,0.35,1,0.0,0,12.75390499492526,0
1187295,Residential I (Under 6 Acres),267600,78900,188700,0.17,1,0.0,0,12.49724860723621,0
1187296,Residential I (Under 6 Acres),278900,125900,153000,0.29,1,0.0,0,12.53860857361558,0
1187297,Residential I (Under 6 Acres),372700,101400,271300,0.37,1,0.0,0,12.82852908546735,0
1187298,Residential I (Under 6 Acres),598300,157100,441200,1.05,1,0.0,0,13.301847579378123,0
1187299,Residential I (Under 6 Acres),623000,163400,459600,0.39,1,0.0,0,13.34230179776959,0
1187301,Residential I (Under 6 Acres),621400,135000,486400,1.0,1,0.0,0,13.339730275941085,0
1187302,Residential I (Under 6 Acres),410900,100600,310300,0.35,1,0.0,0,12.9261051548715,0
1187304,Residential I (Under 6 Acres),232800,81700,151100,0.26,1,0.0,0,12.35793499483942,0
1187307,Residential I (Under 6 Acres),386000,101400,284600,0.37,1,0.0,0,12.863592648446968,0
1187308,Residential I (Under 6 Acres),368900,100900,268000,0.5,1,0.0,0,12.818280883584768,0
1187310,Residential I (Under 6 Acres),420600,98800,321800,0.66,1,0.0,0,12.949437542250736,0
1187312,Residential I (Under 6 Acres),425400,133700,291700,0.85,1,0.0,0,12.960785181748275,0
1187315,Residential I (Under 6 Acres),599400,130200,469200,1.8,1,0.0,0,13.3036844338647,0
1187319,Residential I (Under 6 Acres),381200,95000,286200,0.2,1,0.0,0,12.851079450762183,0
1187322,Residential I (Under 6 Acres),273200,88800,184400,0.16,1,0.0,0,12.517959406678772,0
1187323,Residential I (Under 6 Acres),374800,105900,268900,0.49,1,0.0,0,12.834147829346405,0
1187324,Residential I (Under 6 Acres),558200,117300,440900,0.51,1,0.0,0,13.232472600084359,0
1187326,Residential I (Under 6 Acres),432000,83600,348400,0.46,1,0.0,0,12.976180867226248,0
1187333,Residential I (Under 6 Acres),585600,190800,394800,1.24,1,0.0,0,13.280392241629238,0
1187338,Residential I (Under 6 Acres),436700,156500,280200,1.86,1,0.0,0,12.987001739473651,0
1187343,Residential I (Under 6 Acres),498600,169100,329500,4.16,1,0.0,0,13.119559450071595,0
1187388,Residential I (Under 6 Acres),395700,82000,313700,0.09,1,1.0,1,12.888411627373516,1
1187432,Residential II (6 Acres or More),504100,148700,355400,3.1,1,0.0,0,13.130529940070723,0
1187439,Residential I (Under 6 Acres),717800,153800,564000,3.89,1,0.0,0,13.483946257695644,0
1187447,Residential II (6 Acres or More),599400,272900,326500,76.3,1,0.0,1,13.3036844338647,0
1187448,Residential I (Under 6 Acres),513500,134200,379300,3.0,1,0.0,0,13.14900530835075,0
1187450,Residential I (Under 6 Acres),367200,111600,255600,0.11,1,0.0,0,12.813661937728472,0
1187455,Residential I (Under 6 Acres),565700,135200,430500,1.04,1,0.0,0,13.245819181331248,0
1187456,Residential I (Under 6 Acres),261800,79100,182700,0.31,1,0.0,0,12.475336132457937,0
1187463,Residential I (Under 6 Acres),591800,110700,481100,1.11,1,0.0,0,13.290924018948246,0
1187464,Residential II (6 Acres or More),622200,132300,489900,5.1,1,0.0,1,13.341016863445674,0
1187471,Residential I (Under 6 Acres),398300,131000,267300,0.54,1,0.0,0,12.894960769169735,0
1187475,Residential I (Under 6 Acres),562700,119000,443700,0.61,1,0.0,0,13.24050190542137,0
1187483,Residential I (Under 6 Acres),306600,119700,186900,0.16,1,0.0,0,12.63329924541985,0
1187523,Residential I (Under 6 Acres),212000,71300,140700,0.18,1,0.0,0,12.26434155365415,0
1187527,Residential I (Under 6 Acres),249400,68900,180500,0.09,1,0.0,0,12.426813312228074,0
1187530,Residential I (Under 6 Acres),422200,80700,341500,0.23,1,0.0,0,12.953234414396357,0
1187534,Residential I (Under 6 Acres),394200,91800,302400,0.58,1,0.0,0,12.884613673700757,0
1187539,Residential I (Under 6 Acres),231000,68200,162800,0.06,1,0.0,0,12.35017298950393,0
1187540,Residential I (Under 6 Acres),349200,99900,249300,0.33,1,0.0,0,12.763400102947584,0
1187542,Residential I (Under 6 Acres),235000,76700,158300,0.23,1,0.0,0,12.367340793126296,0
1187543,Residential I (Under 6 Acres),290800,122100,168700,0.21,1,0.0,0,12.580391024641502,0
1187544,Residential I (Under 6 Acres),352900,109500,243400,0.74,1,0.0,0,12.773940009663361,0
1187547,Residential I (Under 6 Acres),259400,80900,178500,0.37,1,0.0,0,12.46612655086448,0
1187548,Residential I (Under 6 Acres),717800,123200,594600,0.6,1,0.0,0,13.483946257695644,0
1187549,Residential I (Under 6 Acres),460700,126700,334000,1.26,1,0.0,0,13.040502350924008,0
1187551,Residential I (Under 6 Acres),305900,93100,212800,0.15,1,0.0,0,12.631013530138995,0
1187554,Residential I (Under 6 Acres),323600,140000,183600,0.19,1,0.0,0,12.687263464166474,0
1187563,Residential I (Under 6 Acres),420100,130500,289600,1.84,1,0.0,0,12.948248057157473,0
1187564,Residential I (Under 6 Acres),363000,120200,242800,0.17,1,0.0,0,12.802158113246987,0
1187567,Residential I (Under 6 Acres),513700,143700,370000,1.2,1,0.0,0,13.14939471645536,0
1187568,Residential I (Under 6 Acres),332400,125700,206700,1.1,1,0.0,0,12.71409434196343,0
1187569,Residential I (Under 6 Acres),524900,145000,379900,0.28,1,0.0,0,13.170963047240392,0
1187570,Residential I (Under 6 Acres),314100,120500,193600,0.31,1,0.0,0,12.657466685526737,0
1187571,Residential I (Under 6 Acres),359200,116000,243200,0.21,1,0.0,0,12.791634615410182,0
1187574,Residential I (Under 6 Acres),245200,123100,122100,0.95,1,0.0,0,12.409829483044193,0
1187576,Residential I (Under 6 Acres),440100,97600,342500,0.27,1,1.0,1,12.994757252799182,1
1187577,Residential I (Under 6 Acres),258300,96100,162200,0.23,1,0.0,0,12.461876979083932,0
1187578,Residential I (Under 6 Acres),441700,146700,295000,0.31,1,0.0,0,12.998386197584617,0
1187584,Residential I (Under 6 Acres),301200,81100,220100,0.24,1,0.0,0,12.615529774907875,0
1187586,Residential I (Under 6 Acres),386600,109900,276700,0.38,1,0.0,0,12.865145845756368,0
1187588,Residential I (Under 6 Acres),169900,45800,124100,0.14,1,0.0,0,12.042965307660024,0
1187590,Residential I (Under 6 Acres),437100,151800,285300,1.27,1,0.0,0,12.987917280851406,0
1187596,Residential I (Under 6 Acres),391100,129700,261400,0.87,1,0.0,0,12.876718560743605,0
1187598,Residential I (Under 6 Acres),472000,153800,318200,0.23,1,0.0,0,13.064734264567692,0
1187603,Residential I (Under 6 Acres),592400,96500,495900,0.24,1,0.0,0,13.291937361375782,0
1187604,Residential I (Under 6 Acres),289400,72400,217000,0.08,1,0.0,0,12.57556509317952,0
1187609,Residential I (Under 6 Acres),367600,81400,286200,0.25,1,0.0,0,12.814750669463669,0
1187610,Residential I (Under 6 Acres),440200,101400,338800,0.37,1,0.0,0,12.994984448074499,0
1187611,Residential I (Under 6 Acres),263300,96200,167100,0.88,1,0.0,0,12.4810493454844,0
1187612,Residential I (Under 6 Acres),277100,111900,165200,0.12,1,0.0,0,12.53213373085107,0
1187613,Residential I (Under 6 Acres),253000,94400,158600,0.82,1,0.0,0,12.441144767709657,0
1187615,Residential I (Under 6 Acres),404200,106300,297900,0.5,1,0.0,0,12.909665083951658,0
1187617,Residential I (Under 6 Acres),451800,141700,310100,0.22,1,0.0,0,13.02099488301604,0
1187618,Residential I (Under 6 Acres),274900,91300,183600,0.1,1,0.0,0,12.524162674153336,0
1187619,Residential I (Under 6 Acres),381200,88500,292700,0.15,1,0.0,0,12.851079450762183,0
1187620,Residential I (Under 6 Acres),313200,103600,209600,0.43,1,0.0,0,12.654597243098785,0
1187621,Residential I (Under 6 Acres),533500,110100,423400,0.93,1,0.0,0,13.187214349723945,0
1187624,Residential I (Under 6 Acres),339200,91300,247900,0.1,1,0.0,0,12.734345182899885,0
1187625,Residential I (Under 6 Acres),408400,126900,281500,2.5,1,0.0,0,12.920002365272648,0
1187626,Residential I (Under 6 Acres),350100,132100,218000,2.09,1,0.0,0,12.765974106942757,0
1187628,Residential I (Under 6 Acres),424500,122800,301700,0.25,1,0.0,0,12.958667284733538,0
1187632,Residential I (Under 6 Acres),372400,113100,259300,0.5,1,0.0,0,12.82772382438505,0
1187633,Residential I (Under 6 Acres),427200,111300,315900,1.2,1,0.0,0,12.965007566628122,0
1187634,Residential I (Under 6 Acres),314200,108100,206100,0.7,1,0.0,0,12.657785004803658,0
1187635,Residential I (Under 6 Acres),314900,115100,199800,0.19,1,0.0,0,12.660010407089116,0
1187638,Residential I (Under 6 Acres),181000,54400,126600,0.69,1,1.0,1,12.106252310247962,1
1187639,Residential I (Under 6 Acres),482300,100300,382000,0.34,1,0.0,0,13.086321606057064,0
1187640,Residential I (Under 6 Acres),310400,49200,261200,0.19,1,0.0,0,12.645617067291202,0
1187642,Residential I (Under 6 Acres),289000,77300,211700,0.12,1,0.0,0,12.57418196709457,0
1187643,Residential I (Under 6 Acres),360000,79200,280800,0.18,1,0.0,0,12.793859310432293,0
1187644,Residential I (Under 6 Acres),254200,82100,172100,0.41,1,0.0,0,12.445876637737491,0
1187645,Residential I (Under 6 Acres),381700,135000,246700,1.0,1,0.0,0,12.85239023873332,0
1187648,Residential I (Under 6 Acres),399600,124600,275000,0.99,1,0.0,0,12.898219325756536,0
1187652,Residential I (Under 6 Acres),336400,99900,236500,0.33,1,0.0,0,12.72605620708093,0
1187653,Residential I (Under 6 Acres),310900,104000,206900,0.44,1,0.0,0,12.647226596046846,0
1187657,Residential I (Under 6 Acres),294400,82300,212100,0.28,1,0.0,0,12.592694665836857,0
1187658,Residential I (Under 6 Acres),324800,95200,229600,0.34,1,0.0,0,12.69096488726966,0
1187660,Residential I (Under 6 Acres),410100,107400,302700,0.68,1,0.0,1,12.92415631138015,0
1187663,Residential I (Under 6 Acres),749800,125900,623900,0.29,1,1.0,1,13.527561783283948,1
1187664,Residential I (Under 6 Acres),379200,98400,280800,0.29,1,0.0,0,12.845819049363003,0
1187665,Residential I (Under 6 Acres),409400,120200,289200,0.17,1,0.0,0,12.922447952209327,0
1187667,Residential I (Under 6 Acres),399500,98000,301500,0.28,1,0.0,0,12.897969044188466,0
1187668,Residential I (Under 6 Acres),259400,87400,172000,0.44,1,0.0,0,12.46612655086448,0
1187670,Residential II (6 Acres or More),539600,143300,396300,2.28,1,0.0,0,13.198583403315737,0
1187671,Residential I (Under 6 Acres),242300,79800,162500,0.2,1,0.0,0,12.397931906804617,0
1187674,Residential I (Under 6 Acres),268200,76000,192200,0.08,1,0.0,0,12.499488249829716,0
1187677,Residential I (Under 6 Acres),449000,123500,325500,0.24,1,0.0,0,13.01477816672439,0
1187682,Residential I (Under 6 Acres),315800,96900,218900,0.25,1,0.0,0,12.66286438080368,0
1187686,Residential I (Under 6 Acres),278500,82300,196200,0.28,1,0.0,0,12.537173338349476,0
1187692,Residential I (Under 6 Acres),334800,88800,246000,0.16,1,0.0,0,12.721288617597457,0
1187698,Residential I (Under 6 Acres),276500,92800,183700,0.14,1,0.0,0,12.529966099944527,0
1187701,Residential I (Under 6 Acres),394200,111900,282300,0.33,1,0.0,0,12.884613673700757,0
1187703,Residential I (Under 6 Acres),573800,134800,439000,2.5,1,0.0,0,13.2600361825294,0
1187708,Residential I (Under 6 Acres),490100,134000,356100,0.86,1,0.0,0,13.102364730897639,0
1187709,Residential I (Under 6 Acres),292700,57600,235100,0.36,1,0.0,0,12.586903472679976,0
1187712,Residential I (Under 6 Acres),350700,108100,242600,0.7,1,0.0,1,12.767686436128269,0
1187718,Residential I (Under 6 Acres),257300,76300,181000,0.21,1,0.0,0,12.457997998269835,0
1187719,Residential I (Under 6 Acres),294600,87800,206800,0.13,1,0.0,0,12.593373783010668,0
1187721,Residential I (Under 6 Acres),263300,82000,181300,0.27,1,0.0,0,12.4810493454844,0
1187722,Residential I (Under 6 Acres),559400,88600,470800,0.48,1,0.0,0,13.234620059749997,0
1187724,Residential I (Under 6 Acres),262300,94600,167700,0.19,1,0.0,0,12.477244165854964,0
1187725,Residential II (6 Acres or More),539900,174000,365900,21.9,1,0.0,0,13.199139216206378,0
1187727,Residential I (Under 6 Acres),915400,109300,806100,0.27,1,0.0,0,13.72711640720168,0
1187728,Residential I (Under 6 Acres),357000,107100,249900,0.31,1,0.0,0,12.785491060761776,0
1187729,Residential I (Under 6 Acres),323400,99900,223500,0.33,1,0.0,0,12.686645226125144,0
1187730,Residential I (Under 6 Acres),703900,105100,598800,0.47,1,0.0,0,13.464391579596223,0
1187736,Residential I (Under 6 Acres),411400,120600,290800,0.18,1,0.0,0,12.927321256200994,0
1187742,Residential I (Under 6 Acres),409200,124000,285200,0.25,1,1.0,1,12.921959313059608,1
1187743,Residential II (6 Acres or More),330500,145100,185400,10.59,1,0.0,0,12.708361938273878,0
1187744,Residential I (Under 6 Acres),267900,96100,171800,0.23,1,0.0,0,12.4983690555327,0
1187746,Residential I (Under 6 Acres),386500,119400,267100,0.51,1,0.0,0,12.864887147009613,0
1187748,Residential I (Under 6 Acres),244800,68400,176400,0.08,1,1.0,1,12.408196829620309,1
1187750,Residential I (Under 6 Acres),374200,102000,272200,0.14,1,0.0,0,12.832545692822126,0
1187755,Residential I (Under 6 Acres),387300,86100,301200,0.4,1,0.0,0,12.866954865502844,0
1187756,Residential I (Under 6 Acres),333700,110700,223000,0.4,1,0.0,0,12.717997664739466,0
1187757,Residential I (Under 6 Acres),206400,79800,126600,0.2,1,0.0,0,12.237571312589544,0
1187758,Residential I (Under 6 Acres),386100,142700,243400,0.31,1,0.0,0,12.863851682252328,0
1187760,Residential I (Under 6 Acres),311200,91600,219600,0.11,1,0.0,0,12.648191071286373,0
1187761,Residential I (Under 6 Acres),419700,88600,331100,0.48,1,0.0,0,12.947295449321683,0
1187762,Residential I (Under 6 Acres),135400,45600,89800,0.13,1,0.0,0,11.815988639460311,0
1187764,Residential I (Under 6 Acres),607700,140300,467400,0.59,1,0.0,0,13.317436618123446,0
1187765,Residential I (Under 6 Acres),267200,80400,186800,0.22,1,0.0,0,12.495752720644628,0
1187767,Residential I (Under 6 Acres),385300,107500,277800,0.32,1,0.0,0,12.86177753061425,0
1187769,Residential I (Under 6 Acres),269800,46000,223800,0.22,1,1.0,1,12.505436222755792,1
1187771,Residential I (Under 6 Acres),279100,81400,197700,0.25,1,0.0,0,12.539325419524413,0
1187772,Residential I (Under 6 Acres),414500,107100,307400,0.31,1,0.0,0,12.934828253557487,0
1187773,Residential I (Under 6 Acres),376300,94200,282100,0.31,1,0.0,0,12.838141976581529,0
1187775,Residential I (Under 6 Acres),606100,160500,445600,0.91,1,0.0,0,13.314800267939376,0
1187778,Residential I (Under 6 Acres),375500,93000,282500,0.62,1,0.0,0,12.836013750186327,0
1187779,Residential I (Under 6 Acres),265700,87000,178700,0.11,1,0.0,0,12.490123131747906,0
1187780,Residential I (Under 6 Acres),410400,124800,285600,0.44,1,0.0,0,12.924887572838697,0
1187781,Residential I (Under 6 Acres),278100,95300,182800,0.49,1,0.0,0,12.535736040222057,0
1187782,Residential I (Under 6 Acres),232400,47800,184600,0.12,1,0.0,0,12.356215303959893,0
1187784,Residential I (Under 6 Acres),492900,80600,412300,0.51,1,0.0,0,13.108061592693469,0
1187787,Residential II (6 Acres or More),245100,126100,119000,11.83,1,0.0,0,12.409421569516203,0
1187788,Residential I (Under 6 Acres),319000,94300,224700,0.18,1,0.0,0,12.672946381766982,0
1187791,Residential I (Under 6 Acres),312900,91500,221400,0.37,1,0.0,0,12.653638929656973,0
1187792,Residential I (Under 6 Acres),333400,89900,243500,0.52,1,0.0,0,12.71709824929883,0
1187794,Residential I (Under 6 Acres),284800,116300,168500,0.09,1,0.0,0,12.559542458519958,0
1187796,Residential I (Under 6 Acres),492700,155200,337500,3.6,1,0.0,0,13.107655748532055,0
1187797,Residential I (Under 6 Acres),405000,121100,283900,0.19,1,1.0,1,12.911642346088676,1
1187798,Residential I (Under 6 Acres),289500,60000,229500,0.04,1,0.0,0,12.575910575995186,0
1187801,Residential I (Under 6 Acres),275200,91300,183900,0.1,1,1.0,1,12.525253385041326,1
1187802,Residential I (Under 6 Acres),378800,101400,277400,0.37,1,0.0,0,12.84476364029406,0
1187804,Residential I (Under 6 Acres),330800,114100,216700,2.4,1,0.0,0,12.709269242131674,0
1187807,Residential I (Under 6 Acres),446800,98000,348800,0.28,1,0.0,0,13.009866346177184,0
1187808,Residential I (Under 6 Acres),468500,128100,340400,1.48,1,0.0,0,13.057291380660613,0
1187810,Residential I (Under 6 Acres),228400,115800,112600,0.08,1,0.0,0,12.338853756763992,0
1187812,Residential I (Under 6 Acres),492000,118200,373800,0.13,1,1.0,1,13.106233995474446,1
1187813,Residential I (Under 6 Acres),366500,135600,230900,0.11,1,0.0,0,12.811753800308843,0
1187814,Residential I (Under 6 Acres),184300,47600,136700,0.11,1,0.0,0,12.124320143657915,0
1187818,Residential I (Under 6 Acres),292900,107400,185500,1.5,1,0.0,0,12.587586532815825,0
1187820,Residential I (Under 6 Acres),414400,108900,305500,0.57,1,0.0,0,12.93458696992741,0
1187821,Residential I (Under 6 Acres),220500,71300,149200,0.05,1,0.0,0,12.303652973869038,0
1187822,Residential I (Under 6 Acres),294300,80700,213600,0.23,1,0.0,0,12.592354934221564,0
1187824,Residential I (Under 6 Acres),410700,114800,295900,0.5,1,0.0,0,12.92561829994465,0
1187825,Residential I (Under 6 Acres),273000,87400,185600,0.44,1,0.0,0,12.517227074167097,0
1187830,Residential I (Under 6 Acres),585200,138800,446400,0.75,1,0.0,0,13.279708948128107,0
1187831,Residential I (Under 6 Acres),339500,129300,210200,0.36,1,0.0,0,12.735229225980888,0
1187832,Residential I (Under 6 Acres),337500,122000,215500,0.68,1,0.0,0,12.729320789294722,0
1187833,Residential I (Under 6 Acres),387200,95400,291800,0.21,1,0.0,0,12.866696634384558,0
1187834,Residential I (Under 6 Acres),301500,93900,207600,0.17,1,0.0,0,12.616525295149378,0
1187835,Residential I (Under 6 Acres),376400,123500,252900,0.24,1,0.0,0,12.838407686693362,0
1187836,Residential I (Under 6 Acres),420100,101000,319100,0.36,1,0.0,0,12.948248057157473,0
1187837,Residential I (Under 6 Acres),324200,83100,241100,0.13,1,0.0,0,12.689115888283713,0
