date,white,white_elo,black,black_elo,opening
2021.03.01,GutenFurz,1039,ivanvamvam,1059,"Bongcloud Attack"
2021.03.01,mapichar,1552,tbduru,1572,"Bongcloud Attack"
2021.03.01,NKoreaFanboy,612,RITHISH12082009,691,"Bongcloud Attack"
2021.03.01,PleaseSacrificeQueen,1086,topchancho,1090,"Bongcloud Attack"
2021.03.01,M3nthOr,1062,Mutahi,1148,"Bongcloud Attack"
2021.03.01,Friembly,1094,JSAC,1017,"Bongcloud Attack"
2021.03.01,JARCSCL,1635,Khoshnaw-80,1616,"Bongcloud Attack"
2021.03.01,Epicness314,1444,Repent_and_live,1926,"Bongcloud Attack"
2021.03.01,Epicness314,1442,kakafeniks,1644,"Bongcloud Attack"
2021.03.01,AdrianThe,896,Izzeddin01,958,"Bongcloud Attack"
2021.03.01,Dr_Sir_III,1316,Doyla,1293,"Bongcloud Attack"
2021.03.01,baerkinson,665,dermurrischeKerl,753,"Bongcloud Attack"
2021.03.01,Ikram_Shenpai,1643,PatakMatak,1642,"Bongcloud Attack"
2021.03.01,redhairedshank,844,Pankaj8851,859,"Bongcloud Attack"
2021.03.01,Vedika28,1478,Vedika_2021,1696,"Bongcloud Attack"
2021.03.01,Ikram_Shenpai,1620,kumarmuthu,1620,"Bongcloud Attack"
2021.03.01,alper1885,1446,demiraras,1632,"Bongcloud Attack"
2021.03.01,Havva-Nil-Tunca123,1393,elacennet1111,1600,"Bongcloud Attack"
2021.03.01,RaniKhan,1096,Hazama13,1091,"Bongcloud Attack"
2021.03.01,umami_clown,1379,Yasin-tr,1295,"Bongcloud Attack"
2021.03.01,RaniKhan,1099,Telwak,1135,"Bongcloud Attack"
2021.03.01,umami_clown,1367,majiddddd1356,1445,"Bongcloud Attack"
2021.03.01,FranciscoSoaresESC21,1006,antonioliveira,1097,"Bongcloud Attack"
2021.03.01,luckyme2024,1007,chesst1,965,"Bongcloud Attack"
2021.03.01,Danielmcloud,2159,zivansusulic,2247,"Bongcloud Attack"
2021.03.01,Houfaru,1510,theeone,1533,"Bongcloud Attack"
2021.03.01,Takiru825,1138,Kamolip006,1209,"Bongcloud Attack"
2021.03.01,Takiru825,1109,bonas,1083,"Bongcloud Attack"
2021.03.01,Takiru825,1101,vojathe,1097,"Bongcloud Attack"
2021.03.01,mrphil98,1694,M_Mosad,1667,"Bongcloud Attack"
2021.03.01,Pedro_Liu-250,1500,FelipeRD,1485,"Bongcloud Attack"
2021.03.01,Fenix-senpai,886,KiranRachha,877,"Bongcloud Attack"
2021.03.01,FarnooshTey,831,mahsa,1380,"Bongcloud Attack"
2021.03.01,ProHacker00,1521,EASON10,785,"Bongcloud Attack"
2021.03.01,dankeykang2020,1322,Craigyboy,1385,"Bongcloud Attack"
2021.03.01,mohansn,1243,Odracir331,1303,"Bongcloud Attack"
2021.03.01,Luap919,1610,ppramesh,1614,"Bongcloud Attack"
2021.03.01,dankeykang2020,1325,kemankess,1319,"Bongcloud Attack"
2021.03.01,SeriousRoberto,1991,adi_bv,2069,"Bongcloud Attack"
2021.03.01,konovalov-afanasii,1446,malaygoyal,1433,"Bongcloud Attack"
2021.03.01,baccyjoint,977,Denimmoneybrrr,1036,"Bongcloud Attack"
2021.03.01,mohamadtahaghorbani,1065,TillBrazil,976,"Bongcloud Attack"
2021.03.01,NotDrunkeinstein,1238,emreNovsky,1222,"Bongcloud Attack"
2021.03.01,redrex6,2008,waeljadla,1720,"Bongcloud Attack"
2021.03.01,Aaravshah15,1113,Freddieg,1430,"Bongcloud Attack"
2021.03.01,girev,1754,Vicktor0204,1707,"Bongcloud Attack"
2021.03.01,EraYSharP,1049,josagustin,2137,"Bongcloud Attack"
2021.03.01,PleaseSacrificeQueen,1157,johnnysaymon,1151,"Bongcloud Attack"
2021.03.01,xFearofdarkness,986,lukepudaite,969,"Bongcloud Attack"
2021.03.01,jpdmayo1986,1649,Casper_CSP,1547,"Bongcloud Attack"
2021.03.01,Csoreszburesz123,1761,Bircan86,1763,"Bongcloud Attack"
2021.03.01,kingpinn1,1437,ChrXL,1377,"Bongcloud Attack"
2021.03.01,vincenchips,1683,Manan-Ghelani,1669,"Bongcloud Attack"
2021.03.01,dianaz,1304,Vinosan,1316,"Bongcloud Attack"
2021.03.01,notastoic,842,belhamri99,725,"Bongcloud Attack"
2021.03.01,dianaz,1311,lyam1512,1369,"Bongcloud Attack"
2021.03.01,notastoic,839,frest1,716,"Bongcloud Attack"
2021.03.01,notastoic,845,nosdeeee,1315,"Bongcloud Attack"
2021.03.01,ke2ke2ke2,1304,Kyr_387,1338,"Bongcloud Attack"
2021.03.01,NKoreaFanboy,600,hamzou2,746,"Bongcloud Attack"
2021.03.01,notastoic,842,BradMcdanold,961,"Bongcloud Attack"
2021.03.01,omer999,1314,niffleur,1351,"Bongcloud Attack"
2021.03.01,Zile_Thee_MatrikS,1265,ChongQi,1271,"Bongcloud Attack"
2021.03.01,Lucalucam,1658,yeswthatwasasac,1654,"Bongcloud Attack"
2021.03.01,maialaatorranta,2033,brafos,1624,"Bongcloud Attack"
2021.03.01,coxno,2241,ln1973,2234,"Bongcloud Attack"
2021.03.01,AndyWalls,681,EmiEs123,970,"Bongcloud Attack"
2021.03.01,Mic1090,1560,MSM55555,1627,"Bongcloud Attack"
2021.03.02,ItzSW2,1051,Fer_Al_HG_1103,1092,"Bongcloud Attack"
2021.03.02,chummydoofus,959,Monbeau,983,"Bongcloud Attack"
2021.03.02,matten94,1244,EmpKetan,1246,"Bongcloud Attack"
2021.03.02,ItzSW2,1052,Chavulani,999,"Bongcloud Attack"
2021.03.02,JesusCB,1917,Raminjafari47,1907,"Bongcloud Attack"
2021.03.02,EsauSolis,1617,piratovk,1622,"Bongcloud Attack"
2021.03.02,Pieos,1109,Amogham,1246,"Bongcloud Attack"
2021.03.02,TreaT_sc2,1420,luigianedda,1373,"Bongcloud Attack"
2021.03.02,Elixs,1042,Laiswell,1392,"Bongcloud Attack"
2021.03.02,rakaadityakuncara,1606,generalsterlingprice,1635,"Bongcloud Attack"
2021.03.02,nurunurdil,1136,Denmasss,1193,"Bongcloud Attack"
2021.03.02,KrishnaKomalMitra,1487,bjakazi,1490,"Bongcloud Attack"
2021.03.02,rcchua,1437,SmallToh,1285,"Bongcloud Attack"
2021.03.02,Reztastik,1558,amiya1212,1502,"Bongcloud Attack"
2021.03.02,Aziemah,1500,sharifahdariah,1500,"Bongcloud Attack"
2021.03.02,Akatshego,1660,alalala123ala,1658,"Bongcloud Attack"
2021.03.02,FiMHarlenx,1500,JohnBestBlunder,1607,"Bongcloud Attack"
2021.03.02,aaronjohndelasalas,1370,SlSL22,1268,"Bongcloud Attack"
2021.03.02,rakaadityakuncara,1565,Rahulbittu,1581,"Bongcloud Attack"
2021.03.02,No_blindes,727,ovOShNoy,908,"Bongcloud Attack"
2021.03.02,EricT-51,1214,MaxK5_1,1485,"Bongcloud Attack"
2021.03.02,EA2123,1036,shahmatnij_kot,1127,"Bongcloud Attack"
2021.03.02,Gamebro78,1742,vsuponev,1733,"Bongcloud Attack"
2021.03.02,agadagada,1640,waller511,1679,"Bongcloud Attack"
2021.03.02,C0ochieman,1193,ChrisH1983,1214,"Bongcloud Attack"
2021.03.02,Maarkiitooss,1269,Gamesrik456,1482,"Bongcloud Attack"
2021.03.02,earlygrab,1133,uma478,1195,"Bongcloud Attack"
2021.03.02,C0ochieman,1178,N_Kamolov,1103,"Bongcloud Attack"
2021.03.02,C0ochieman,1165,Akifispirli,1247,"Bongcloud Attack"
2021.03.02,C0ochieman,1161,DJ313,1165,"Bongcloud Attack"
2021.03.02,C0ochieman,1145,GENAROO,1185,"Bongcloud Attack"
2021.03.02,C0ochieman,1134,enes3455,1242,"Bongcloud Attack"
2021.03.02,shiraizu,1364,sinergy05,1381,"Bongcloud Attack"
2021.03.02,shiraizu,1377,dafuqx,1364,"Bongcloud Attack"
2021.03.02,hijklm39,1264,Honeyto9,1180,"Bongcloud Attack"
2021.03.02,dankeykang2020,1322,Sorken,1296,"Bongcloud Attack"
2021.03.02,Mao_Meriodasu,1094,giu_pereira77,1057,"Bongcloud Attack"
2021.03.02,Super_Nova_Cat,1739,ultraleicht,1658,"Bongcloud Attack"
2021.03.02,essd8,1259,strega,1196,"Bongcloud Attack"
2021.03.02,Skanderw,1102,abdelhak20031711,1074,"Bongcloud Attack"
2021.03.02,Sherinegirl,901,chessmalte,861,"Bongcloud Attack"
2021.03.02,BalancedBeekeeper,1375,FactualCariboo,1005,"Bongcloud Attack"
2021.03.02,blimdtakes,1170,heaveNNN,1220,"Bongcloud Attack"
2021.03.02,Super_Nova_Cat,1703,hydralisk2020,1652,"Bongcloud Attack"
2021.03.02,arascetiner,739,matador3481,1359,"Bongcloud Attack"
2021.03.02,MaximeJaccon,1469,Andres7116,1019,"Bongcloud Attack"
2021.03.02,Herpherp,1087,dykmannick,1103,"Bongcloud Attack"
2021.03.02,Slavisaaa,1899,Bodegon02,1556,"Bongcloud Attack"
2021.03.02,AprilCoco,1359,Ad325,1343,"Bongcloud Attack"
2021.03.02,RoundishVirus11,881,furkanozun,939,"Bongcloud Attack"
2021.03.02,oldbudgie,978,appopay,1021,"Bongcloud Attack"
2021.03.02,Gustalfil,1426,Zeshandachess,1366,"Bongcloud Attack"
2021.03.02,Gustalfil,1418,jkwarlick,1414,"Bongcloud Attack"
2021.03.02,SacrificingMyKing,604,fraoufo,681,"Bongcloud Attack"
2021.03.02,yasadaddy,783,lg4492,1053,"Bongcloud Attack"
2021.03.02,schwarz5,1276,diemosk,1294,"Bongcloud Attack"
2021.03.02,lg4492,1101,Danny_Crognale,1969,"Bongcloud Attack"
2021.03.02,lg4492,1275,BlackCat700,2224,"Bongcloud Attack"
2021.03.02,JohanWedin,1141,Peru92,1111,"Bongcloud Attack"
2021.03.02,walito,1235,LevoPasa,1216,"Bongcloud Attack"
2021.03.02,Yagizz07,1676,ozanol,1616,"Bongcloud Attack"
2021.03.02,Diegodino03,820,Kratziell,787,"Bongcloud Attack"
2021.03.02,MYMSLogan,940,rambler_099,1091,"Bongcloud Attack"
2021.03.02,ethan2217,666,mike_Nicolas2021,660,"Bongcloud Attack"
2021.03.02,Gustalfil,1417,chriskaloykakou,1427,"Bongcloud Attack"
2021.03.02,Gustalfil,1412,DrDruenkenstein,1384,"Bongcloud Attack"
2021.03.02,Pralino69,1134,Globule9,1372,"Bongcloud Attack"
2021.03.02,MrStrandMan,1493,WordierPaladin,1424,"Bongcloud Attack"
2021.03.02,Benjiduka,965,dades211,893,"Bongcloud Attack"
2021.03.02,SuperHjelten,939,alvarolopezzz,933,"Bongcloud Attack"
2021.03.02,Rookie_player,1870,zuperman,1876,"Bongcloud Attack"
2021.03.02,arm567,910,rocknrolla8,883,"Bongcloud Attack"
2021.03.02,degenaratepawneater,1283,SonorDrummer66,1381,"Bongcloud Attack"
2021.03.02,gombrich39,1554,ilanE,1675,"Bongcloud Attack"
2021.03.03,ke2ke2ke2,1376,AleximoS,1373,"Bongcloud Attack"
2021.03.03,ke2ke2ke2,1355,brunoalbieri,1375,"Bongcloud Attack"
2021.03.03,ke2ke2ke2,1377,Dm_El_Aguila,1353,"Bongcloud Attack"
2021.03.03,RollingFire,1174,Sakamakik,1199,"Bongcloud Attack"
2021.03.03,Gustalfil,1403,dostavka_sushi,1361,"Bongcloud Attack"
2021.03.03,ohdeefish,1038,tokannan,972,"Bongcloud Attack"
2021.03.03,Bossker,645,mariaaeacostaa,701,"Bongcloud Attack"
2021.03.03,Bossker,636,saga77,629,"Bongcloud Attack"
2021.03.03,Jenifer5,1395,morganthebest,1395,"Bongcloud Attack"
2021.03.03,ohdeefish,1049,Romeopatterson,1060,"Bongcloud Attack"
2021.03.03,C71308590YHON,1416,B61196970DIOMAR,1583,"Bongcloud Attack"
2021.03.03,Jenifer5,1389,morganthebest,1403,"Bongcloud Attack"
2021.03.03,Gustalfil,1387,amro2017,1381,"Bongcloud Attack"
2021.03.03,Jenifer5,1402,morganthebest,1387,"Bongcloud Attack"
2021.03.03,Blue_1919,1526,Toppas,1779,"Bongcloud Attack"
2021.03.03,Jenifer5,1402,morganthebest,1388,"Bongcloud Attack"
2021.03.03,Jenifer5,1418,MyguardianAngel1226,1343,"Bongcloud Attack"
2021.03.03,Jenifer5,1399,noooob0,1475,"Bongcloud Attack"
2021.03.03,Jenifer5,1390,noooob0,1513,"Bongcloud Attack"
2021.03.03,Jenifer5,1394,noooob0,1499,"Bongcloud Attack"
2021.03.03,shiraizu,1370,VyacheslavMyshkin,1348,"Bongcloud Attack"
2021.03.03,Jenifer5,1402,delaziz,1396,"Bongcloud Attack"
2021.03.03,Gustalfil,1381,Passah,1353,"Bongcloud Attack"
2021.03.03,Jenifer5,1355,Itzz_Navneet,1428,"Bongcloud Attack"
2021.03.03,Jenifer5,1301,sulthansyf,1312,"Bongcloud Attack"
2021.03.03,Halkeri,1518,josepheze,1515,"Bongcloud Attack"
2021.03.03,JESYL,1824,VK_INDIA,1834,"Bongcloud Attack"
2021.03.03,Jenifer5,1339,Hamzat0209,1625,"Bongcloud Attack"
2021.03.03,umami_clown,1361,HBA07700,1303,"Bongcloud Attack"
2021.03.03,Jenifer5,1338,miha1986,1396,"Bongcloud Attack"
2021.03.03,Jenifer5,1307,samverma,1331,"Bongcloud Attack"
2021.03.03,OorphiCc,1467,text_editor,1423,"Bongcloud Attack"
2021.03.03,KingPieceBro,1500,Ok_Mayte,1500,"Bongcloud Attack"
2021.03.03,Ablqze,975,Architect-Eci,1123,"Bongcloud Attack"
2021.03.03,Loyal1985,1576,mirbat007,1567,"Bongcloud Attack"
2021.03.03,GolubevaToma,752,kamkos,657,"Bongcloud Attack"
2021.03.03,KingPieceBro,1364,RuzSucksAtChess,1231,"Bongcloud Attack"
2021.03.03,JESYL,1827,Darkwizard1201,1309,"Bongcloud Attack"
2021.03.03,KingPieceBro,1372,AnataAisteru,1383,"Bongcloud Attack"
2021.03.03,DrSasha,2228,Poyiaz,2162,"Bongcloud Attack"
2021.03.03,Hausarbeit,1428,nikhilop,1397,"Bongcloud Attack"
2021.03.03,Super_Nova_Cat,1693,terrazephr,1671,"Bongcloud Attack"
2021.03.03,Kenulya,724,SJC_Ayaan,804,"Bongcloud Attack"
2021.03.03,Lbncali,1647,irfan074,1779,"Bongcloud Attack"
2021.03.03,MoneyJ2k,1549,Miknius,1640,"Bongcloud Attack"
2021.03.03,muatasem320,1902,KCfish,1760,"Bongcloud Attack"
2021.03.03,Zolboo0806,1356,Suba0602,1736,"Bongcloud Attack"
2021.03.03,maximo1302,1719,manuelalberti,1041,"Bongcloud Attack"
2021.03.03,serooo456,1511,moorich,1506,"Bongcloud Attack"
2021.03.03,JustBeHappyNow,1226,Liber1975,1208,"Bongcloud Attack"
2021.03.03,Joseph_cartaphilus,1079,ioanis,1084,"Bongcloud Attack"
2021.03.03,bAnDiDo51,1868,Julioabog,1863,"Bongcloud Attack"
2021.03.03,DrSasha,2219,gopox,2216,"Bongcloud Attack"
2021.03.03,DaniVargas11,1402,agustinbotero,1393,"Bongcloud Attack"
2021.03.03,HugoOMasons,1323,InigoSMasons,1487,"Bongcloud Attack"
2021.03.03,bogdan_ed,1225,BAKUGANtr,1285,"Bongcloud Attack"
2021.03.03,DerangedDango,915,Sealeihe,782,"Bongcloud Attack"
2021.03.03,jorgeyaguanahd,1536,SofiaGuevaraHD,1615,"Bongcloud Attack"
2021.03.03,Eoogmea,1310,keksoff2019,1348,"Bongcloud Attack"
2021.03.03,Abdel7ameed,1531,ELIDOREYES,1534,"Bongcloud Attack"
2021.03.03,Super_Nova_Cat,1698,physicist_20,1722,"Bongcloud Attack"
2021.03.03,AugieTenkhoff,1237,hunter7777777,1257,"Bongcloud Attack"
2021.03.03,SOD1489,1158,LuciosGross,1135,"Bongcloud Attack"
2021.03.03,Fredericia,2268,PusheenMeow,2410,"Bongcloud Attack"
2021.03.03,Talexander,1741,checkplex,1887,"Bongcloud Attack"
2021.03.03,hexold,889,Makheda,964,"Bongcloud Attack"
2021.03.03,omer999,1311,prempotabatti,1309,"Bongcloud Attack"
2021.03.03,pipeyuyu6768,1723,Johanncortes,1840,"Bongcloud Attack"
2021.03.03,omer999,1305,Arminius-Rheinland,1280,"Bongcloud Attack"
2021.03.03,Gustalfil,1356,ShaharMS,1400,"Bongcloud Attack"
2021.03.03,dodonko,903,Tu2daddy,1043,"Bongcloud Attack"
2021.03.03,AndroVova,1500,Atmask,1627,"Bongcloud Attack"
2021.03.03,ms131ansony,1077,RaymondLin,975,"Bongcloud Attack"
2021.03.03,AndroVova,1333,Atakan_242,1191,"Bongcloud Attack"
2021.03.03,DoYouKnowWhoIAm,1633,MuruganK,1711,"Bongcloud Attack"
2021.03.03,AndroVova,954,Ceren519,1034,"Bongcloud Attack"
2021.03.03,Dunderklumpen1337,1226,juseant,1138,"Bongcloud Attack"
2021.03.03,DoYouKnowWhoIAm,1628,Tafila,1623,"Bongcloud Attack"
2021.03.03,droozd,1444,BatuhanOguzz,1160,"Bongcloud Attack"
2021.03.03,marcobs13,1500,LossBringer,1481,"Bongcloud Attack"
2021.03.03,AlpGokalp,791,LukeFromIT,831,"Bongcloud Attack"
2021.03.03,JIBEY,958,Spatially_challenged,990,"Bongcloud Attack"
2021.03.03,V_III,1013,Rand0mUsername,935,"Bongcloud Attack"
2021.03.03,muchomor320,1257,king_Richie,1370,"Bongcloud Attack"
2021.03.03,muchomor320,1227,king_Richie,1378,"Bongcloud Attack"
2021.03.03,der_tom_ahja,969,Pear_Koala,1020,"Bongcloud Attack"
2021.03.03,Gustalfil,1330,DM34,1370,"Bongcloud Attack"
2021.03.03,Gustalfil,1325,Lamentor,1287,"Bongcloud Attack"
2021.03.03,Nishidra,918,Angelo943D5,877,"Bongcloud Attack"
2021.03.03,GoldSeriousBank,1064,Luthynho,1021,"Bongcloud Attack"
2021.03.04,Bong_Cloud13,2025,Ubee51,1956,"Bongcloud Attack"
2021.03.04,Mae_S,1148,J563,1139,"Bongcloud Attack"
2021.03.04,COLJ_BRZ,1535,Dewey29,1502,"Bongcloud Attack"
2021.03.04,Gustalfil,1328,nicolasfsr492,1304,"Bongcloud Attack"
2021.03.04,SirJase,1952,drredterror,1959,"Bongcloud Attack"
2021.03.04,Bossker,631,elbichy,750,"Bongcloud Attack"
2021.03.04,Jenifer5,1298,AleStern,1284,"Bongcloud Attack"
2021.03.04,lewis2021,1387,Jesus_Loves,1398,"Bongcloud Attack"
2021.03.04,AlexRod1809,890,Dael05,1341,"Bongcloud Attack"
2021.03.04,dogg123,1541,dogg562,1553,"Bongcloud Attack"
2021.03.04,COLJ_BRZ,1535,kohmar,1531,"Bongcloud Attack"
2021.03.04,ivanfearango,1314,mound,1257,"Bongcloud Attack"
2021.03.04,ZF2K,1264,LunarAmbrosia,1279,"Bongcloud Attack"
2021.03.04,COLJ_BRZ,1513,CesarPajuelo_UTP,1532,"Bongcloud Attack"
2021.03.04,Mate_On_f7,1470,rodtran23,1386,"Bongcloud Attack"
2021.03.04,oliversetiono123,1242,Gustalfil,1321,"Bongcloud Attack"
2021.03.04,Gustalfil,1310,MHA2406,1343,"Bongcloud Attack"
2021.03.04,KingZero23,1208,lukduk,1233,"Bongcloud Attack"
2021.03.04,Mabaitnabata,1394,knn33,1344,"Bongcloud Attack"
2021.03.04,Gustalfil,1310,hardik_a,1311,"Bongcloud Attack"
2021.03.04,PiyK,1252,ademfoi,1221,"Bongcloud Attack"
2021.03.04,piyush_jpr_chess,2015,Usturaci,1902,"Bongcloud Attack"
2021.03.04,i_hate_chesssss,937,hermestrisme11,824,"Bongcloud Attack"
2021.03.04,HikaruNakamuraBot,1913,clueless-bot,2200,"Bongcloud Attack"
2021.03.04,QiSteiner,1265,nesturillu,1258,"Bongcloud Attack"
2021.03.04,danialadib,921,DemianAbbot,930,"Bongcloud Attack"
2021.03.04,BloomJr,888,Kuzey0808,867,"Bongcloud Attack"
2021.03.04,nurqaisara,1500,A7007,1711,"Bongcloud Attack"
2021.03.04,Slavisaaa,1899,aajith2004,1298,"Bongcloud Attack"
2021.03.04,Broken_Sway,1399,MaGnUs-204,1444,"Bongcloud Attack"
2021.03.04,Warrenko,1658,Berlinmars,1716,"Bongcloud Attack"
2021.03.04,rishaanskhot,614,jerolastiri,674,"Bongcloud Attack"
2021.03.04,FELIPERICHIERI,1647,rafamarangoni,1641,"Bongcloud Attack"
2021.03.04,Super_Nova_Cat,1693,bohys,1739,"Bongcloud Attack"
2021.03.04,Zolboo0806,1364,Mygmarsvren12,1559,"Bongcloud Attack"
2021.03.04,DoYouKnowWhoIAm,1622,magicsentence,1550,"Bongcloud Attack"
2021.03.04,notastoic,840,ap2020up,1821,"Bongcloud Attack"
2021.03.04,ArkaGonchoudhuri,1103,Villeviktor123,1158,"Bongcloud Attack"
2021.03.04,damnikindadontcare,1319,DAR99,1328,"Bongcloud Attack"
2021.03.04,dmischkeram,1911,Gunees,1696,"Bongcloud Attack"
2021.03.04,RUTAMZANWAR,1339,Arav_dhoot,1438,"Bongcloud Attack"
2021.03.04,Itsgktime,1466,kostas414,1494,"Bongcloud Attack"
2021.03.04,Itsgktime,1459,Erenozden20,1478,"Bongcloud Attack"
2021.03.04,Chduxud,1425,andrewqa,1486,"Bongcloud Attack"
2021.03.04,hilfigertout,1135,kasfex,1118,"Bongcloud Attack"
2021.03.04,notahmed,1300,Aryanathaa,1299,"Bongcloud Attack"
2021.03.04,TylerDurden00,1932,tegi,1906,"Bongcloud Attack"
2021.03.04,Dhiraj4168,1133,mankriti1611,1104,"Bongcloud Attack"
2021.03.04,GAGACHECKER,1001,jport500,1069,"Bongcloud Attack"
2021.03.04,hilfigertout,1144,PolskiMasterMind,1253,"Bongcloud Attack"
2021.03.04,iamtrying2playchess,1760,SentVinsent,1749,"Bongcloud Attack"
2021.03.04,RM_679,1497,proatomic123,1511,"Bongcloud Attack"
2021.03.04,JimmyRustles,1783,B_jalalat,1726,"Bongcloud Attack"
2021.03.04,Enrique418,1697,I_R1,1299,"Bongcloud Attack"
2021.03.04,SawioS,917,memirskor,1005,"Bongcloud Attack"
2021.03.04,ELISEO2D,756,valeria2c,1530,"Bongcloud Attack"
2021.03.04,NKoreaFanboy,627,Ola0987,629,"Bongcloud Attack"
2021.03.04,msanii,1989,uchame,1817,"Bongcloud Attack"
2021.03.04,LeonidPetreski,2097,JaNN14,1104,"Bongcloud Attack"
2021.03.04,globus13,1333,CJ0602,1328,"Bongcloud Attack"
2021.03.04,DreamLich,1053,gabal2006,1140,"Bongcloud Attack"
2021.03.04,Sebastian_Torres,1500,TJSteel75,1374,"Bongcloud Attack"
2021.03.04,jayemay,1252,mardukagressivo,1134,"Bongcloud Attack"
2021.03.04,jdaws,875,calvindimmig,902,"Bongcloud Attack"
2021.03.04,Zaton71,1490,MrHolmanTheSmarty,1543,"Bongcloud Attack"
2021.03.04,illegalDisease,1327,rezoner,1404,"Bongcloud Attack"
2021.03.04,ArieS_ICT,932,Sven_ICT,1351,"Bongcloud Attack"
2021.03.04,EmilieSage,971,idk652315,822,"Bongcloud Attack"
2021.03.04,kisgels,1274,rsc_aprendiz,1265,"Bongcloud Attack"
2021.03.04,adrianvilchezgo,833,Flavio_Campana,1227,"Bongcloud Attack"
2021.03.04,jayemay,1315,matc_83,1264,"Bongcloud Attack"
2021.03.04,jayemay,1406,Brqa,1328,"Bongcloud Attack"
2021.03.05,FRANCHI2020,1022,Brianna2014,969,"Bongcloud Attack"
2021.03.05,Gustalfil,1307,ThiagoEmanoel,1343,"Bongcloud Attack"
2021.03.05,hilfigertout,1186,StevieJack,1103,"Bongcloud Attack"
2021.03.05,SlovenijanGambit,968,chessinitup,1028,"Bongcloud Attack"
2021.03.05,pintimilyoner,1162,r_lykos,1160,"Bongcloud Attack"
2021.03.05,pintimilyoner,1156,RuralPro,1209,"Bongcloud Attack"
2021.03.05,sofiaajedrez,1380,irrrlrvant,1323,"Bongcloud Attack"
2021.03.05,Gatolocoses,1001,VinoliP,888,"Bongcloud Attack"
2021.03.05,Kepereza,968,Evankhell05,1256,"Bongcloud Attack"
2021.03.05,Bluebine,1161,arjunvarma2,1089,"Bongcloud Attack"
2021.03.05,magicfatkid,1111,sean075,1112,"Bongcloud Attack"
2021.03.05,wesleyshoe,2124,Mrkool1_2020,2176,"Bongcloud Attack"
2021.03.05,kisgels,1257,vinay_matt,1218,"Bongcloud Attack"
2021.03.05,Joker3110,1527,srdsosee,1540,"Bongcloud Attack"
2021.03.05,isaeldar,1367,Rsp89,1368,"Bongcloud Attack"
2021.03.05,blund3rist,1889,sajid2001,1753,"Bongcloud Attack"
2021.03.05,XxChessinator69xX,1258,murugantm,1249,"Bongcloud Attack"
2021.03.05,pratikkhadke_pk,1641,BSV1969,1619,"Bongcloud Attack"
2021.03.05,pratikkhadke_pk,1633,dimagaponov999,1598,"Bongcloud Attack"
2021.03.05,pratikkhadke_pk,1638,mabu6,1663,"Bongcloud Attack"
2021.03.05,pintimilyoner,1173,FritzBob,1155,"Bongcloud Attack"
2021.03.05,bellymonster,1983,Mikola_Ka,1921,"Bongcloud Attack"
2021.03.05,JerbyDelana,1077,Victor-Saunier,1065,"Bongcloud Attack"
2021.03.05,EthansWinn,1427,pippo--888,1489,"Bongcloud Attack"
2021.03.05,BliTzer3,2147,chipiyu_chess_slayer,1941,"Bongcloud Attack"
2021.03.05,AlejoClemente,1538,selimcinarballi,1478,"Bongcloud Attack"
2021.03.05,AsmitKhare,1060,Nabukas,990,"Bongcloud Attack"
2021.03.05,RamDejin,1865,benhemsi,1831,"Bongcloud Attack"
2021.03.05,Beren61,893,Eymensrky,1328,"Bongcloud Attack"
2021.03.05,IsaacH4TLR,1216,Karta_dharta,1281,"Bongcloud Attack"
2021.03.05,RamDejin,1854,Atlantik07,1875,"Bongcloud Attack"
2021.03.05,toasterdog,1146,bbdanisa,1287,"Bongcloud Attack"
2021.03.05,CiemnySmok,1084,Very-lucky,1079,"Bongcloud Attack"
2021.03.05,kenzhebekov_asanali,1103,Goretska_05,1710,"Bongcloud Attack"
2021.03.05,MadCatTR,979,Galvarinos_pupil,908,"Bongcloud Attack"
2021.03.05,ziombelomza,1406,Raam96,1437,"Bongcloud Attack"
2021.03.05,MadCatTR,980,Pureflex,1063,"Bongcloud Attack"
2021.03.05,frotis-man,1108,Hannan30,1115,"Bongcloud Attack"
2021.03.05,AngrySeas,2013,garry64,1961,"Bongcloud Attack"
2021.03.05,ACastillo-DSA,1033,ARiviere-DSA,1243,"Bongcloud Attack"
2021.03.05,frotis-man,1106,AqvaZlo,1034,"Bongcloud Attack"
2021.03.05,sam33321,1582,crepperx28,1478,"Bongcloud Attack"
2021.03.05,hilfigertout,1287,Rekoko,1278,"Bongcloud Attack"
2021.03.05,kenobiwanobi,1127,Artemred11,1164,"Bongcloud Attack"
2021.03.05,hilfigertout,1283,rosta000,1191,"Bongcloud Attack"
2021.03.05,Super_Nova_Cat,1681,Civibin,1694,"Bongcloud Attack"
2021.03.05,Jurado_oscaroman-19,1749,Iker_Pablo1974,1862,"Bongcloud Attack"
2021.03.05,MoskRaro,1041,rasmi1,1134,"Bongcloud Attack"
2021.03.05,Stevie_Madden,1220,jacobclimbs,1232,"Bongcloud Attack"
2021.03.05,Booker5,844,KiNgurUbot,856,"Bongcloud Attack"
2021.03.05,ZuhairMhmd,1260,Kuridak,1313,"Bongcloud Attack"
2021.03.05,jasonf7,993,Rasheedgee,1096,"Bongcloud Attack"
2021.03.05,omer999,1306,hhhhha,1297,"Bongcloud Attack"
2021.03.05,omer999,1305,TigersN06,1295,"Bongcloud Attack"
2021.03.05,Dede-Liu39,2501,GLeruste,2541,"Bongcloud Attack"
2021.03.05,BeanSharpie,1707,Flybut,1727,"Bongcloud Attack"
2021.03.05,Tiatas,1441,ksjsn,1390,"Bongcloud Attack"
2021.03.05,jasonf7,996,morguet,1008,"Bongcloud Attack"
2021.03.05,zbe7,954,DraconBr,952,"Bongcloud Attack"
2021.03.05,kiranbhandari,1570,LanKommando,1573,"Bongcloud Attack"
2021.03.05,ElLeviathan,1396,sameenahmedsaami,962,"Bongcloud Attack"
2021.03.05,Dandy_Lion,1403,Moreb,1403,"Bongcloud Attack"
2021.03.05,omer999,1299,slochess1313,1241,"Bongcloud Attack"
2021.03.05,kindergartenchampion,1001,ashoooforever,1112,"Bongcloud Attack"
2021.03.05,MartimESanto,1203,Matilde_shiny,881,"Bongcloud Attack"
2021.03.05,samet_74,1067,caganchess74,1288,"Bongcloud Attack"
2021.03.05,jasonf7,985,kaganrayvaughan,1007,"Bongcloud Attack"
2021.03.05,pratikkhadke_pk,1643,ardassa,1668,"Bongcloud Attack"
2021.03.05,pratikkhadke_pk,1648,MeguminsGambit,1687,"Bongcloud Attack"
2021.03.05,slippu,880,ge-mar,825,"Bongcloud Attack"
2021.03.05,majitozapateroa,825,RguadarramaJr,1155,"Bongcloud Attack"
2021.03.05,JackcanSmack,613,p0ntifex_maximus,691,"Bongcloud Attack"
2021.03.05,chess1312acab,1745,rondesol,1711,"Bongcloud Attack"
2021.03.05,abstractcube,1221,Jelenkovic-nesa0809,1121,"Bongcloud Attack"
2021.03.05,Dragonborn997,1583,chirignago,1535,"Bongcloud Attack"
2021.03.05,Jose-Alfredo,1506,V22_08,1883,"Bongcloud Attack"
2021.03.05,Kiron_Roy,1670,Threshprince,1236,"Bongcloud Attack"
2021.03.05,icy_billiams_phd,1639,AliFirooz,1655,"Bongcloud Attack"
2021.03.05,icy_billiams_phd,1627,arcady_balandin,1524,"Bongcloud Attack"
2021.03.05,DimaSDQ,1252,gennadiy_nisiforov,985,"Bongcloud Attack"
2021.03.05,j4in,1232,OswldGlVzzL,1342,"Bongcloud Attack"
2021.03.05,SuperHjelten,945,Nuronom,935,"Bongcloud Attack"
2021.03.05,MANU4545,727,Henando6,740,"Bongcloud Attack"
2021.03.05,msanii,1991,albertzav,2002,"Bongcloud Attack"
2021.03.05,msanii,1991,albertzav,2002,"Bongcloud Attack"
2021.03.05,gregor9927,952,Ketill69,1022,"Bongcloud Attack"
2021.03.05,camiprincesa,1117,kkovik,1029,"Bongcloud Attack"
2021.03.05,Imbadathisgame,1073,lumino01,1134,"Bongcloud Attack"
2021.03.06,EricZab,1172,Malcolm345,1159,"Bongcloud Attack"
2021.03.06,Imbadathisgame,1080,thesteamengine2,1074,"Bongcloud Attack"
2021.03.06,Dandy_Lion,1415,Renklaf,1415,"Bongcloud Attack"
2021.03.06,AleJumbo,1237,Ilany_tapia,1807,"Bongcloud Attack"
2021.03.06,Helbert008,1203,sarzenski,1659,"Bongcloud Attack"
2021.03.06,Belldozer,1364,badderM,1343,"Bongcloud Attack"
2021.03.06,Leon1971,1048,pryzum,1067,"Bongcloud Attack"
2021.03.06,jasonf7,974,Not_aSmurf,936,"Bongcloud Attack"
2021.03.06,Alondra5678,1421,JoelJQ,1404,"Bongcloud Attack"
2021.03.06,Alondra5678,1424,sahsuhseh,1468,"Bongcloud Attack"
2021.03.06,hilfigertout,1301,qweqweqwe41,1301,"Bongcloud Attack"
2021.03.06,lmaoxDjjJJSJAJJAJAJ,1711,Fernando22Gamboa,1720,"Bongcloud Attack"
2021.03.06,Lifoc_x,1063,Lisandrozarate,986,"Bongcloud Attack"
2021.03.06,hilfigertout,1302,EMP86,1305,"Bongcloud Attack"
2021.03.06,lmaoxDjjJJSJAJJAJAJ,1729,flook,1711,"Bongcloud Attack"
2021.03.06,hilfigertout,1292,butstink_100,1301,"Bongcloud Attack"
2021.03.06,lmaoxDjjJJSJAJJAJAJ,1716,x1600ggp,1661,"Bongcloud Attack"
2021.03.06,lmaoxDjjJJSJAJJAJAJ,1727,Laiana,1721,"Bongcloud Attack"
2021.03.06,hilfigertout,1292,kes10,1221,"Bongcloud Attack"
2021.03.06,lmaoxDjjJJSJAJJAJAJ,1727,BrazilSemiotician,1614,"Bongcloud Attack"
2021.03.06,hilfigertout,1291,Safrel,1321,"Bongcloud Attack"
2021.03.06,jasonf7,979,benderma,979,"Bongcloud Attack"
2021.03.06,JerbyDelana,1082,Kamr1905,1131,"Bongcloud Attack"
2021.03.06,JerbyDelana,1082,harpreet83,980,"Bongcloud Attack"
2021.03.06,JerbyDelana,1081,hexflores87,1127,"Bongcloud Attack"
2021.03.06,JerbyDelana,1094,gokmentezgel,1077,"Bongcloud Attack"
2021.03.06,barleymo,1995,Fikus60,1912,"Bongcloud Attack"
2021.03.06,jasonf7,974,Hugo27Silva,968,"Bongcloud Attack"
2021.03.06,jasonf7,974,twilight19,977,"Bongcloud Attack"
2021.03.06,TylerDurden00,1959,Alb72Orsk,1940,"Bongcloud Attack"
2021.03.06,JerbyDelana,1102,Shubhampant07,967,"Bongcloud Attack"
2021.03.06,JerbyDelana,1101,mrgranite,1201,"Bongcloud Attack"
2021.03.06,neelbhai94,1113,Ribonuclease,1084,"Bongcloud Attack"
2021.03.06,JerbyDelana,1067,chezzmastah,1075,"Bongcloud Attack"
2021.03.06,SeokJean,1599,Betterthankarl,1603,"Bongcloud Attack"
2021.03.06,RaniKhan,1103,fuzzynips,1127,"Bongcloud Attack"
2021.03.06,ricojlou,1831,jaranan,1862,"Bongcloud Attack"
2021.03.06,SeokJean,1631,yeyedcutan,1672,"Bongcloud Attack"
2021.03.06,lmnotran,936,P_N_YN,1009,"Bongcloud Attack"
2021.03.06,MaryamSana,897,nevermindlol,823,"Bongcloud Attack"
2021.03.06,emanepsilon,1639,Calidus,1661,"Bongcloud Attack"
2021.03.06,SesarPiskita,1198,Mooslim123,1270,"Bongcloud Attack"
2021.03.06,BeforeB4,1457,Lakicd,1449,"Bongcloud Attack"
2021.03.06,PaUlMaNdOn,1681,lebrasco,1682,"Bongcloud Attack"
2021.03.06,NCKnight,1400,DenGlemteSok,1312,"Bongcloud Attack"
2021.03.06,Jamesm18,1274,SalarHamid,1294,"Bongcloud Attack"
2021.03.06,Super_Nova_Cat,1682,Aniket321,1685,"Bongcloud Attack"
2021.03.06,RolandsOzo,906,MaratsS,1350,"Bongcloud Attack"
2021.03.06,JerbyDelana,1061,Tikhon_Podosenov,1182,"Bongcloud Attack"
2021.03.06,Hyperuser,1422,Shahar_T41,1526,"Bongcloud Attack"
2021.03.06,zbe7,966,Msorix,962,"Bongcloud Attack"
2021.03.06,Luke_Owen,1882,mk_1984,1815,"Bongcloud Attack"
2021.03.06,kingpossessed,898,yepii,953,"Bongcloud Attack"
2021.03.06,kingpossessed,886,errabenaz,964,"Bongcloud Attack"
2021.03.06,ErdeneBatErdeneBat,1517,puujee0412,1429,"Bongcloud Attack"
2021.03.06,kingpossessed,866,Ivan44ow,895,"Bongcloud Attack"
2021.03.06,kingpossessed,841,C600k,988,"Bongcloud Attack"
2021.03.06,kingpossessed,822,zuhal96,831,"Bongcloud Attack"
2021.03.06,hilfigertout,1306,dr_aftub,1305,"Bongcloud Attack"
2021.03.06,kingpossessed,813,dai-pe-done,826,"Bongcloud Attack"
2021.03.06,arnoldfederico,921,SaitamaPolo,866,"Bongcloud Attack"
2021.03.06,lulztiger,1246,myatniy_ledenec,1349,"Bongcloud Attack"
2021.03.06,hilfigertout,1320,Amannn,1322,"Bongcloud Attack"
2021.03.06,Dandy_Lion,1408,depson,1443,"Bongcloud Attack"
2021.03.06,Folgaurdian,1156,GGOKIRMAK,1233,"Bongcloud Attack"
2021.03.06,Cancan55,1283,bhaveshji,1269,"Bongcloud Attack"
2021.03.06,VerySuperFamous,872,todani,850,"Bongcloud Attack"
2021.03.06,YektaYenil,1122,denisgord,1180,"Bongcloud Attack"
2021.03.06,ArchieTaylor,974,Ge0rge_T,1511,"Bongcloud Attack"
2021.03.06,h4rd1k,1059,MarcosGabriel17,1083,"Bongcloud Attack"
2021.03.06,umutcanyesil,1527,Bishko,1485,"Bongcloud Attack"
2021.03.06,Rqnzen,1500,Abhimahind,1457,"Bongcloud Attack"
2021.03.06,h4rd1k,1066,pds121,1105,"Bongcloud Attack"
2021.03.06,Rqnzen,1233,dr_lenkart,1200,"Bongcloud Attack"
2021.03.06,hilfigertout,1322,yhymp,1373,"Bongcloud Attack"
2021.03.06,umutcanyesil,1517,benemirhan,1480,"Bongcloud Attack"
2021.03.06,ladoboi,1500,vapelord69,1147,"Bongcloud Attack"
2021.03.06,Dandy_Lion,1429,GraeU,1441,"Bongcloud Attack"
2021.03.06,Rickygabry,1749,sanarezaeian1388,1229,"Bongcloud Attack"
2021.03.06,IIBADSPORTII,1432,LKatsieris,1237,"Bongcloud Attack"
2021.03.06,pratikkhadke_pk,1632,Aleks1211,1626,"Bongcloud Attack"
2021.03.06,MiroslavMirosla,1745,StarwaX,1637,"Bongcloud Attack"
2021.03.06,MiroslavMirosla,1756,BabarMurtaza,1754,"Bongcloud Attack"
2021.03.06,LeonidPetreski,2103,Josimo,1212,"Bongcloud Attack"
2021.03.06,skakibill,902,thdiakoloukas,1490,"Bongcloud Attack"
2021.03.06,Clorony,1500,mikkelu,1500,"Bongcloud Attack"
2021.03.06,MiroslavMirosla,1739,Sarim-TR,1824,"Bongcloud Attack"
2021.03.06,Dragonborn997,1604,luismamani007,1681,"Bongcloud Attack"
2021.03.06,coxno,2219,da4amarante,2108,"Bongcloud Attack"
2021.03.06,Gokhanarelsagsoz,946,gknsgz,718,"Bongcloud Attack"
2021.03.06,Shrimp-Puerto-Rico,1112,JaseFace,1075,"Bongcloud Attack"
2021.03.06,KingPieceBro,1497,SidScarlet,1464,"Bongcloud Attack"
2021.03.06,PenName,1576,dsanders2017,1515,"Bongcloud Attack"
2021.03.06,KingPieceBro,1460,AlexGh,2146,"Bongcloud Attack"
2021.03.06,JJOlczyk,835,sccaliskan,899,"Bongcloud Attack"
2021.03.06,Turbobuxe,990,Writestuff,894,"Bongcloud Attack"
2021.03.06,msanii,2024,Mudo33,2031,"Bongcloud Attack"
2021.03.06,hilfigertout,1310,nano81,1313,"Bongcloud Attack"
2021.03.06,hilfigertout,1322,nano81,1286,"Bongcloud Attack"
2021.03.06,hilfigertout,1328,spiderbdx,1295,"Bongcloud Attack"
2021.03.06,hilfigertout,1334,PMIL,1280,"Bongcloud Attack"
2021.03.06,Mert-Efe1,1587,Hard-Pass,1571,"Bongcloud Attack"
2021.03.06,coxno,2212,sergov,2152,"Bongcloud Attack"
2021.03.06,dmischkeram,1943,Magicbb,1779,"Bongcloud Attack"
2021.03.06,Hyperuser,1431,Amator1234,1404,"Bongcloud Attack"
2021.03.06,Aldavero,1500,mammotta,1313,"Bongcloud Attack"
2021.03.06,hilfigertout,1322,JewishCat,1414,"Bongcloud Attack"
2021.03.06,Hollow_Tube,981,ivan823,970,"Bongcloud Attack"
2021.03.06,sf-kaya05,997,bulkol52,1059,"Bongcloud Attack"
2021.03.06,warriorMDP,1701,Aen3as,1720,"Bongcloud Attack"
2021.03.06,batigol8787,1673,imperator1919,1718,"Bongcloud Attack"
2021.03.06,Baeguetteman,1200,RT22,1181,"Bongcloud Attack"
2021.03.06,CaptCanuck35,1105,JCMull,1103,"Bongcloud Attack"
2021.03.06,CaptCanuck35,1116,Arrower,1094,"Bongcloud Attack"
2021.03.06,Noelia_ajc,678,Ian1234567,804,"Bongcloud Attack"
2021.03.06,QuertyX,1487,FXR_Vovota,1330,"Bongcloud Attack"
2021.03.06,Sreerookie,965,Xalanot,1044,"Bongcloud Attack"
2021.03.07,hanyui,800,joaquinnar,1174,"Bongcloud Attack"
2021.03.07,lmaoxDjjJJSJAJJAJAJ,1743,Bandera666,1788,"Bongcloud Attack"
2021.03.07,lmaoxDjjJJSJAJJAJAJ,1744,dexqua,1696,"Bongcloud Attack"
2021.03.07,lmaoxDjjJJSJAJJAJAJ,1738,Admir2021,1746,"Bongcloud Attack"
2021.03.07,lmaoxDjjJJSJAJJAJAJ,1744,arieltupara29,1719,"Bongcloud Attack"
2021.03.07,lmaoxDjjJJSJAJJAJAJ,1743,arieltupara29,1721,"Bongcloud Attack"
2021.03.07,lmaoxDjjJJSJAJJAJAJ,1730,Doc13,1727,"Bongcloud Attack"
2021.03.07,Koray_01,1283,Alcisi,1311,"Bongcloud Attack"
2021.03.07,Gustalfil,1262,GEera,1240,"Bongcloud Attack"
2021.03.07,amirmoti,1580,DunedainSR,1315,"Bongcloud Attack"
2021.03.07,zandwu,1522,JoelJQ,1417,"Bongcloud Attack"
2021.03.07,an_enby,833,DigitalDisco,858,"Bongcloud Attack"
2021.03.07,Gustalfil,1272,Chumpi77,1314,"Bongcloud Attack"
2021.03.07,SacrificingMyKing,640,mark71147,950,"Bongcloud Attack"
2021.03.07,themathsorcerer,1644,bglancy,1617,"Bongcloud Attack"
2021.03.07,BeforeB4,1491,kingchrisx,1485,"Bongcloud Attack"
2021.03.07,JerbyDelana,1110,Amber39,1051,"Bongcloud Attack"
2021.03.07,arunanand246,784,Akilan1409,1181,"Bongcloud Attack"
2021.03.07,h4rd1k,1069,rahul9594,1000,"Bongcloud Attack"
2021.03.07,BeforeB4,1449,lid1972,1466,"Bongcloud Attack"
2021.03.07,h4rd1k,1062,deltave-60,941,"Bongcloud Attack"
2021.03.07,barleymo,1910,bw32,1899,"Bongcloud Attack"
2021.03.07,JerbyDelana,1142,Jonsgd,1217,"Bongcloud Attack"
2021.03.07,BeforeB4,1480,electricity23,1446,"Bongcloud Attack"
2021.03.07,BeforeB4,1479,electricity23,1447,"Bongcloud Attack"
2021.03.07,BlindfoldAccount95,1914,dimien123,1914,"Bongcloud Attack"
2021.03.07,Rumandawi_1217,1668,Awangkas_3552,1927,"Bongcloud Attack"
2021.03.07,barleymo,1888,cp2050,1883,"Bongcloud Attack"
2021.03.07,Sreerookie,982,multyPeter,877,"Bongcloud Attack"
2021.03.07,rchoudhury,1500,Sobhoneel333,1438,"Bongcloud Attack"
2021.03.07,Eestranged,1634,quemero80,1644,"Bongcloud Attack"
2021.03.07,fjachess,1864,ArgoNautt,1297,"Bongcloud Attack"
2021.03.07,h4rd1k,1066,pbuka,970,"Bongcloud Attack"
2021.03.07,toterlol,1194,nobbi66,1092,"Bongcloud Attack"
2021.03.07,toterlol,1075,Zazoouuu,991,"Bongcloud Attack"
2021.03.07,atom_1729,1549,janemnemonic,1542,"Bongcloud Attack"
2021.03.07,atom_1729,1573,Gennadiy_46,1572,"Bongcloud Attack"
2021.03.07,shishirplayinghere,1160,charliebrownbrown,1154,"Bongcloud Attack"
2021.03.07,BenTheBlaster16,1476,Iagosevic,1501,"Bongcloud Attack"
2021.03.07,juan-carlos,2254,rubengilmondelo64,2166,"Bongcloud Attack"
2021.03.07,thedanfrom91,1149,alimkse19,1178,"Bongcloud Attack"
2021.03.07,ErdeneBatErdeneBat,1404,Oyungerelll,1504,"Bongcloud Attack"
2021.03.07,ishallwooopyoass,1852,SmokeCocaine,1826,"Bongcloud Attack"
2021.03.07,I_Will_Kick_Your_Acc,1301,Raj12_gupta-90,1306,"Bongcloud Attack"
2021.03.07,ke2ke2ke2,1361,ByeBye420,1330,"Bongcloud Attack"
2021.03.07,Maatji,1544,Aercio27,1581,"Bongcloud Attack"
2021.03.07,ammar_mohdazizul,1838,teowyz,1831,"Bongcloud Attack"
2021.03.07,msanii,2044,filipecs95,2009,"Bongcloud Attack"
2021.03.07,Piano_Reeves,1438,patricciocorrea,1394,"Bongcloud Attack"
2021.03.07,silwamba,1605,andergallardo,967,"Bongcloud Attack"
2021.03.07,silwamba,1566,UchHulk,1171,"Bongcloud Attack"
2021.03.07,UchHulk,1237,maheranton,1893,"Bongcloud Attack"
2021.03.07,Schachkid_Arvid,1386,PeterAnhalt,1665,"Bongcloud Attack"
2021.03.07,silwamba,1532,jayeshgandhi,1340,"Bongcloud Attack"
2021.03.07,silwamba,1516,Dvaty,1699,"Bongcloud Attack"
2021.03.07,h4rd1k,1061,beratbozkurt,1102,"Bongcloud Attack"
2021.03.07,silwamba,1525,vgbond8,1548,"Bongcloud Attack"
2021.03.07,Gustalfil,1275,IamAwavefunction,1344,"Bongcloud Attack"
2021.03.07,silwamba,1504,Adarsh_Giri,968,"Bongcloud Attack"
2021.03.07,lolhacks,1393,IamReallyReallyBad,1351,"Bongcloud Attack"
2021.03.07,silwamba,1469,JoostSPlat,1251,"Bongcloud Attack"
2021.03.07,silwamba,1441,undertaker76,1135,"Bongcloud Attack"
2021.03.07,silwamba,1420,databasesankar,1250,"Bongcloud Attack"
2021.03.07,lolhacks,1403,SlawekP,1493,"Bongcloud Attack"
2021.03.07,silwamba,1401,angevindu49,1542,"Bongcloud Attack"
2021.03.07,hilfigertout,1318,bluewolves,1315,"Bongcloud Attack"
2021.03.07,KinjalSardar,1860,vibhugarg,1846,"Bongcloud Attack"
2021.03.07,jasonf7,996,Schach_Telsatz,1048,"Bongcloud Attack"
2021.03.07,CONRADkkAY,1091,Le_Prf,1097,"Bongcloud Attack"
2021.03.07,lolhacks,1417,nameKia,1489,"Bongcloud Attack"
2021.03.07,MiroslavMirosla,1721,ASen78,1716,"Bongcloud Attack"
2021.03.07,egeren72,968,beriilizm,1217,"Bongcloud Attack"
2021.03.07,LelouchG,1022,shiovibritania,1313,"Bongcloud Attack"
2021.03.07,matteonovelli,1705,kishor_kumar_nhvv,1639,"Bongcloud Attack"
2021.03.07,Shadowassasin489,1932,Pranav1974,1702,"Bongcloud Attack"
2021.03.07,LelouchG,1011,shiovibritania,1302,"Bongcloud Attack"
2021.03.07,Gustalfil,1278,PsarevMark17,1273,"Bongcloud Attack"
2021.03.07,Targino50,1348,maroblesi,1256,"Bongcloud Attack"
2021.03.07,lmaoxDjjJJSJAJJAJAJ,1749,feralcas,1740,"Bongcloud Attack"
2021.03.07,lmaoxDjjJJSJAJJAJAJ,1737,ludol,1763,"Bongcloud Attack"
2021.03.07,lmaoxDjjJJSJAJJAJAJ,1732,valormae,1808,"Bongcloud Attack"
2021.03.07,KinkE2,1592,WINLOSEDRAW2,1624,"Bongcloud Attack"
2021.03.07,mnmurray,1403,jardell,1406,"Bongcloud Attack"
2021.03.07,lmaoxDjjJJSJAJJAJAJ,1726,Juan7740,1691,"Bongcloud Attack"
2021.03.07,dmischkeram,1936,pinottos,1899,"Bongcloud Attack"
2021.03.07,Deystroyer1073,915,neatgift,1781,"Bongcloud Attack"
2021.03.07,lmaoxDjjJJSJAJJAJAJ,1724,twin2081,1708,"Bongcloud Attack"
2021.03.07,lmaoxDjjJJSJAJJAJAJ,1718,Tgachossein,1715,"Bongcloud Attack"
2021.03.07,DutchDuche,1233,fshrv,995,"Bongcloud Attack"
2021.03.07,jasonf7,1003,Lordhululung,1066,"Bongcloud Attack"
2021.03.07,Abis_Sai,1575,NotoriousMMAHER,1589,"Bongcloud Attack"
2021.03.07,Aliencheeks,1203,baesecula,1139,"Bongcloud Attack"
2021.03.07,Lucas_Mota,1481,Ori_77,1483,"Bongcloud Attack"
2021.03.07,JARCSCL,1656,Heymus55,1658,"Bongcloud Attack"
2021.03.07,I_Will_Kick_Your_Acc,1078,kuestor,932,"Bongcloud Attack"
2021.03.07,TimberNovice,1090,RMiao,1069,"Bongcloud Attack"
2021.03.07,Hexzin,1145,worlds_away,1183,"Bongcloud Attack"
2021.03.07,hanatf2,995,nedimgokhan,1005,"Bongcloud Attack"
2021.03.07,UJUSTLOSTLOL,856,attois,808,"Bongcloud Attack"
2021.03.07,sirkuh,1599,Troit,1584,"Bongcloud Attack"
2021.03.07,Joabassasino,1319,Solezar,1319,"Bongcloud Attack"
2021.03.07,Joabassasino,1288,yadirah19,1393,"Bongcloud Attack"
2021.03.07,white_cross,1423,ROZIQIN14,1380,"Bongcloud Attack"
2021.03.07,wdawadwdawdawad,1253,Rogzdar,1253,"Bongcloud Attack"
2021.03.07,lmaoxDjjJJSJAJJAJAJ,1686,V-Staples,1695,"Bongcloud Attack"
2021.03.07,anaerobic,1378,Eislobys,1487,"Bongcloud Attack"
2021.03.07,lmaoxDjjJJSJAJJAJAJ,1692,VSCoimbra,1692,"Bongcloud Attack"
2021.03.08,umami_clown,1357,valonchi76,1358,"Bongcloud Attack"
2021.03.08,umami_clown,1350,placoom,1345,"Bongcloud Attack"
2021.03.08,Gustalfil,1263,Chessman19790303,1294,"Bongcloud Attack"
2021.03.08,h01xz,1250,Rizkiaditya33,1253,"Bongcloud Attack"
2021.03.08,rippingbongtill2200,1500,crossbones666,1486,"Bongcloud Attack"
2021.03.08,StrangeNWeird,1076,Tariq_027,1074,"Bongcloud Attack"
2021.03.08,AmmarAzizul20,1853,Namaarius,1855,"Bongcloud Attack"
2021.03.08,DanielOlanChama,1272,OpZawa,1273,"Bongcloud Attack"
2021.03.08,pintimilyoner,1185,jwass88,1176,"Bongcloud Attack"
2021.03.08,FourD3D3D3,1093,Razor666,1112,"Bongcloud Attack"
2021.03.08,FourD3D3D3,971,Guavajuice99,1029,"Bongcloud Attack"
2021.03.08,hanssanitizer,1156,TheAslanbas,1133,"Bongcloud Attack"
2021.03.08,yos_putraa,2255,chepukaitis1966,2299,"Bongcloud Attack"
2021.03.08,gauc,1004,neelshah98,1062,"Bongcloud Attack"
2021.03.08,gauc,909,grantcc,1045,"Bongcloud Attack"
2021.03.08,wesleysofangirl,2318,Jack2525,1401,"Bongcloud Attack"
2021.03.08,Cashin_Checks,1662,ayushp,1599,"Bongcloud Attack"
2021.03.08,gustjf,1009,n1x303,936,"Bongcloud Attack"
2021.03.08,letitroll,1331,boybcl,1457,"Bongcloud Attack"
2021.03.08,letitroll,1335,Baris_tmr,1347,"Bongcloud Attack"
2021.03.08,letitroll,1340,X378,1335,"Bongcloud Attack"
2021.03.08,cecak,1083,edu998,1100,"Bongcloud Attack"
2021.03.08,h4rd1k,1064,yoghurts,975,"Bongcloud Attack"
2021.03.08,h4rd1k,1061,jacobhartman,999,"Bongcloud Attack"
2021.03.08,hestyu,843,sebopolska3,893,"Bongcloud Attack"
2021.03.08,gauc,973,Derickkkk,929,"Bongcloud Attack"
2021.03.08,safwan2,955,LightKarate,1022,"Bongcloud Attack"
2021.03.08,gauc,941,sokoloko69,871,"Bongcloud Attack"
2021.03.08,Kidjenlahpory,1009,furkow,1061,"Bongcloud Attack"
2021.03.08,ke2ke2ke2,1364,Eastwood316,1400,"Bongcloud Attack"
2021.03.08,Kidjenlahpory,1014,furkow,1059,"Bongcloud Attack"
2021.03.08,Kidjenlahpory,993,furkow,1069,"Bongcloud Attack"
2021.03.08,CBM2013,991,uras342d,1111,"Bongcloud Attack"
2021.03.08,Kidjenlahpory,984,abdurama,1029,"Bongcloud Attack"
2021.03.08,betterthings11,1290,Mowitten,1211,"Bongcloud Attack"
2021.03.08,betterthings11,1283,firstmatch,1260,"Bongcloud Attack"
2021.03.08,dianaz,1312,ka_no13,1340,"Bongcloud Attack"
2021.03.08,Kidjenlahpory,926,karlol9,989,"Bongcloud Attack"
2021.03.08,toasterdog,1146,artemik20052,1827,"Bongcloud Attack"
2021.03.08,Kidjenlahpory,883,nash115,1005,"Bongcloud Attack"
2021.03.08,Sreerookie,959,rvngzd,883,"Bongcloud Attack"
2021.03.08,Bbfcker,1197,kop1,1273,"Bongcloud Attack"
2021.03.08,toasterdog,1146,Arlintong60,1500,"Bongcloud Attack"
2021.03.08,Kidjenlahpory,859,St_ephan,970,"Bongcloud Attack"
2021.03.08,toasterdog,1146,artemik20052,1827,"Bongcloud Attack"
2021.03.08,SJC_Shevin,1189,Chess_magnus_11,1525,"Bongcloud Attack"
2021.03.08,letitroll,1335,phmo2272,1365,"Bongcloud Attack"
2021.03.08,matteobertasio,924,Nevikiwi,896,"Bongcloud Attack"
2021.03.08,Sreerookie,964,yanikiri,1003,"Bongcloud Attack"
2021.03.08,kingpossessed,858,nash115,1006,"Bongcloud Attack"
2021.03.08,Finiti,1495,radkon,1497,"Bongcloud Attack"
2021.03.08,Finiti,1474,radkon,1519,"Bongcloud Attack"
2021.03.08,Finiti,1464,Anurag369,1478,"Bongcloud Attack"
2021.03.08,I-dont-get-Lucky,1532,MirkanARSLAN,1533,"Bongcloud Attack"
2021.03.08,DeFMUDE,1271,Deti3,1259,"Bongcloud Attack"
2021.03.08,David-Lugo-HD,988,mcenteno,1118,"Bongcloud Attack"
2021.03.08,David-Lugo-HD,1026,Hamilton-Cuenca-HD,1420,"Bongcloud Attack"
2021.03.08,blaznspadz,1185,BONZOOOOO,1302,"Bongcloud Attack"
2021.03.08,Porkeh,1500,Qwaukqwauk,1234,"Bongcloud Attack"
2021.03.08,spnazareth,1483,RafaelMenon,1745,"Bongcloud Attack"
2021.03.08,hassan_dekhani,1633,j346,1629,"Bongcloud Attack"
2021.03.08,hilfigertout,1327,Accursed-Knight,1318,"Bongcloud Attack"
2021.03.08,KapgaNNN,1634,bbe_07,1533,"Bongcloud Attack"
2021.03.08,Tiago_Silva2010,1037,Micael2010,1796,"Bongcloud Attack"
2021.03.08,annoyingheadphone279,2060,Wolf21,2022,"Bongcloud Attack"
2021.03.08,CONRADkkAY,1092,Miraclefeint,1107,"Bongcloud Attack"
2021.03.08,iisaabeelee,1044,ILOVEYOUJESUSCHRIST,1104,"Bongcloud Attack"
2021.03.08,Enolfa,1156,greyfish,1031,"Bongcloud Attack"
2021.03.08,Super_Nova_Cat,1639,Brasetvik,1587,"Bongcloud Attack"
2021.03.08,Gustalfil,1266,ivan1608,1197,"Bongcloud Attack"
2021.03.08,EmilianoTandazo,746,DEREK11111111111,911,"Bongcloud Attack"
2021.03.08,Gustalfil,1269,MPBrasil,1222,"Bongcloud Attack"
2021.03.08,hilfigertout,1337,Mikesc74,1247,"Bongcloud Attack"
2021.03.08,Dietrich06,1905,khaledaldij,1922,"Bongcloud Attack"
2021.03.08,Solae,1229,ImmacIsabelleA,1212,"Bongcloud Attack"
2021.03.08,msanii,2028,art_hart1,1983,"Bongcloud Attack"
2021.03.08,Dkbas,965,Silfrod,1010,"Bongcloud Attack"
2021.03.08,CrazyTurkTR,1371,kevin_crzmts,1314,"Bongcloud Attack"
2021.03.08,popovx,1151,Yavuz_Sel1m,1149,"Bongcloud Attack"
2021.03.08,Raulsebastian,1095,Rominaclub,1474,"Bongcloud Attack"
2021.03.08,FahimShahrear,1668,Eltonba,1708,"Bongcloud Attack"
2021.03.08,Dkbas,839,Braig,891,"Bongcloud Attack"
2021.03.08,Aguila-001,1761,Albertoborea72,2316,"Bongcloud Attack"
2021.03.08,illlllllillllllli,871,nussbrot,839,"Bongcloud Attack"
2021.03.08,letitroll,1361,AleStern,1330,"Bongcloud Attack"
2021.03.08,Vastizz,1314,Kartikleads,1252,"Bongcloud Attack"
2021.03.08,pianoplayerjames,1662,Ferrarifan,2249,"Bongcloud Attack"
2021.03.08,batigol8787,1744,valdepepe66,1777,"Bongcloud Attack"
2021.03.08,chegger92834,1500,mammotta,1291,"Bongcloud Attack"
2021.03.08,Rasheedo,932,chish,898,"Bongcloud Attack"
2021.03.08,OnwardBuilder,957,ShiningAstronaut,1214,"Bongcloud Attack"
2021.03.08,conman92,1232,HubRekt,1216,"Bongcloud Attack"
2021.03.08,hilfigertout,1342,simeonaut,1282,"Bongcloud Attack"
2021.03.08,hilfigertout,1347,Rsp89,1296,"Bongcloud Attack"
2021.03.08,Canton74,1500,reiujiwagon,1500,"Bongcloud Attack"
2021.03.08,NKoreaFanboy,665,karimpie,764,"Bongcloud Attack"
2021.03.08,hgerudkl,1886,Rodel11,1957,"Bongcloud Attack"
2021.03.08,olo21,835,Kique-flores1996,835,"Bongcloud Attack"
2021.03.08,WaterJerone,850,chessinitup,1003,"Bongcloud Attack"
2021.03.08,NEVERxCASTLES,2340,oticMJ,2214,"Bongcloud Attack"
2021.03.08,jasonf7,1018,Davidp3,994,"Bongcloud Attack"
2021.03.08,eatingsomebagels,1480,sharad31,1474,"Bongcloud Attack"
2021.03.08,titleuntitled_twitch,2298,SennaAyrtonBlanca,1646,"Bongcloud Attack"
2021.03.09,builtdifferently,1518,vict-victoriano,1386,"Bongcloud Attack"
2021.03.09,hilfigertout,1347,McMagnatta,1302,"Bongcloud Attack"
2021.03.09,wigglesabit,1500,EDGAR_PEREZ_CAQ,1456,"Bongcloud Attack"
2021.03.09,bubbubbo,2159,ChipsAChoi,2027,"Bongcloud Attack"
2021.03.09,Prishadudhagara30,1391,Prishamehta,1380,"Bongcloud Attack"
2021.03.09,SeventeenMinutes,1627,Peon-Rojo,1673,"Bongcloud Attack"
2021.03.09,bugrahanyilmaz,743,tekfensatranc,1603,"Bongcloud Attack"
2021.03.09,pobb,1294,Lisino,1301,"Bongcloud Attack"
2021.03.09,pobb,1296,mTamar,1344,"Bongcloud Attack"
2021.03.09,Sreerookie,968,Vartmann,947,"Bongcloud Attack"
2021.03.09,toasterdog,1146,Master_Mihai,1500,"Bongcloud Attack"
2021.03.09,PPS01,1363,Spade_s,1366,"Bongcloud Attack"
2021.03.09,RizqFahim,798,qkuk,744,"Bongcloud Attack"
2021.03.09,mkhaalish,1679,FriarTuck7,1693,"Bongcloud Attack"
2021.03.09,mkhaalish,1685,AngelO-Man-AlKwaify,1663,"Bongcloud Attack"
2021.03.09,hugo547,1002,Eyadmimo14_5,934,"Bongcloud Attack"
2021.03.09,AngrySeas,2045,Rnonymous,2013,"Bongcloud Attack"
2021.03.09,Sreerookie,977,Ferferfe,1129,"Bongcloud Attack"
2021.03.09,MichalCh21,998,AniaKolodziej,1269,"Bongcloud Attack"
2021.03.09,Abhijit_12298,1748,Leendoh,1749,"Bongcloud Attack"
2021.03.09,mhildredpocot,1293,trxssx,1314,"Bongcloud Attack"
2021.03.09,Abhijit_12298,1762,Bryantjozongoro,1770,"Bongcloud Attack"
2021.03.09,Abhijit_12298,1767,jazireh,1773,"Bongcloud Attack"
2021.03.09,hilfigertout,1386,luisvi2000,1395,"Bongcloud Attack"
2021.03.09,Lucrecio0,1540,anmol5,1537,"Bongcloud Attack"
2021.03.09,ke2ke2ke2,1353,Chessminator365,1422,"Bongcloud Attack"
2021.03.09,Raam96,1536,Catur-KC,1562,"Bongcloud Attack"
2021.03.09,Ereh_Jeageh,1500,SamiJeager,1500,"Bongcloud Attack"
2021.03.09,kingpossessed,859,filiporec,694,"Bongcloud Attack"
2021.03.09,ThunderCharm,1242,Dano3,1258,"Bongcloud Attack"
2021.03.09,ThunderCharm,1235,andreivysotski,1244,"Bongcloud Attack"
2021.03.09,pacheco_GL,952,nikita1799,953,"Bongcloud Attack"
2021.03.09,Jeyvi_GEMER,1373,Gabriel_E,1234,"Bongcloud Attack"
2021.03.09,Sreerookie,986,Biergesicht,977,"Bongcloud Attack"
2021.03.09,socratestheboss,1035,barschzumund,1103,"Bongcloud Attack"
2021.03.09,EmilianoRodriguez2B,1749,Sofia_Yaretzi23,1105,"Bongcloud Attack"
2021.03.09,CagnusMarlsen02496,774,Desmid10,777,"Bongcloud Attack"
2021.03.09,Hala259Hala2013,1500,Samohammad,644,"Bongcloud Attack"
2021.03.09,norian,1916,ssmyn2,1232,"Bongcloud Attack"
2021.03.09,pacheco_GL,959,tcbassist,870,"Bongcloud Attack"
2021.03.09,jasonf7,1007,migmoy,1100,"Bongcloud Attack"
2021.03.09,gktrkakn1,1002,Legnica,943,"Bongcloud Attack"
2021.03.09,meesterbrein420,1091,Jinnie2,1167,"Bongcloud Attack"
2021.03.09,leslyhernandez03,874,antoniogc984,1193,"Bongcloud Attack"
2021.03.09,batigol8787,1697,AMB0CON,1669,"Bongcloud Attack"
2021.03.09,sekak182,861,guitarclaudio,982,"Bongcloud Attack"
2021.03.09,Darkaaragon,1188,DEADwithChess,1125,"Bongcloud Attack"
2021.03.09,MotorollaPhonk,1118,Maxlanglet,1067,"Bongcloud Attack"
2021.03.09,MotorollaPhonk,1122,Juanera,1113,"Bongcloud Attack"
2021.03.09,hilfigertout,1391,Leopardman,1399,"Bongcloud Attack"
2021.03.09,Kidjenlahpory,1088,atlas_kivanc,995,"Bongcloud Attack"
2021.03.09,Kidjenlahpory,1033,al-desk,1000,"Bongcloud Attack"
2021.03.09,Kidjenlahpory,1027,BenDavut,1055,"Bongcloud Attack"
2021.03.09,BenDavut,1063,Kidjenlahpory,1021,"Bongcloud Attack"
2021.03.09,Kidjenlahpory,987,javiereche,910,"Bongcloud Attack"
2021.03.09,Kidjenlahpory,974,javiereche,924,"Bongcloud Attack"
2021.03.09,Kidjenlahpory,961,TheGreatIllusionist1,1097,"Bongcloud Attack"
2021.03.09,Kidjenlahpory,918,Baresso,991,"Bongcloud Attack"
2021.03.09,Kidjenlahpory,914,Maxzexal,911,"Bongcloud Attack"
2021.03.09,Kidjenlahpory,902,voixe,933,"Bongcloud Attack"
2021.03.09,Enrique418,1534,jccchess13,1527,"Bongcloud Attack"
2021.03.09,KillerQueen1997,1614,RECKFUL_ANDY,1602,"Bongcloud Attack"
2021.03.09,Darkaaragon,1154,ulahula,1104,"Bongcloud Attack"
2021.03.09,Darkaaragon,1171,katilbalinaorca,1192,"Bongcloud Attack"
2021.03.09,joelazeb,1039,Skruffie,1019,"Bongcloud Attack"
2021.03.09,bigmanchild22,1168,Orang310,1101,"Bongcloud Attack"
2021.03.09,Onion_Guy,1297,smedsmo1,1261,"Bongcloud Attack"
2021.03.09,Robert1948,1608,Pharmacyy,1579,"Bongcloud Attack"
2021.03.09,scythe6776,1051,simparent,1027,"Bongcloud Attack"
2021.03.09,Gustalfil,1242,rickhonter1,1130,"Bongcloud Attack"
2021.03.09,Gustalfil,1244,binorex,1233,"Bongcloud Attack"
2021.03.09,jpayero,2107,nathanael31,2042,"Bongcloud Attack"
2021.03.09,jasonf7,1001,Jochess1967,869,"Bongcloud Attack"
2021.03.09,jpayero,2105,nathanael31,2044,"Bongcloud Attack"
2021.03.09,Sreerookie,980,gramaci,918,"Bongcloud Attack"
2021.03.10,Sreerookie,980,BlacKasyer,1014,"Bongcloud Attack"
2021.03.10,Sreerookie,974,lemillion1x,973,"Bongcloud Attack"
2021.03.10,Emiliano_Hulk,1109,Nic_rayo,1368,"Bongcloud Attack"
2021.03.10,AlbertoDacallosJr_50,1909,Blesso1991,1634,"Bongcloud Attack"
2021.03.10,themathsorcerer,1670,rodo2222,1656,"Bongcloud Attack"
2021.03.10,themathsorcerer,1636,thechany,1638,"Bongcloud Attack"
2021.03.10,zabut,1487,Kawsar44,1523,"Bongcloud Attack"
2021.03.10,ilhom,1658,vulpini77,1655,"Bongcloud Attack"
2021.03.10,Fredy_06,2211,Asesino_delajedreZ,1791,"Bongcloud Attack"
2021.03.10,Fredy_06,2212,Asesino_delajedreZ,1790,"Bongcloud Attack"
2021.03.10,Kidjenlahpory,891,tcbassist,873,"Bongcloud Attack"
2021.03.10,Kidjenlahpory,872,dimode,755,"Bongcloud Attack"
2021.03.10,FunkyPandey,1219,CZZZZR,1244,"Bongcloud Attack"
2021.03.10,FunkyPandey,1214,Mustafamrc,1228,"Bongcloud Attack"
2021.03.10,Kidjenlahpory,869,dimode,759,"Bongcloud Attack"
2021.03.10,FunkyPandey,1214,s6snhein,1180,"Bongcloud Attack"
2021.03.10,Kidjenlahpory,854,dimode,774,"Bongcloud Attack"
2021.03.10,FunkyPandey,1213,s6snhein,1182,"Bongcloud Attack"
2021.03.10,FunkyPandey,1212,Jenya2,1210,"Bongcloud Attack"
2021.03.10,Kidjenlahpory,828,dimode,801,"Bongcloud Attack"
2021.03.10,Kidjenlahpory,816,Eliashtv,820,"Bongcloud Attack"
2021.03.10,Kidjenlahpory,804,luyzchaves,789,"Bongcloud Attack"
2021.03.10,batigol8787,1670,Aleksandr12,1673,"Bongcloud Attack"
2021.03.10,Seyedmoj63,1570,Jahrom22,1560,"Bongcloud Attack"
2021.03.10,WiseMonkey12,2401,Archer8,2117,"Bongcloud Attack"
2021.03.10,kaptanankara,882,YaraaMinBashi,828,"Bongcloud Attack"
2021.03.10,Roman-v-armeike,1283,Honey1971,1304,"Bongcloud Attack"
2021.03.10,rubenguerrero,731,LOwainH,723,"Bongcloud Attack"
2021.03.10,cenk62,1713,sokolove,1746,"Bongcloud Attack"
2021.03.10,vasek_da_great,1338,Mayyak6543,1336,"Bongcloud Attack"
2021.03.10,gktrkakn1,996,ilyakanira,1034,"Bongcloud Attack"
2021.03.10,PranavPujar,1362,Clu,1362,"Bongcloud Attack"
2021.03.10,MinatoYukina,1516,cakalan,1614,"Bongcloud Attack"
2021.03.10,MinatoYukina,1483,Seytumer,1477,"Bongcloud Attack"
2021.03.10,Catmeat239,1492,Ramzes1782,1466,"Bongcloud Attack"
2021.03.10,Sreerookie,972,venividiv,995,"Bongcloud Attack"
2021.03.10,czerw0ny,1130,eroneen,1075,"Bongcloud Attack"
2021.03.10,NoobieBabe,1337,PataJohn,1383,"Bongcloud Attack"
2021.03.10,Abhijit_12298,1772,M_Mosad,1754,"Bongcloud Attack"
2021.03.10,TECCnick23,1555,gunescil,1555,"Bongcloud Attack"
2021.03.10,Surya_King,1246,durv1503,1184,"Bongcloud Attack"
2021.03.10,Kidjenlahpory,774,ian2212,754,"Bongcloud Attack"
2021.03.10,Kidjenlahpory,763,Lefourbe97,761,"Bongcloud Attack"
2021.03.10,canduterieta,928,Waicoeldesastre,884,"Bongcloud Attack"
2021.03.10,JellyBadger,1139,angleworm,1131,"Bongcloud Attack"
2021.03.10,canduterieta,934,FranMata,1000,"Bongcloud Attack"
2021.03.10,OUEMASTER,1436,alppkin07,1373,"Bongcloud Attack"
2021.03.10,MinatoYukina,1550,leecoopa,1594,"Bongcloud Attack"
2021.03.10,SeventeenMinutes,1581,mariuszjv,1609,"Bongcloud Attack"
2021.03.10,Sreerookie,985,AbbasMo7ammed,980,"Bongcloud Attack"
2021.03.10,ViniciusAraujo2012,668,fermianojordana,600,"Bongcloud Attack"
2021.03.10,JellyBadger,1161,shkabeeexd,1131,"Bongcloud Attack"
2021.03.10,felipeEnergia,1556,Anthonyenergia,1279,"Bongcloud Attack"
2021.03.10,agathasantos,918,Serhat117,1116,"Bongcloud Attack"
2021.03.10,batu_2772,1501,xretra,1509,"Bongcloud Attack"
2021.03.10,TastefulBotanist,1185,LimeDuck,1405,"Bongcloud Attack"
2021.03.10,serooo456,1358,PK325350,1360,"Bongcloud Attack"
2021.03.10,Abhijit_12298,1761,Lugr,1747,"Bongcloud Attack"
2021.03.10,Pranavrajesh,1187,Rajalakshmi,2184,"Bongcloud Attack"
2021.03.10,Andrzej_Kowadlo,928,Alexandra3,812,"Bongcloud Attack"
2021.03.10,Abhijit_12298,1773,brolgarian,1815,"Bongcloud Attack"
2021.03.10,Pawn2001,1718,Pticeed,1755,"Bongcloud Attack"
2021.03.10,andraderegina,1469,JaimesMiguel,1657,"Bongcloud Attack"
2021.03.10,josenaula_2020,959,nicolas-machado11HD,1091,"Bongcloud Attack"
2021.03.10,noobreal,1347,whitealbite,1284,"Bongcloud Attack"
2021.03.10,J_o_r_i_s,1255,samelliott1205,1245,"Bongcloud Attack"
2021.03.10,BIG_TOTORO,1893,BLACK2002,1891,"Bongcloud Attack"
2021.03.10,Abhijit_12298,1775,pasquale59,1796,"Bongcloud Attack"
2021.03.10,Abhijit_12298,1763,jersonsabogal17,1727,"Bongcloud Attack"
2021.03.10,BecomeOne,937,thisismyworld,1028,"Bongcloud Attack"
2021.03.10,GABRIELVIE,1031,Jeanloistjo,803,"Bongcloud Attack"
2021.03.10,SCF_Kiddi,1059,fg_Janujan,1188,"Bongcloud Attack"
2021.03.10,LelouchG,986,anashassan,1056,"Bongcloud Attack"
2021.03.10,Puddingsjakk,1943,kremfjes,1774,"Bongcloud Attack"
2021.03.10,kraekk,2046,palmeraverde,2188,"Bongcloud Attack"
2021.03.10,danielbaotic13,1991,tinydanser,1973,"Bongcloud Attack"
2021.03.10,Gustalfil,1238,robertocristobal,1243,"Bongcloud Attack"
2021.03.10,Gustalfil,1233,SporkyDaBoi,1138,"Bongcloud Attack"
2021.03.10,Adidat,1254,robertocristobal,1237,"Bongcloud Attack"
2021.03.10,CounstableBlunder,1622,dw1828,1553,"Bongcloud Attack"
2021.03.10,Gustalfil,1211,oscar_sierra18,1143,"Bongcloud Attack"
2021.03.10,hochess,871,loh48,1393,"Bongcloud Attack"
2021.03.10,Tiziano2000,2229,Maybach77,2334,"Bongcloud Attack"
2021.03.10,Gustalfil,1212,cavalieree,1288,"Bongcloud Attack"
2021.03.10,larslur,1963,chriaag,2005,"Bongcloud Attack"
2021.03.10,danielespinosa,1442,beezar,1471,"Bongcloud Attack"
2021.03.10,General_Gandi,1284,TaylorSwift22,1398,"Bongcloud Attack"
2021.03.10,JONATHAN-JIMENEZ,1378,Alex_Them,1388,"Bongcloud Attack"
2021.03.10,wyder,1529,mmddz,1518,"Bongcloud Attack"
2021.03.10,ferhappy,1228,drphysician,1609,"Bongcloud Attack"
2021.03.10,acabbage0,929,Tornillo-78,1101,"Bongcloud Attack"
2021.03.10,flash_barry_allen,1436,Stigial114,1471,"Bongcloud Attack"
2021.03.10,wyder,1523,AhmedElROPY,1528,"Bongcloud Attack"
2021.03.10,msanii,2016,Davaz17,1977,"Bongcloud Attack"
2021.03.10,tryharding_noob,886,Cathal999,962,"Bongcloud Attack"
2021.03.10,s1nn0mbresenor,1813,paneiros,1739,"Bongcloud Attack"
2021.03.10,RegnantKiwi,1122,UnafraidBaker,1215,"Bongcloud Attack"
2021.03.10,emile2397,1135,TypoWR,1082,"Bongcloud Attack"
2021.03.11,JoJoBoBo2435,770,phael27,775,"Bongcloud Attack"
2021.03.11,OXT,1966,euhriqieivw,1960,"Bongcloud Attack"
2021.03.11,NathanCanine,868,Saifmak,920,"Bongcloud Attack"
2021.03.11,BongcloudForDaWin,1500,RookAndCook,1592,"Bongcloud Attack"
2021.03.11,jasonf7,1010,ohmeohmiso,945,"Bongcloud Attack"
2021.03.11,JoJoBoBo2435,776,Garik707,816,"Bongcloud Attack"
2021.03.11,AlexRod1809,1158,Dael05,1526,"Bongcloud Attack"
2021.03.11,myashins0,1411,ddivane,1440,"Bongcloud Attack"
2021.03.11,Camiloxp,1192,Jhon_Soubac,1203,"Bongcloud Attack"
2021.03.11,jasonf7,1008,na_gut,878,"Bongcloud Attack"
2021.03.11,fyb54,1280,marcelovrs,1211,"Bongcloud Attack"
2021.03.11,jasonf7,1000,Chessticles027,1006,"Bongcloud Attack"
2021.03.11,YungLilHam,945,zainakh,1156,"Bongcloud Attack"
2021.03.11,wowmoves,1266,SalvadorEscobar,1270,"Bongcloud Attack"
2021.03.11,blazedbro420,911,Danikiller3000,952,"Bongcloud Attack"
2021.03.11,UnpretentiousPrawn,1205,Hughe,1813,"Bongcloud Attack"
2021.03.11,Randall3,1165,Anatola,1193,"Bongcloud Attack"
2021.03.11,Alondra5678,1476,hizkia007,1487,"Bongcloud Attack"
2021.03.11,ssssitrus,1042,Terl2843,1113,"Bongcloud Attack"
2021.03.11,myashins0,1409,octopuslighting,1339,"Bongcloud Attack"
2021.03.11,wiseguy82,1114,CarpeVita,1152,"Bongcloud Attack"
2021.03.11,wiseguy82,1030,Arika_Raharja,924,"Bongcloud Attack"
2021.03.11,wiseguy82,838,IRFAN_HAKIMI,741,"Bongcloud Attack"
2021.03.11,chaitra_pavan,826,elchanfle,667,"Bongcloud Attack"
2021.03.11,wiseguy82,729,divstar,844,"Bongcloud Attack"
2021.03.11,wiseguy82,705,Hunter_D3,770,"Bongcloud Attack"
2021.03.11,aVz92,1927,Nasergashi,1924,"Bongcloud Attack"
2021.03.11,Cabbarov_Nurlan,1290,Bloop17,1679,"Bongcloud Attack"
2021.03.11,mr_perfect_100,1293,king-jay3,1390,"Bongcloud Attack"
2021.03.11,mr_perfect_100,1289,swedo,1276,"Bongcloud Attack"
2021.03.11,Abhijit_12298,1789,Mohan20,1686,"Bongcloud Attack"
2021.03.11,Abhijit_12298,1793,nurreki4,1808,"Bongcloud Attack"
2021.03.11,umami_clown,1347,Cmnplay,1339,"Bongcloud Attack"
2021.03.11,m-s-g,2124,nazzal58,2030,"Bongcloud Attack"
2021.03.11,Top10checkerplayer,840,hanbbbi,660,"Bongcloud Attack"
2021.03.11,Abhijit_12298,1801,rasool-2502,1793,"Bongcloud Attack"
2021.03.11,krisy,939,njapoor,1037,"Bongcloud Attack"
2021.03.11,Super_Nova_Cat,1638,MaelW,1714,"Bongcloud Attack"
2021.03.11,Sreerookie,976,Tonl,994,"Bongcloud Attack"
2021.03.11,Sreerookie,970,derlinkeschaf,963,"Bongcloud Attack"
2021.03.11,obg212,987,FilipMas,1088,"Bongcloud Attack"
2021.03.11,rssphd,1280,DenUngeSvein,1256,"Bongcloud Attack"
2021.03.11,toasterdog,1146,abhijnv,1500,"Bongcloud Attack"
2021.03.11,Jimmy698,919,JacobBhurst,830,"Bongcloud Attack"
2021.03.11,wyder,1517,JorgeTabares,1420,"Bongcloud Attack"
2021.03.11,mutexd10,1056,EnaitzP,1152,"Bongcloud Attack"
2021.03.11,MrSmokey,962,prashantshedge,1139,"Bongcloud Attack"
2021.03.11,MotorollaPhonk,1094,Seppis,1097,"Bongcloud Attack"
2021.03.11,MotorollaPhonk,1097,mroller98,952,"Bongcloud Attack"
2021.03.11,MotorollaPhonk,1090,SuperSiep,1082,"Bongcloud Attack"
2021.03.11,Ganeshbalaji55,1060,mayankkhatri1512,1007,"Bongcloud Attack"
2021.03.11,Dmitry_chel,1571,fou--roi,1549,"Bongcloud Attack"
2021.03.11,MotorollaPhonk,1085,mustafaedabik,1004,"Bongcloud Attack"
2021.03.11,hilfigertout,1384,TomyG7z,1321,"Bongcloud Attack"
2021.03.11,happyidiot1,1849,Addwad,947,"Bongcloud Attack"
2021.03.11,Dencoln0,1249,aryamaanpawar,1212,"Bongcloud Attack"
2021.03.11,hilfigertout,1394,Smolskiy,1402,"Bongcloud Attack"
2021.03.11,plerr,1861,HLAndre2009,1884,"Bongcloud Attack"
2021.03.11,Sreerookie,987,Fabucorvo,992,"Bongcloud Attack"
2021.03.11,Iskierka,820,erdem_kurt,897,"Bongcloud Attack"
2021.03.11,SackOfPotatoes6969,1871,adrielAU,2037,"Bongcloud Attack"
2021.03.11,Abhijit_12298,1800,AlexZima,1790,"Bongcloud Attack"
2021.03.11,Unperfect,1656,vera-terent,1199,"Bongcloud Attack"
2021.03.11,MotorollaPhonk,1079,Schachtel69,1103,"Bongcloud Attack"
2021.03.11,Unperfect,1657,JelluSanro,1159,"Bongcloud Attack"
2021.03.11,BishSackAttack,674,javierm5,749,"Bongcloud Attack"
2021.03.11,jharding,1377,DubyWuby,1500,"Bongcloud Attack"
2021.03.11,BishSackAttack,607,seddagram,721,"Bongcloud Attack"
2021.03.11,m-s-g,2119,georgealex1023,2167,"Bongcloud Attack"
2021.03.11,iosman,1308,karagounis,1301,"Bongcloud Attack"
2021.03.11,m-s-g,2127,aljechindefense65,2125,"Bongcloud Attack"
2021.03.11,ottomanslap1299,1777,jandeaf78,1740,"Bongcloud Attack"
2021.03.11,m-s-g,2128,Rigatwo,2139,"Bongcloud Attack"
2021.03.11,Tamya-Cordova,1349,Delancy12,911,"Bongcloud Attack"
2021.03.11,george24,1435,janardhanan,1428,"Bongcloud Attack"
2021.03.11,george24,1429,thannatod,1374,"Bongcloud Attack"
2021.03.11,martilionEZz,1396,PaulMorphyus,1195,"Bongcloud Attack"
2021.03.11,george24,1423,KnightsDoN,1328,"Bongcloud Attack"
2021.03.11,JuanPaMazo,1292,bysarioglu,1209,"Bongcloud Attack"
2021.03.11,matheusanmo,769,prylex,902,"Bongcloud Attack"
2021.03.11,george24,1416,nikkiguy1,1403,"Bongcloud Attack"
2021.03.11,wyder,1483,C7B2001,1445,"Bongcloud Attack"
2021.03.11,seska,1172,spcfox,1458,"Bongcloud Attack"
2021.03.11,mitsiesta,1088,alesroger,916,"Bongcloud Attack"
2021.03.11,SofiaCathalat,1125,InTheGym,1213,"Bongcloud Attack"
2021.03.11,JOE02,1261,Flint_CHEsS,1264,"Bongcloud Attack"
2021.03.11,CaganAta,1049,Pacosbill,964,"Bongcloud Attack"
2021.03.11,MrPatate,2226,loulou22,1400,"Bongcloud Attack"
2021.03.11,Diego_Coba,942,Cavi22,1066,"Bongcloud Attack"
2021.03.11,soumil10king,1451,muswellhillmonster,1483,"Bongcloud Attack"
2021.03.11,Redzepi,2107,Julian_Val,1990,"Bongcloud Attack"
2021.03.11,myashins0,1423,Funkenzauber,1416,"Bongcloud Attack"
2021.03.11,PCSChessClub,2037,CharmingZebra,1279,"Bongcloud Attack"
2021.03.11,AptGoldfish,1259,BriskFarmer,1292,"Bongcloud Attack"
2021.03.11,MilteckD,1382,gijonrojo,1565,"Bongcloud Attack"
2021.03.11,Enrique418,1530,jccchess13,1694,"Bongcloud Attack"
2021.03.11,matssepple,1523,Pavelllrita,1510,"Bongcloud Attack"
2021.03.11,myashins0,1423,PetrZh,1487,"Bongcloud Attack"
2021.03.11,Gustalfil,1168,kolalaa,1138,"Bongcloud Attack"
2021.03.11,Gustalfil,1168,Lodai,1177,"Bongcloud Attack"
2021.03.11,martingr365,1993,Davaz17,2006,"Bongcloud Attack"
2021.03.11,ilovechess2224,1082,TarikSkula,1469,"Bongcloud Attack"
2021.03.11,werxxy,1480,Levi-i,1482,"Bongcloud Attack"
2021.03.11,FamilialJackal,638,SACRMADISONMORISSEAU,963,"Bongcloud Attack"
2021.03.11,godhelpmeplz,1244,Jejo10,1265,"Bongcloud Attack"
2021.03.11,ABI_HUAMAN_CHESS,936,LuciaF13_Meza,1401,"Bongcloud Attack"
2021.03.11,JackIceTube,1803,NihadAjk,1750,"Bongcloud Attack"
2021.03.11,MAYH3M78,1500,rienzi103,1481,"Bongcloud Attack"
2021.03.11,msanii,2003,DR_TAUNKSTEYN,2022,"Bongcloud Attack"
2021.03.11,george24,1416,ludo1048,1120,"Bongcloud Attack"
2021.03.11,sirius903,1059,uberdybbuk,1129,"Bongcloud Attack"
2021.03.11,Hukuma,1538,cavidnureliyev,1544,"Bongcloud Attack"
2021.03.11,Hukuma,1526,tatsel,1466,"Bongcloud Attack"
2021.03.11,Hukuma,1520,gigiluigi21,1503,"Bongcloud Attack"
2021.03.11,imposter225,1609,Onion_Knight_9,1551,"Bongcloud Attack"
2021.03.11,Sreerookie,986,Ashfordacciu,1013,"Bongcloud Attack"
2021.03.11,israelnuevayork,930,jrqueen71,955,"Bongcloud Attack"
2021.03.11,UniCraft89,1500,Stole123,1470,"Bongcloud Attack"
2021.03.11,xXROBBERXx,1144,atramatrak99,1171,"Bongcloud Attack"
2021.03.11,Gustalfil,1191,Tombilla,1151,"Bongcloud Attack"
2021.03.11,suicidal_dance,1168,Carlos9110,1158,"Bongcloud Attack"
2021.03.11,Nephthyss,1164,Andres_Dario_Cruz,1118,"Bongcloud Attack"
2021.03.11,radekofBOT,1500,radekof,1500,"Bongcloud Attack"
2021.03.11,piotr240,1106,BogdanIonut,1174,"Bongcloud Attack"
2021.03.11,YewLog,1479,pewpewrex,1504,"Bongcloud Attack"
2021.03.11,Derunter1000elo,1117,deck_mesa,1261,"Bongcloud Attack"
2021.03.11,Jeff_Cheese,978,haching2007,1020,"Bongcloud Attack"
2021.03.11,Matt1407,1117,ErickDanielMorales,1161,"Bongcloud Attack"
2021.03.11,lamestudentprime,1181,rubenhernandez,1212,"Bongcloud Attack"
2021.03.11,enginnefo,1175,escape98,1179,"Bongcloud Attack"
2021.03.11,LuanaMakenna3ro-A,1140,Vale445902,1646,"Bongcloud Attack"
2021.03.11,hilfigertout,1395,JunkyXL,1346,"Bongcloud Attack"
2021.03.11,qleliseo,1174,Alxlpez,1164,"Bongcloud Attack"
2021.03.11,Kanarinac94,2133,Milf_Hunter_ido,2141,"Bongcloud Attack"
2021.03.11,luwins,1198,peterlenz830,1295,"Bongcloud Attack"
2021.03.11,Andreina_rios,1500,LeonardoGamboa_10,1186,"Bongcloud Attack"
2021.03.11,iamalexhi,1057,Joan6vent_cod-19,948,"Bongcloud Attack"
2021.03.12,sklauffe,1139,Sincap87,1179,"Bongcloud Attack"
2021.03.12,sklauffe,1157,ddgentry,1172,"Bongcloud Attack"
2021.03.12,Scotty757,859,Ensign_1,915,"Bongcloud Attack"
2021.03.12,hilfigertout,1392,jrubins,1408,"Bongcloud Attack"
2021.03.12,siddu9999,1211,Teeqoz,1314,"Bongcloud Attack"
2021.03.12,plerr,1863,DrDevilx,1846,"Bongcloud Attack"
2021.03.12,JoJoBoBo2435,783,Irzo,779,"Bongcloud Attack"
2021.03.12,BrzrkWolf,1597,DANRAM,1632,"Bongcloud Attack"
2021.03.12,plerr,1858,Recurse,1838,"Bongcloud Attack"
2021.03.12,gktrkakn1,991,ndow18,994,"Bongcloud Attack"
2021.03.12,Sreerookie,986,KingSalver,971,"Bongcloud Attack"
2021.03.12,cullencuu,1500,flickerbridge,1421,"Bongcloud Attack"
2021.03.12,DutchDuche,1285,Impite,1611,"Bongcloud Attack"
2021.03.12,Minifigures,2096,Ali__Hajinejad,1926,"Bongcloud Attack"
2021.03.12,areisinger123,1042,KingSlayer10001,1044,"Bongcloud Attack"
2021.03.12,umami_clown,1332,Loveschach69,1359,"Bongcloud Attack"
2021.03.12,DarioAlmazan,1652,jesuscruz2021,990,"Bongcloud Attack"
2021.03.12,calvin4370,1184,miyamura228,1033,"Bongcloud Attack"
2021.03.12,Atlashkin1985,886,kakowa18,859,"Bongcloud Attack"
2021.03.12,CrocodileDundees,634,AlHeid,714,"Bongcloud Attack"
2021.03.12,CrocodileDundees,620,AlHeid,723,"Bongcloud Attack"
2021.03.12,K1277,1001,vidhaan13,1009,"Bongcloud Attack"
2021.03.12,elmuch,1826,Rockfordeastside,1296,"Bongcloud Attack"
2021.03.12,gktrkakn1,997,ArdaTurkoglu,1282,"Bongcloud Attack"
2021.03.12,pablovg272,1305,Jagumar3004,1288,"Bongcloud Attack"
2021.03.12,peekiitaas2006,1184,Car_10,1500,"Bongcloud Attack"
2021.03.12,Sreerookie,991,akolugunu,1057,"Bongcloud Attack"
2021.03.12,Ceyy9,1077,Mrsrdr,1071,"Bongcloud Attack"
2021.03.12,BiancaNapoli,600,r3tr0T2,639,"Bongcloud Attack"
2021.03.12,yashodeep_vaidya,1336,Dmitrysteel,1359,"Bongcloud Attack"
2021.03.12,MotorollaPhonk,1107,MenTos19,1176,"Bongcloud Attack"
2021.03.12,MotorollaPhonk,1102,GRABEKRODAKK,1048,"Bongcloud Attack"
2021.03.12,MrSmokey,931,mrayaz16,1083,"Bongcloud Attack"
2021.03.12,mrsn1,891,KittensLover,964,"Bongcloud Attack"
2021.03.12,Mohammad_ali_sh,1409,taftologia,1356,"Bongcloud Attack"
2021.03.12,stepladder,1500,PMIL,1338,"Bongcloud Attack"
2021.03.12,Permarachne,1875,Heidelbergensis,1899,"Bongcloud Attack"
2021.03.12,Heidelbergensis,1888,Permarachne,1877,"Bongcloud Attack"
2021.03.12,TECCnick23,1576,Cakho,1559,"Bongcloud Attack"
2021.03.12,Heidelbergensis,1759,Senpukyaku,1889,"Bongcloud Attack"
2021.03.12,happyidiot1,1849,chinho13,1338,"Bongcloud Attack"
2021.03.12,happyidiot1,1849,VinodParmar,1217,"Bongcloud Attack"
2021.03.12,happyidiot1,1849,chinho13,1338,"Bongcloud Attack"
2021.03.12,happyidiot1,1849,chinho13,1338,"Bongcloud Attack"
2021.03.12,stepladder,626,Kraken7007,771,"Bongcloud Attack"
2021.03.12,Danuvudani2_2,1180,Carlosgamer06,1211,"Bongcloud Attack"
2021.03.12,LimYeeHang,859,luc_ari,693,"Bongcloud Attack"
2021.03.12,hilfigertout,1388,selimcinarballi,1410,"Bongcloud Attack"
2021.03.12,Manly_Gambit,1737,AlexanderCot,1723,"Bongcloud Attack"
2021.03.12,Amdreawakawaka,1209,JAV1_COLE11,1375,"Bongcloud Attack"
2021.03.12,Smurfer200,1222,axel_one,1296,"Bongcloud Attack"
2021.03.12,Manly_Gambit,1719,KS2020,1715,"Bongcloud Attack"
2021.03.12,toasterdog,1146,sixtnine,1662,"Bongcloud Attack"
2021.03.12,Fn1366,1124,Freezy_LL,1229,"Bongcloud Attack"
2021.03.12,KilrishTR,865,amine,957,"Bongcloud Attack"
2021.03.12,Smurfer200,1174,fikus2009,1319,"Bongcloud Attack"
2021.03.12,fikus2009,1323,Smurfer200,1171,"Bongcloud Attack"
2021.03.12,Smurfer200,1167,MrMcFatNoob,1169,"Bongcloud Attack"
2021.03.12,MAYH3M78,1186,totof75,1160,"Bongcloud Attack"
2021.03.12,burakGbej,863,YafesRekt,969,"Bongcloud Attack"
2021.03.12,stepladder,715,kargabeyin,1030,"Bongcloud Attack"
2021.03.12,PataJohn,1359,MyWifeIsBeautiful,1372,"Bongcloud Attack"
2021.03.12,gabosalrod,1461,GUSALROD,1567,"Bongcloud Attack"
2021.03.12,Super_Nova_Cat,1641,Mrhb,1666,"Bongcloud Attack"
2021.03.12,Super_Nova_Cat,1630,hadi-----202020,1625,"Bongcloud Attack"
2021.03.12,Sarthak_Bhapkar,1699,bagsadananda,1565,"Bongcloud Attack"
2021.03.12,Super_Nova_Cat,1619,tdunlap1310,1619,"Bongcloud Attack"
2021.03.12,Username19384753,1349,samuelnuno,1359,"Bongcloud Attack"
2021.03.12,hilfigertout,1382,bryanmakhesaf,1481,"Bongcloud Attack"
2021.03.12,AmericaRafael2013,1121,Tony-Sarglez,1256,"Bongcloud Attack"
2021.03.12,ArnoFischerGG,1977,Apsonboy,1965,"Bongcloud Attack"
2021.03.12,danicolegiodominican,1500,Darlin19,2140,"Bongcloud Attack"
2021.03.12,Gustalfil,1189,J2kvb,1087,"Bongcloud Attack"
2021.03.12,Gustalfil,1188,Sebet,1225,"Bongcloud Attack"
2021.03.12,KIKERAYO,1855,Jes2020,1539,"Bongcloud Attack"
2021.03.12,Propj,1073,Dracon,1046,"Bongcloud Attack"
2021.03.12,masoumeh1382,951,Zeinab_8393,1913,"Bongcloud Attack"
2021.03.12,Gustalfil,1197,IgorFerrreira,1259,"Bongcloud Attack"
2021.03.12,jasonf7,976,Toni_EU,853,"Bongcloud Attack"
2021.03.12,stepladder,852,ajedrezconproyecion,2073,"Bongcloud Attack"
2021.03.12,Arap_Torsogek,914,Freddy95,936,"Bongcloud Attack"
2021.03.12,OnlyJoul,782,slimthrow,830,"Bongcloud Attack"
2021.03.12,Hukuma,1450,SubroZaa,1484,"Bongcloud Attack"
2021.03.12,Wouter9,1500,Jurvandeven,1500,"Bongcloud Attack"
2021.03.12,Hukuma,1429,shatmypants,1411,"Bongcloud Attack"
2021.03.12,stepladder,845,George_3000,1331,"Bongcloud Attack"
2021.03.12,VerbalGlue,1533,Haluk0671,1589,"Bongcloud Attack"
2021.03.12,XardasKox,975,Shampi,935,"Bongcloud Attack"
2021.03.12,stepladder,865,sahin1912,932,"Bongcloud Attack"
2021.03.12,myashins0,1396,Ararat12,1304,"Bongcloud Attack"
2021.03.12,gonzalo12345678,1214,Rodris,1485,"Bongcloud Attack"
2021.03.12,VientoGris,1959,bboorchi,2022,"Bongcloud Attack"
2021.03.12,awes43,1168,eyoaga,1131,"Bongcloud Attack"
2021.03.12,mark_gelfgat,1743,Mantooi,1798,"Bongcloud Attack"
2021.03.12,santiag0nipio,1290,RangelSamuel5C,1384,"Bongcloud Attack"
2021.03.12,gliptic,1197,luhasz,1301,"Bongcloud Attack"
2021.03.12,Aiden_Chen,1835,TheKing72,1282,"Bongcloud Attack"
2021.03.12,carlofeller,1406,Ovopodre,1401,"Bongcloud Attack"
2021.03.12,blitzhour,1381,shuravi90,1414,"Bongcloud Attack"
2021.03.12,MAYH3M78,1131,Serdest5,1258,"Bongcloud Attack"
2021.03.12,josem-mm,1008,lbenchek,974,"Bongcloud Attack"
2021.03.12,SXB,1546,verscoex,1558,"Bongcloud Attack"
2021.03.12,SXB,1530,jakkolen,1550,"Bongcloud Attack"
2021.03.12,aminsamimi40,1899,AdemKrk,1853,"Bongcloud Attack"
2021.03.12,SchachSpringerr,1500,igorrech,1496,"Bongcloud Attack"
2021.03.12,SXB,1531,jakkolen,1550,"Bongcloud Attack"
2021.03.12,hilfigertout,1386,khairejama,1482,"Bongcloud Attack"
2021.03.12,SXB,1532,jakkolen,1550,"Bongcloud Attack"
2021.03.12,ishallwooopyoass,1812,Crazyknights1968,1723,"Bongcloud Attack"
2021.03.12,ishallwooopyoass,1816,alexjosh20,1836,"Bongcloud Attack"
2021.03.12,msanii,2006,Tirana2022,1912,"Bongcloud Attack"
2021.03.12,Yazes,1195,CKEK23,1222,"Bongcloud Attack"
2021.03.12,KingClarkZ,1196,DarkFleakyGrill,1165,"Bongcloud Attack"
2021.03.12,PauloSergioPM,1963,muad-younis,1874,"Bongcloud Attack"
2021.03.12,naaats,2301,chichrdg,1747,"Bongcloud Attack"
2021.03.12,RESTFETTN,1758,vtnc,1772,"Bongcloud Attack"
2021.03.12,FehmiAtalar,1556,miravesta,1566,"Bongcloud Attack"
2021.03.13,three1four1,849,euzis,797,"Bongcloud Attack"
2021.03.13,FehmiAtalar,1565,Adhuham,1558,"Bongcloud Attack"
2021.03.13,plerr,1819,Vintot,1843,"Bongcloud Attack"
2021.03.13,Alondra5678,1519,prashantkum7,1450,"Bongcloud Attack"
2021.03.13,clawver,1308,mylovehotel,1311,"Bongcloud Attack"
2021.03.13,Claudio81,1883,Pomberito,2331,"Bongcloud Attack"
2021.03.13,CFN-2265,1500,torovierii,1467,"Bongcloud Attack"
2021.03.13,AneeshrajChess,671,Manuelayiv,754,"Bongcloud Attack"
2021.03.13,stepladder,881,ChBujji,1362,"Bongcloud Attack"
2021.03.13,plerr,1813,DAVOODAM1974,1799,"Bongcloud Attack"
2021.03.13,plerr,1815,RiverCachama,1837,"Bongcloud Attack"
2021.03.13,QuazaWaza,1787,othr,1766,"Bongcloud Attack"
2021.03.13,mychickenhasHIV,1934,AlexChess23052005,1971,"Bongcloud Attack"
2021.03.13,plerr,1839,Vinit_Pandey321,1816,"Bongcloud Attack"
2021.03.13,Super_Nova_Cat,1628,sevan17,1651,"Bongcloud Attack"
2021.03.13,Super_Nova_Cat,1630,kanniloli,1667,"Bongcloud Attack"
2021.03.13,bongcloudbongsmoke,1981,Rnonymous,1980,"Bongcloud Attack"
2021.03.13,SmallAC,1940,didung07,1977,"Bongcloud Attack"
2021.03.13,Grecchi80,1973,choi_curry,1985,"Bongcloud Attack"
2021.03.13,Pratheekrai,1057,addmad1989,1116,"Bongcloud Attack"
2021.03.13,plerr,1830,DoonCorleonee,1835,"Bongcloud Attack"
2021.03.13,burakGbej,733,YafesRekt,989,"Bongcloud Attack"
2021.03.13,Bronillamarak,1360,msarun,1349,"Bongcloud Attack"
2021.03.13,umami_clown,1326,serhatsmsk,1391,"Bongcloud Attack"
2021.03.13,LuBum,1158,amayharma,1115,"Bongcloud Attack"
2021.03.13,Super_Nova_Cat,1657,harryeet,1517,"Bongcloud Attack"
2021.03.13,stepladder,959,ReoHunt,1262,"Bongcloud Attack"
2021.03.13,Vikasmaurya12345,765,Salikh18,741,"Bongcloud Attack"
2021.03.13,KaWARizmI,1632,already_dead,1595,"Bongcloud Attack"
2021.03.13,d3pbb,1198,SerhiiSl,1327,"Bongcloud Attack"
2021.03.13,d3pbb,1045,Letinant_55,1072,"Bongcloud Attack"
2021.03.13,flacidballs,915,teja_45,879,"Bongcloud Attack"
2021.03.13,stepladder,981,AiDaNkRiShNa,1465,"Bongcloud Attack"
2021.03.13,stepladder,970,m5260707710,1291,"Bongcloud Attack"
2021.03.13,stepladder,956,fabk20,1032,"Bongcloud Attack"
2021.03.13,manivelg,823,yvelianyk,848,"Bongcloud Attack"
2021.03.13,plerr,1813,Lazerx3m,1798,"Bongcloud Attack"
2021.03.13,hilfigertout,1376,viskastu,1317,"Bongcloud Attack"
2021.03.13,Wheetlan,1515,Barahona050,1460,"Bongcloud Attack"
2021.03.13,Johanishomo,1170,RJCR201312004382,1248,"Bongcloud Attack"
2021.03.13,kingpossessed,875,Tarun8125,930,"Bongcloud Attack"
2021.03.13,kingpossessed,838,flanface,836,"Bongcloud Attack"
2021.03.13,hilfigertout,1369,hallampahl,1401,"Bongcloud Attack"
2021.03.13,TonyFischer,1773,PJTornado,1677,"Bongcloud Attack"
2021.03.13,thomas133,1403,Lohman005,827,"Bongcloud Attack"
2021.03.13,Djsperanza,946,UERTEN,1045,"Bongcloud Attack"
2021.03.13,Olivia335k,1039,ps160superziyanCIS,965,"Bongcloud Attack"
2021.03.13,abanobr,1246,Akiflex,1146,"Bongcloud Attack"
2021.03.13,MariajoseMarin170,792,CapitankJR,1451,"Bongcloud Attack"
2021.03.13,hilfigertout,1363,HYDR0PHIL,1392,"Bongcloud Attack"
2021.03.13,EYMENKAAN1AY06,1284,can551b,1133,"Bongcloud Attack"
2021.03.13,AstridCC,678,M5king7,668,"Bongcloud Attack"
2021.03.13,JuLeN_DuFoUr,1272,Kimi2118,1464,"Bongcloud Attack"
2021.03.13,WolpyPogi,1372,Benoitvm,1336,"Bongcloud Attack"
2021.03.13,BishSackAttack,922,N8Queen,1078,"Bongcloud Attack"
2021.03.13,Super_Nova_Cat,1668,stardust61,1672,"Bongcloud Attack"
2021.03.13,stepladder,959,hhhh1234,1400,"Bongcloud Attack"
2021.03.13,mehmet_cemal,1266,Shaheen2021,1272,"Bongcloud Attack"
2021.03.13,kappumeena,1042,davmacrod,1070,"Bongcloud Attack"
2021.03.13,Dusty1611,1275,Wabozu,1309,"Bongcloud Attack"
2021.03.13,Zam_The_Oblivious,1101,Syberwarrior,1209,"Bongcloud Attack"
2021.03.13,Lakaba,1415,morz,1399,"Bongcloud Attack"
2021.03.13,Hoogvlieger,1142,DaiwikGod,1239,"Bongcloud Attack"
2021.03.13,Harlequim,1894,VasKarov05,2239,"Bongcloud Attack"
2021.03.13,saxofoncio,863,MrBandicoot,928,"Bongcloud Attack"
2021.03.13,mafoave,1044,Enzokuc,1208,"Bongcloud Attack"
2021.03.13,B0ng-Wolke,866,BayVanyu,854,"Bongcloud Attack"
2021.03.13,japjap,1315,OldSnyder,1304,"Bongcloud Attack"
2021.03.13,B0ng-Wolke,860,Alfil25,939,"Bongcloud Attack"
2021.03.13,juanogonza,1285,Kasparovkomiser,1294,"Bongcloud Attack"
2021.03.13,tmythicator,1182,Kulturbeutel,1256,"Bongcloud Attack"
2021.03.13,apawlinski,1468,Justino2020,1498,"Bongcloud Attack"
2021.03.13,apawlinski,1480,vanzemljajac,1586,"Bongcloud Attack"
2021.03.13,midgar,1632,dlouk,1633,"Bongcloud Attack"
2021.03.13,mirac_0,1029,OlavoHB,1094,"Bongcloud Attack"
2021.03.13,anvit_vemuri,1267,ayzer88,1331,"Bongcloud Attack"
2021.03.13,BlackAndWhiteBoard,1071,nicolo_5789,1103,"Bongcloud Attack"
2021.03.13,BlackAndWhiteBoard,1059,saani3620,1086,"Bongcloud Attack"
2021.03.13,jasonf7,959,Kayra_Bora,934,"Bongcloud Attack"
2021.03.13,BlackAndWhiteBoard,1055,heyarlen,954,"Bongcloud Attack"
2021.03.13,jasonf7,963,koala223,904,"Bongcloud Attack"
2021.03.14,MarkTwat,1194,bluizz,1207,"Bongcloud Attack"
2021.03.14,aKTepnopHo,1799,capitangancia,1710,"Bongcloud Attack"
2021.03.14,ShaheenAfiqah,930,aedonski,911,"Bongcloud Attack"
2021.03.14,jayemay,1397,csmartin12,1467,"Bongcloud Attack"
2021.03.14,jayemay,1354,MCANATAN,1310,"Bongcloud Attack"
2021.03.14,jayemay,1353,thlaude,1349,"Bongcloud Attack"
2021.03.14,jayemay,1332,arzeque,1245,"Bongcloud Attack"
2021.03.14,Umit_u22,1581,faraon34,1566,"Bongcloud Attack"
2021.03.14,jayemay,1273,wilderduquem,1277,"Bongcloud Attack"
2021.03.14,plerr,1829,KnightRed999,1772,"Bongcloud Attack"
2021.03.14,gwasbush,1500,residentevil4,1825,"Bongcloud Attack"
2021.03.14,Bookmarked,2143,MisterMute,2133,"Bongcloud Attack"
2021.03.14,sadijon10,1626,italo98,1624,"Bongcloud Attack"
2021.03.14,pianoimprov,1778,leandro2703,1801,"Bongcloud Attack"
2021.03.14,Maquox,1560,Mclarenf11,1535,"Bongcloud Attack"
2021.03.14,JayDouce81,1041,Oxxxy_Star,1044,"Bongcloud Attack"
2021.03.14,JayDouce81,1014,Augusto2004,966,"Bongcloud Attack"
2021.03.14,Super_Nova_Cat,1697,AmolTyagi,1617,"Bongcloud Attack"
2021.03.14,Mak_Mk,600,kucuk_vizyoner,999,"Bongcloud Attack"
2021.03.14,mrphil98,1769,Rafix30,1777,"Bongcloud Attack"
2021.03.14,KahramanKerem123,689,prezan,600,"Bongcloud Attack"
2021.03.14,Suryanshmishra,729,arptiw74,808,"Bongcloud Attack"
2021.03.14,gajeeF,1598,uguralpay21,1531,"Bongcloud Attack"
2021.03.14,KrushangiBoricha,792,Ramazanab,688,"Bongcloud Attack"
2021.03.14,KahramanKerem123,682,qtes,788,"Bongcloud Attack"
2021.03.14,KahramanKerem123,660,Tupacz,789,"Bongcloud Attack"
2021.03.14,dhawanaarav8,947,AHMO_TuRKuNGuCu,988,"Bongcloud Attack"
2021.03.14,mark9556,1264,BhaveshGuptaa,1246,"Bongcloud Attack"
2021.03.14,Yilmazer37,1142,dakshbishnoi,1220,"Bongcloud Attack"
2021.03.14,Waterbase,1607,hasmasto,1635,"Bongcloud Attack"
2021.03.14,Hukuma,1359,SaKSham_raj_sINgh,1337,"Bongcloud Attack"
2021.03.14,tttbbb12345,1507,personen,1458,"Bongcloud Attack"
2021.03.14,Hukuma,1354,ghatkar76,1269,"Bongcloud Attack"
2021.03.14,FranklinHee,1530,shrewdbotox,1500,"Bongcloud Attack"
2021.03.14,Hyperuser,1408,ezpzlemonsqueezy,1363,"Bongcloud Attack"
2021.03.14,Hukuma,1342,Ckreativ,1387,"Bongcloud Attack"
2021.03.14,Carina_Sousa10,1456,Hariom_122,1431,"Bongcloud Attack"
2021.03.14,Hukuma,1353,DM34,1435,"Bongcloud Attack"
2021.03.14,GUNNASLITURTHROATBB,1326,evgen12345,1445,"Bongcloud Attack"
2021.03.14,GUNNASLITURTHROATBB,1223,KmetUb,1307,"Bongcloud Attack"
2021.03.14,Barakosky,1379,Bien-Campero,1465,"Bongcloud Attack"
2021.03.14,Ikram_Shenpai,1722,Magic777,1754,"Bongcloud Attack"
2021.03.14,Araceli2007,690,sebitas_22,907,"Bongcloud Attack"
2021.03.14,greyg-host,1067,rahimaziz,1075,"Bongcloud Attack"
2021.03.14,Araceli2007,645,abigail007,1179,"Bongcloud Attack"
2021.03.14,himalayan181,1952,Grosby007,1959,"Bongcloud Attack"
2021.03.14,Barneystinson696969,1253,Den97,1298,"Bongcloud Attack"
2021.03.14,VientoGris,1923,rgoljovic,1937,"Bongcloud Attack"
2021.03.14,Ludmiiila,2141,turnuvahesabi1234,2125,"Bongcloud Attack"
2021.03.14,Meowcatty,2227,H0M3R0,2276,"Bongcloud Attack"
2021.03.14,Meowcatty,2217,H0M3R0,2285,"Bongcloud Attack"
2021.03.14,ivan-popov,1087,mikhailerm,1419,"Bongcloud Attack"
2021.03.14,Milky224,1246,POE267,1208,"Bongcloud Attack"
2021.03.14,weirdo_ugh,766,Fatihenes123,751,"Bongcloud Attack"
2021.03.14,jcrb,2261,carlos_magnusen,2228,"Bongcloud Attack"
2021.03.14,msanii,1973,Kiprotich,1998,"Bongcloud Attack"
2021.03.14,jasonf7,980,Juror8,837,"Bongcloud Attack"
2021.03.14,IsaacGreninja,888,Mauri81,1024,"Bongcloud Attack"
2021.03.14,msanii,1982,Kiprotich,1992,"Bongcloud Attack"
2021.03.14,kremowka2137,1533,Us3r24,1513,"Bongcloud Attack"
2021.03.14,Alterstorm,1452,mostafa97,1452,"Bongcloud Attack"
2021.03.14,msanii,1974,WodaChristopher,1906,"Bongcloud Attack"
2021.03.14,NathanCanine,869,rowe99,941,"Bongcloud Attack"
2021.03.14,Alterstorm,1496,orioid,1443,"Bongcloud Attack"
2021.03.14,tasty_borgar,1506,ronron247,1482,"Bongcloud Attack"
2021.03.14,So125,1076,Aaronmoi,1882,"Bongcloud Attack"
2021.03.14,jasonf7,957,seeroxs,997,"Bongcloud Attack"
2021.03.14,NoisyFairy,1087,Sebas_B,1091,"Bongcloud Attack"
2021.03.14,Hyperuser,1395,Roman_Safarov,1443,"Bongcloud Attack"
2021.03.14,happyidiot1,1849,fcukhuzaif,1038,"Bongcloud Attack"
2021.03.14,akigato,1205,JESGENIAL,1301,"Bongcloud Attack"
2021.03.14,enjoyplay,1573,aliekrgz,889,"Bongcloud Attack"
2021.03.14,diegonk96,2138,yacoubnor,2083,"Bongcloud Attack"
2021.03.14,hilfigertout,1349,dassaqyi,1414,"Bongcloud Attack"
2021.03.14,hilfigertout,1362,Engmohsen,1374,"Bongcloud Attack"
2021.03.15,agonhajdari,1115,BrianC56,1243,"Bongcloud Attack"
2021.03.15,sahkal,2136,Tabisbek22204,2150,"Bongcloud Attack"
2021.03.15,sahkal,2130,RonHei,2123,"Bongcloud Attack"
2021.03.15,nomouseblitz,1368,splinked,1435,"Bongcloud Attack"
2021.03.15,hilfigertout,1347,karbakcick,1339,"Bongcloud Attack"
2021.03.15,hilfigertout,1341,EdgarMerinoJimenez,1347,"Bongcloud Attack"
2021.03.15,plerr,1845,Lion_beluy,1901,"Bongcloud Attack"
2021.03.15,ShaggyLegend69,795,VoxyZeen,877,"Bongcloud Attack"
2021.03.15,anducc,672,oreshneru,810,"Bongcloud Attack"
2021.03.15,Bungerer,908,sineeleto,911,"Bongcloud Attack"
2021.03.15,Bungerer,921,IHardlyKnowHer,979,"Bongcloud Attack"
2021.03.15,NayanMehta,1460,JigneshbhaiPriyanshi,1349,"Bongcloud Attack"
2021.03.15,manyaparsana1,1066,dakshsuchday,1129,"Bongcloud Attack"
2021.03.15,MoeMVP,1638,pepilloajedrez,1596,"Bongcloud Attack"
2021.03.15,vlado09,1579,kukumatz,1659,"Bongcloud Attack"
2021.03.15,domeyko,1629,emersonvoss,1612,"Bongcloud Attack"
2021.03.15,hahayouhaha,1162,Ich1983,1120,"Bongcloud Attack"
2021.03.15,SeventeenMinutes,1576,smaratka,1581,"Bongcloud Attack"
2021.03.15,Whatevvs,1364,gondaliyarutu,1361,"Bongcloud Attack"
2021.03.15,walidska,1136,Maris23,1136,"Bongcloud Attack"
2021.03.15,Ahmedbee,741,hansbilall,759,"Bongcloud Attack"
2021.03.15,walidska,1124,adyokad,1013,"Bongcloud Attack"
2021.03.15,TECCnick23,1570,mhrdad,1647,"Bongcloud Attack"
2021.03.15,NoisyFairy,1082,dj4k,1084,"Bongcloud Attack"
2021.03.15,TECCnick23,1572,organictimemachine,1602,"Bongcloud Attack"
2021.03.15,wahe0062,1453,Chroz,1349,"Bongcloud Attack"
2021.03.15,gu-no-ne,1610,Stodik,1563,"Bongcloud Attack"
2021.03.15,Supra248,1116,tpoborne,1122,"Bongcloud Attack"
2021.03.15,NoisyFairy,1078,paprikabank,1201,"Bongcloud Attack"
2021.03.15,walidska,1116,werschwein,1083,"Bongcloud Attack"
2021.03.15,walidska,1121,e1n0,1162,"Bongcloud Attack"
2021.03.15,NoisyFairy,1086,kartgarg,1101,"Bongcloud Attack"
2021.03.15,Revalic,1660,joshdej,1480,"Bongcloud Attack"
2021.03.15,AD_11,1050,Michujs,1033,"Bongcloud Attack"
2021.03.15,Lizigyik,1498,Argert,1511,"Bongcloud Attack"
2021.03.15,debakgp,1603,rishi_iota,1740,"Bongcloud Attack"
2021.03.15,hilfigertout,1369,Frcadriano,1449,"Bongcloud Attack"
2021.03.15,hilfigertout,1365,adel_beyragi_1354,1447,"Bongcloud Attack"
2021.03.15,EMILIALOPEZ,1028,Matias0510ghil,1084,"Bongcloud Attack"
2021.03.15,gu-no-ne,1621,MrKartess,1645,"Bongcloud Attack"
2021.03.15,whichnimzo,1264,DrBlee,1259,"Bongcloud Attack"
2021.03.15,jancomiroslav9,1591,oliveiramendes,1592,"Bongcloud Attack"
2021.03.15,bibabiba2,1703,zlonast3,1250,"Bongcloud Attack"
2021.03.15,EnesYusufKamis34,2336,Maybach77,2366,"Bongcloud Attack"
2021.03.15,EnesYusufKamis34,2331,Hondas,2279,"Bongcloud Attack"
2021.03.15,FaustoPuello,1524,loma_killer,2386,"Bongcloud Attack"
2021.03.15,NailT,1264,E01102012,1258,"Bongcloud Attack"
2021.03.15,MertMurat1673,1035,berrymccream,941,"Bongcloud Attack"
2021.03.15,greyg-host,1108,torvalde,1092,"Bongcloud Attack"
2021.03.15,planetmadness,659,toti10o,639,"Bongcloud Attack"
2021.03.15,DatunchaCh,1731,love_animals,1589,"Bongcloud Attack"
2021.03.15,Chato7,868,EVBEL,941,"Bongcloud Attack"
2021.03.15,APKapoor,1334,sarthaksa,1604,"Bongcloud Attack"
2021.03.15,Yag-2009,989,Alperish9779,959,"Bongcloud Attack"
2021.03.15,Voytal,653,a_bhathar,753,"Bongcloud Attack"
2021.03.15,Yag-2009,985,Jesuscrazyy,1711,"Bongcloud Attack"
2021.03.15,NoisyFairy,1088,Castano-Mamsky,1072,"Bongcloud Attack"
2021.03.15,AnirbanBFF,933,Lambda25,1046,"Bongcloud Attack"
2021.03.15,KapgaNNN,1642,bbe_07,1560,"Bongcloud Attack"
2021.03.15,Cricribossduchessgam,1710,alaaanb99,1762,"Bongcloud Attack"
2021.03.15,msanii,1907,Apiyor,1616,"Bongcloud Attack"
2021.03.15,kamil1234554321,1749,iammatvei,1772,"Bongcloud Attack"
2021.03.15,Mero_WistonAsc,1197,xXSchachOderStirbXx,1333,"Bongcloud Attack"
2021.03.15,Funfunfunfu,1002,Mytikk,1071,"Bongcloud Attack"
2021.03.15,R1dge,1674,arethereanybody,1673,"Bongcloud Attack"
2021.03.15,coulditbesamc,1431,BauerLindemann,1480,"Bongcloud Attack"
2021.03.15,solongandthanks1,1104,jay6on,990,"Bongcloud Attack"
2021.03.15,RookieEight,1500,furryjamalog,1550,"Bongcloud Attack"
2021.03.15,coulditbesamc,1426,yo2000,1445,"Bongcloud Attack"
2021.03.15,msanii,1917,Apiyor,1611,"Bongcloud Attack"
2021.03.15,rookiejackal,1823,Chefess,1813,"Bongcloud Attack"
2021.03.15,Chiaroscuro7,1574,thurinbrokenshield,1537,"Bongcloud Attack"
2021.03.15,Palestinian_Fighter,1672,badran135,1678,"Bongcloud Attack"
2021.03.15,blacbeanburgr,1393,Timoshha,1363,"Bongcloud Attack"
2021.03.15,andre3108,1307,Daniel-MCarlsen,1282,"Bongcloud Attack"
2021.03.15,Va0610,1062,AzamatKarina,1159,"Bongcloud Attack"
2021.03.15,Fouprendh7,1685,KARAZECHESS,1643,"Bongcloud Attack"
2021.03.15,RoyalRook96,1046,ChilePoblano,1062,"Bongcloud Attack"
2021.03.15,Ansh5,1244,AnshandRashisDad,979,"Bongcloud Attack"
2021.03.15,Energia_Pedrofrias,778,RandomUlivia,933,"Bongcloud Attack"
2021.03.15,Ridwanzulfathi,1468,EAW,1431,"Bongcloud Attack"
2021.03.15,Eymn,1957,Aisberg05,1965,"Bongcloud Attack"
2021.03.15,DrAditya,1440,JsckDaniel,1480,"Bongcloud Attack"
2021.03.15,DrAditya,1404,JsckDaniel,1490,"Bongcloud Attack"
2021.03.15,brainxxx12233,919,CAVA_ALLI,790,"Bongcloud Attack"
2021.03.15,hilfigertout,1365,RKz1,1385,"Bongcloud Attack"
2021.03.15,Den_Kor,1480,killer6969,1507,"Bongcloud Attack"
2021.03.15,Den_Kor,1474,musito2001,1499,"Bongcloud Attack"
2021.03.15,Temperz87,1151,BiCcloud69,1188,"Bongcloud Attack"
2021.03.15,Kawell,1480,fasil_nk,1506,"Bongcloud Attack"
2021.03.15,bigbobbypig,1893,Nikolai1109,1769,"Bongcloud Attack"
2021.03.15,Den_Kor,1451,mehrdadazar2,1453,"Bongcloud Attack"
2021.03.15,LPmitJ,837,hverdin98,808,"Bongcloud Attack"
2021.03.15,halfwatt1,976,matheusalves3010,981,"Bongcloud Attack"
2021.03.15,H011Ravager0110O,1283,lomens,1259,"Bongcloud Attack"
2021.03.15,Roobinho,2211,miskob,2147,"Bongcloud Attack"
2021.03.15,ElcanZV407,1103,ducasimovic,1052,"Bongcloud Attack"
2021.03.15,halfwatt1,977,MagicznyGrzegorz,1023,"Bongcloud Attack"
2021.03.15,hilfigertout,1372,Ayman99md,1500,"Bongcloud Attack"
2021.03.15,tushmakster,1228,crazygiova,1138,"Bongcloud Attack"
2021.03.15,furkanyucel375,1239,jaekenji,1239,"Bongcloud Attack"
2021.03.15,TrueBloodz,2049,mahrezbendo,2091,"Bongcloud Attack"
2021.03.15,micksuscongson,1882,MacumbaNervosa,1901,"Bongcloud Attack"
2021.03.15,halfwatt1,981,felei,1057,"Bongcloud Attack"
2021.03.15,BonginkosiJames,1611,david_neizmetdinov,1474,"Bongcloud Attack"
2021.03.15,tetoprime,1294,yashrad,1234,"Bongcloud Attack"
2021.03.15,an112,1372,nussbruderrudi,1429,"Bongcloud Attack"
2021.03.15,Growbag,981,falco-97,1010,"Bongcloud Attack"
2021.03.15,IotaUPSB,1242,FideliOne,1242,"Bongcloud Attack"
2021.03.15,LouisPetillon,1598,ddddbbb,1617,"Bongcloud Attack"
2021.03.15,LouisPetillon,1586,jtcoghill,1605,"Bongcloud Attack"
2021.03.16,oceanriver,1626,Chade2,1678,"Bongcloud Attack"
2021.03.16,hilfigertout,1370,Pckh18,1358,"Bongcloud Attack"
2021.03.16,Dr_JekyllAndMr_Hyde,1991,Saavedracisco,2022,"Bongcloud Attack"
2021.03.16,ImmortalPlayer,1725,Kokorikamo,1728,"Bongcloud Attack"
2021.03.16,chrch,894,peteg13,903,"Bongcloud Attack"
2021.03.16,wszdn,1345,Exodus88,1471,"Bongcloud Attack"
2021.03.16,Gany-M,1331,LdeLucas,1320,"Bongcloud Attack"
2021.03.16,Bongycloudsy,1500,Fenzokaledanoronha,1345,"Bongcloud Attack"
2021.03.16,wszdn,1359,Miss_Black,1500,"Bongcloud Attack"
2021.03.16,CantMateMe,1460,Lmuz,1579,"Bongcloud Attack"
2021.03.16,therealshmeeg,1104,Matute1515,980,"Bongcloud Attack"
2021.03.16,ThanksForAllTheFish,823,Waffle_04,753,"Bongcloud Attack"
2021.03.16,Ze_Ka,1104,jboyle94,922,"Bongcloud Attack"
2021.03.16,ThanksForAllTheFish,815,rook_me_up,875,"Bongcloud Attack"
2021.03.16,StevieJack,1052,Prof_RMCarvalho,908,"Bongcloud Attack"
2021.03.16,blaznspadz,1168,Crrazzychess123,1288,"Bongcloud Attack"
2021.03.16,fyfles,1298,Justabil,1362,"Bongcloud Attack"
2021.03.16,ZareonPawno,1078,JPaints,1123,"Bongcloud Attack"
2021.03.16,Aminidiel,1362,mathewcr777,1361,"Bongcloud Attack"
2021.03.16,Peko_Peko_Peko,1260,BenBK,1238,"Bongcloud Attack"
2021.03.16,Literally_a_Goat,1214,picbois,1265,"Bongcloud Attack"
2021.03.16,ajbizzy,982,chrch,901,"Bongcloud Attack"
2021.03.16,weeedd,1113,Lamono,1030,"Bongcloud Attack"
2021.03.16,highspire,844,Sebasx1221,1022,"Bongcloud Attack"
2021.03.16,ssssitrus,981,gorlaf,1105,"Bongcloud Attack"
2021.03.16,immark,1453,barradass,1441,"Bongcloud Attack"
2021.03.16,blaznspadz,1151,Poulco,1103,"Bongcloud Attack"
2021.03.16,ssssitrus,938,BrashCostume,936,"Bongcloud Attack"
2021.03.16,blaznspadz,1145,fextt,1121,"Bongcloud Attack"
2021.03.16,mattypeters10,1550,DeNancy,1614,"Bongcloud Attack"
2021.03.16,the_agenda,1301,chess4joey,1332,"Bongcloud Attack"
2021.03.16,hilfigertout,1367,Tatetitotu,1379,"Bongcloud Attack"
2021.03.16,deeppalko,1635,El-Abogado-del-Rey,1660,"Bongcloud Attack"
2021.03.16,the_agenda,1296,Danttezx,1290,"Bongcloud Attack"
2021.03.16,sultanzy,1577,telladex,1566,"Bongcloud Attack"
2021.03.16,CitroBeer,1758,JovicaCar,1738,"Bongcloud Attack"
2021.03.16,deeppalko,1625,El-Abogado-del-Rey,1671,"Bongcloud Attack"
2021.03.16,blaznspadz,1137,ConPractice,1087,"Bongcloud Attack"
2021.03.16,totalverb,1541,GeorgeFeb,1524,"Bongcloud Attack"
2021.03.16,CitroBeer,1759,Darrylict,1768,"Bongcloud Attack"
2021.03.16,GrandMasterJosiah,1223,TexasToast,1292,"Bongcloud Attack"
2021.03.16,WILLIAMPONDEE19,1424,bhatts,1420,"Bongcloud Attack"
2021.03.16,totalverb,1547,nikhopo,1491,"Bongcloud Attack"
2021.03.16,weedcollege,1690,Alexey_Shorichev,1615,"Bongcloud Attack"
2021.03.16,AoC85,1826,Angelo2117,1913,"Bongcloud Attack"
2021.03.16,GrandMasterJosiah,1231,ixye,1152,"Bongcloud Attack"
2021.03.16,ZareonPawno,1060,torvalde,1113,"Bongcloud Attack"
2021.03.16,immark,1447,AdrielNasralla,1386,"Bongcloud Attack"
2021.03.16,Natoize,1093,gkn38,1137,"Bongcloud Attack"
2021.03.16,immark,1440,spookiz,1366,"Bongcloud Attack"
2021.03.16,GrandMasterJosiah,1250,hertzlia,1329,"Bongcloud Attack"
2021.03.16,totalverb,1554,tubabrandon,1574,"Bongcloud Attack"
2021.03.16,CitroBeer,1753,joh25,1718,"Bongcloud Attack"
2021.03.16,ExcellentOutPost,1681,kkphys,1822,"Bongcloud Attack"
2021.03.16,dwadh,1503,Katastrophe123,1525,"Bongcloud Attack"
2021.03.16,Haddapheu,973,meedox,1043,"Bongcloud Attack"
2021.03.16,gubyyy,1101,Dey2,1133,"Bongcloud Attack"
2021.03.16,dwadh,1498,GamingStrategist,1515,"Bongcloud Attack"
2021.03.16,Justn15,756,rookie457,868,"Bongcloud Attack"
2021.03.16,dwadh,1498,rookieroad,1555,"Bongcloud Attack"
2021.03.16,AdarshKhanna,1009,SaidRook,922,"Bongcloud Attack"
2021.03.16,pritamlad,1486,Zain2003,1416,"Bongcloud Attack"
2021.03.16,dabears1,1376,ceminami,1348,"Bongcloud Attack"
2021.03.16,GridJelly,1134,BuddingCurmudgeon,1138,"Bongcloud Attack"
2021.03.16,kapranovd,1347,jpchong,1270,"Bongcloud Attack"
2021.03.16,gubyyy,1105,Roberto_89,1116,"Bongcloud Attack"
2021.03.16,kapranovd,1352,ka_no13,1392,"Bongcloud Attack"
2021.03.16,Cardioth,1150,Braguinhaaa,1196,"Bongcloud Attack"
2021.03.16,get_off_my_pawn,1059,Andrufib,1071,"Bongcloud Attack"
2021.03.16,Lucas_Kranich17,1435,MonInsane,1472,"Bongcloud Attack"
2021.03.16,SuperNenechi,1107,npenha,1128,"Bongcloud Attack"
2021.03.16,POTAto01845,1062,Qui-Gon-Jin,1076,"Bongcloud Attack"
2021.03.16,tetoprime,1314,Cheri_14,1302,"Bongcloud Attack"
2021.03.16,JurgenAkiva,1728,MrHamzaouiAb29,1778,"Bongcloud Attack"
2021.03.16,sloboz_roz,1278,BaitHarmon,1266,"Bongcloud Attack"
2021.03.16,blaznspadz,1132,BeniG82IMg,1224,"Bongcloud Attack"
2021.03.16,sloboz_roz,1284,Thalia1905,1305,"Bongcloud Attack"
2021.03.16,Atackunat,1805,newagerage,1781,"Bongcloud Attack"
2021.03.16,blaznspadz,1134,Oliver2605,1086,"Bongcloud Attack"
2021.03.16,nussy,1989,wilbert_guo,1981,"Bongcloud Attack"
2021.03.16,aayushchess,1278,Cemilbdk,1236,"Bongcloud Attack"
2021.03.16,blaznspadz,1139,fkhatib,1232,"Bongcloud Attack"
2021.03.16,FurtherDuck5045,972,MateoRadanovic1,921,"Bongcloud Attack"
2021.03.16,vladiee,1173,jlu3007,1198,"Bongcloud Attack"
2021.03.16,DrFoolerstein,1602,Itts_Soul,1585,"Bongcloud Attack"
2021.03.16,QaisaraSkpS,1722,Manankasina301,1077,"Bongcloud Attack"
2021.03.16,newkidondablock,878,Ingeox,880,"Bongcloud Attack"
2021.03.16,QaisaraSkpS,1700,eymoo,1245,"Bongcloud Attack"
2021.03.16,KarlJohn,1801,Pustov62,1774,"Bongcloud Attack"
2021.03.16,mkarim15,1525,RolandoV,1533,"Bongcloud Attack"
2021.03.16,errantmove,1496,Zola-Et,1533,"Bongcloud Attack"
2021.03.16,hmmmm08,1286,Ramirito1,1280,"Bongcloud Attack"
2021.03.16,Rusksh79,1412,Timecatcher,1425,"Bongcloud Attack"
2021.03.16,Jack7269,1362,Nedy,1357,"Bongcloud Attack"
2021.03.16,HappyWith1Deag,1412,Mahmoudhamdy58df,1395,"Bongcloud Attack"
2021.03.16,Sidharth_A,1292,jkm1977,1284,"Bongcloud Attack"
2021.03.16,jmbarbacena,1421,Ruyaadam,1435,"Bongcloud Attack"
2021.03.16,infusedwithmako,1251,shuttlerritik813,1276,"Bongcloud Attack"
2021.03.16,HikaruNakamuraBot,1945,clueless-bot,2022,"Bongcloud Attack"
2021.03.16,originalstardust,1007,adiyogishiv,1015,"Bongcloud Attack"
2021.03.16,Darnushepsnar,1979,rubanaji,1962,"Bongcloud Attack"
2021.03.16,aaryanverma12,1264,SORROW_TO_YOU,1295,"Bongcloud Attack"
2021.03.16,Geuu,1146,AlexVxder,1176,"Bongcloud Attack"
2021.03.16,devil_in_a_new_dress,1145,OhGumbus,1144,"Bongcloud Attack"
2021.03.16,arroyavecrack,1120,ASRasskazov,1123,"Bongcloud Attack"
2021.03.16,bongclouddraw,1500,Zombozo88,1316,"Bongcloud Attack"
2021.03.16,bongclouddraw,1106,loepare,1170,"Bongcloud Attack"
2021.03.16,bongclouddraw,1305,ogiiii,1290,"Bongcloud Attack"
2021.03.16,Rookie_player,1906,perezge,1897,"Bongcloud Attack"
2021.03.16,GaryVee,1713,tapgoogs,1642,"Bongcloud Attack"
2021.03.16,Rafsan_Azad_6000,1488,knarkeloff,1550,"Bongcloud Attack"
2021.03.16,CheesE220,1400,tasty_borgar,1498,"Bongcloud Attack"
2021.03.16,deepakdawani06,1908,VladikIvanov17,1924,"Bongcloud Attack"
2021.03.16,Baskis,1255,BFH87,1345,"Bongcloud Attack"
2021.03.16,bongclouddraw,1167,MasoumehBahonar,1106,"Bongcloud Attack"
2021.03.16,fabio_stockfish,1007,abdollah_mansouri,979,"Bongcloud Attack"
2021.03.16,salsweet,1216,ahmetaygun,1278,"Bongcloud Attack"
2021.03.16,Pking33,1894,marctyson,1858,"Bongcloud Attack"
2021.03.16,Chessrulz231,1661,Blesso1991,1699,"Bongcloud Attack"
2021.03.16,mdmizan159597,2023,panierlivre,2027,"Bongcloud Attack"
2021.03.16,mkarim15,1535,NB2067,1532,"Bongcloud Attack"
2021.03.16,smidtoll,1480,Deathstr0ke,1529,"Bongcloud Attack"
2021.03.16,Chessrulz231,1668,Ganaa0811,1620,"Bongcloud Attack"
2021.03.16,fakesamayrainaYT,1132,Karan_Sama,1019,"Bongcloud Attack"
2021.03.16,mkarim15,1541,Pavel_01121981,1574,"Bongcloud Attack"
2021.03.16,Meeeennnnnnnn,960,xiaoef,899,"Bongcloud Attack"
2021.03.16,misha_2005,1435,yenp,1464,"Bongcloud Attack"
2021.03.16,MrKilo99,1401,ROBINJ38000,1442,"Bongcloud Attack"
2021.03.16,DeepeshBhatt123,1192,biyoloji42,1175,"Bongcloud Attack"
2021.03.16,qihanw2,2071,Adis_Percasi_KBB,2071,"Bongcloud Attack"
2021.03.16,Saaarr,1391,Thawfeek,1431,"Bongcloud Attack"
2021.03.16,funinjapple,1477,TheJewKing,1466,"Bongcloud Attack"
2021.03.16,qihanw2,2070,Youssef_2012,2069,"Bongcloud Attack"
2021.03.16,funinjapple,1494,sg2210,1470,"Bongcloud Attack"
2021.03.16,StopDryFarting,2204,Anatoliy78,2173,"Bongcloud Attack"
2021.03.16,KxngMadvillain,978,Sai_Adithya_A,957,"Bongcloud Attack"
2021.03.16,MirayBA,619,ProGamer1151,715,"Bongcloud Attack"
2021.03.16,KxngMadvillain,975,QingMaqueen,1021,"Bongcloud Attack"
2021.03.16,IgnaGanaAUrmana,965,Shailaja_5,957,"Bongcloud Attack"
2021.03.16,AlekseiProtrka,1250,barisdemirci3452,1156,"Bongcloud Attack"
2021.03.16,Tomerony,1073,tsjaavik1,1133,"Bongcloud Attack"
2021.03.16,bharper00,1503,javks,1435,"Bongcloud Attack"
2021.03.16,cavitcem3095,979,mali52,972,"Bongcloud Attack"
2021.03.16,abduxp,847,Ruben94,899,"Bongcloud Attack"
2021.03.16,selmonboi6969,757,CCFoXI,826,"Bongcloud Attack"
2021.03.16,GabrielLukass,983,mohammadreza6574,1044,"Bongcloud Attack"
2021.03.16,Kpt-Sternhagel,808,elmosmi,884,"Bongcloud Attack"
2021.03.16,uelidebuur,1520,lexa2786,1446,"Bongcloud Attack"
2021.03.16,CitroBeer,1760,JacobTerminator,1754,"Bongcloud Attack"
2021.03.16,mrsln15,1372,jg131,1321,"Bongcloud Attack"
2021.03.16,Yes_its_9_inces,958,Gourav_18,965,"Bongcloud Attack"
2021.03.16,Yes_its_9_inces,952,Gourav_18,971,"Bongcloud Attack"
2021.03.16,Super_Nova_Cat,1688,Andrey_Ten,1627,"Bongcloud Attack"
2021.03.16,CitroBeer,1754,viktor_petrovich,1734,"Bongcloud Attack"
2021.03.16,Yes_its_9_inces,953,Marat0206,1024,"Bongcloud Attack"
2021.03.16,DrAditya,1389,djangoj,1325,"Bongcloud Attack"
2021.03.16,troyes19,1216,akv_chess,1182,"Bongcloud Attack"
2021.03.16,DeepeshBhatt123,1192,slymnelgn,1250,"Bongcloud Attack"
2021.03.16,pawnparade,1722,kapperking,1687,"Bongcloud Attack"
2021.03.16,ashiqboom,1481,GimGam,1442,"Bongcloud Attack"
2021.03.16,Bahringer,1164,leosdr,1190,"Bongcloud Attack"
2021.03.16,Sidoth,1355,Emanuellasker1963,1343,"Bongcloud Attack"
2021.03.16,blundermanytimes,1559,LaBurgue,1590,"Bongcloud Attack"
2021.03.16,ilanzs,1140,Tonyminimony,1780,"Bongcloud Attack"
2021.03.16,MostafaElbasher,1312,Brutto86,1314,"Bongcloud Attack"
2021.03.16,aditkrish,1427,chessersero,1420,"Bongcloud Attack"
2021.03.16,Hukuma,1413,max1364,1409,"Bongcloud Attack"
2021.03.16,AskerovTural,1768,DooranW,1673,"Bongcloud Attack"
2021.03.16,skarpheden,928,jristianow,1032,"Bongcloud Attack"
2021.03.16,jclaff,1189,LordCrackPot2,1189,"Bongcloud Attack"
2021.03.16,Nebula361,1047,bahia199,1086,"Bongcloud Attack"
2021.03.16,JaimeChess1,1070,tiszainorbert,1092,"Bongcloud Attack"
2021.03.16,Andrey354,973,Agrawal71,1350,"Bongcloud Attack"
2021.03.16,Jasmy,1476,mistershrubber,1576,"Bongcloud Attack"
2021.03.16,Jord_GM,1231,noobslayer6942069,1008,"Bongcloud Attack"
2021.03.16,DrCremino,1062,jenishfurnoo123,1050,"Bongcloud Attack"
2021.03.16,CitroBeer,1735,Xickavana,1773,"Bongcloud Attack"
2021.03.16,kaasyapchess123,1370,Mespilus,1419,"Bongcloud Attack"
2021.03.16,Joakonice,951,Danba85,868,"Bongcloud Attack"
2021.03.16,Daenvil,1219,wendy2116,1319,"Bongcloud Attack"
2021.03.16,ELO_nmusk,1500,Evgenii44,1436,"Bongcloud Attack"
2021.03.16,buchotron,1259,Erenkayaa,1248,"Bongcloud Attack"
2021.03.16,h4rd1k,1149,patobest,1232,"Bongcloud Attack"
2021.03.16,tonton26,1268,Szybkikon25s,1264,"Bongcloud Attack"
2021.03.16,Casaboo,1150,TheKingsBallet,1196,"Bongcloud Attack"
2021.03.16,cdog4000,1160,yargercc,1158,"Bongcloud Attack"
2021.03.16,mohamed_majid,926,itsame4,1029,"Bongcloud Attack"
2021.03.16,drrss,930,ArnavVivek,962,"Bongcloud Attack"
2021.03.16,random261,2018,canaleta72,1996,"Bongcloud Attack"
2021.03.16,radu_97,1007,theprimerio,1084,"Bongcloud Attack"
2021.03.16,radu_97,1014,CarlosGLuna,995,"Bongcloud Attack"
2021.03.16,bharper00,1544,neotheicebird,1520,"Bongcloud Attack"
2021.03.16,Junkyousha,1673,plohha,1688,"Bongcloud Attack"
2021.03.16,radu_97,1020,SMOKY0,1044,"Bongcloud Attack"
2021.03.16,Eldor,1751,shanukadulnath2005,1758,"Bongcloud Attack"
2021.03.16,Eldor,1745,Schwarzfuss,1690,"Bongcloud Attack"
2021.03.16,Romponpon,802,Sim70,891,"Bongcloud Attack"
2021.03.16,Akhter,1263,Cahal,1256,"Bongcloud Attack"
2021.03.16,jegvilblisomjesus,1291,schnigoP,1545,"Bongcloud Attack"
2021.03.16,AlphaPlatinum,1799,Ashmuiz,1821,"Bongcloud Attack"
2021.03.16,jegvilblisomjesus,996,apecengiz,1167,"Bongcloud Attack"
2021.03.16,Sreerookie,983,Kupinho,1010,"Bongcloud Attack"
2021.03.16,deeptarko,936,Rebelrhymer,897,"Bongcloud Attack"
2021.03.16,lokki007,1368,analoguebubblebath12,1373,"Bongcloud Attack"
2021.03.16,Pelzigeachsel,2370,Bierpower,2396,"Bongcloud Attack"
2021.03.16,deeptarko,934,heer9,997,"Bongcloud Attack"
2021.03.16,deeptarko,929,Vinayakaj78,839,"Bongcloud Attack"
2021.03.16,Super_Nova_Cat,1662,TurkGambit,1669,"Bongcloud Attack"
2021.03.16,Megalokom,1256,BHARATX,1314,"Bongcloud Attack"
2021.03.16,DoYouKnowWhoIAm,1687,stevigvolkoren,1712,"Bongcloud Attack"
2021.03.16,SmokingBongCloud,962,ookekecimm,878,"Bongcloud Attack"
2021.03.16,stabswache,1752,Sviatoslavv,1756,"Bongcloud Attack"
2021.03.16,Yudichess007,1692,dinostroc,1602,"Bongcloud Attack"
2021.03.16,mysacek1414,2196,Bekjan880424,2089,"Bongcloud Attack"
2021.03.16,DionDenzelAdvincula,1826,aljo-rein03,1762,"Bongcloud Attack"
2021.03.16,kedarsid,1691,Weylyn,1670,"Bongcloud Attack"
2021.03.16,MagicianFromRigaa,1356,PrashantYadav,1394,"Bongcloud Attack"
2021.03.16,SahMatosevic,1282,amn9,1378,"Bongcloud Attack"
2021.03.16,Good_dogie,1230,Alaa_Mouh,1208,"Bongcloud Attack"
2021.03.16,hilfigertout,1356,Hasumfiat,1361,"Bongcloud Attack"
2021.03.16,streuselflusen_3,1466,Sukh466,1400,"Bongcloud Attack"
2021.03.16,hilfigertout,1362,estaquirot,1401,"Bongcloud Attack"
2021.03.16,charliekm,1144,Pustek888,1194,"Bongcloud Attack"
2021.03.16,Nirodho,1652,Sujoyfema,1613,"Bongcloud Attack"
2021.03.16,Morinv,942,simopax,910,"Bongcloud Attack"
2021.03.16,SahMatosevic,1274,amn9,1387,"Bongcloud Attack"
2021.03.16,hilfigertout,1357,georginho1,1348,"Bongcloud Attack"
2021.03.16,JustDiyey2001,1411,bahadrbedir,1351,"Bongcloud Attack"
2021.03.16,Rojillo,1654,brongondwana,1664,"Bongcloud Attack"
2021.03.16,AnonymousChess69,1114,hamzasuphi,1239,"Bongcloud Attack"
2021.03.16,Catonestoico,1652,WINLOSEDRAW2,1665,"Bongcloud Attack"
2021.03.16,LokeshPant80,807,ySolydao,657,"Bongcloud Attack"
2021.03.16,Djuff,1138,ZzarraackK,1240,"Bongcloud Attack"
2021.03.16,Nstedma,1118,Hasrustaqi,1156,"Bongcloud Attack"
2021.03.16,gepetro,1902,ACpantoja,2149,"Bongcloud Attack"
2021.03.16,dyaz19,1230,SzymonSadej,1199,"Bongcloud Attack"
2021.03.16,dyaz19,1220,king7Illusion,1258,"Bongcloud Attack"
2021.03.16,dyaz19,1196,ErolG,1238,"Bongcloud Attack"
2021.03.16,dyaz19,1162,Hindus,1191,"Bongcloud Attack"
2021.03.16,Tungaa,1574,IghtBet2004,1556,"Bongcloud Attack"
2021.03.16,hmbrick,1359,tectum,1331,"Bongcloud Attack"
2021.03.16,on3iropolos,919,domman99,826,"Bongcloud Attack"
2021.03.16,SmokingBongCloud,941,iLoveYuki,963,"Bongcloud Attack"
2021.03.16,AdMemon108,1473,georgi54,1431,"Bongcloud Attack"
2021.03.16,SmokingBongCloud,960,ninaqvel,981,"Bongcloud Attack"
2021.03.16,Marouanefauzi,986,aerisch,1039,"Bongcloud Attack"
2021.03.16,Djuff,1146,Trandongson12345,1237,"Bongcloud Attack"
2021.03.16,JohnnyBongcloud,1439,Pcras,1584,"Bongcloud Attack"
2021.03.16,aryansnair,1370,cocoyolive,1898,"Bongcloud Attack"
2021.03.16,JohnnyBongcloud,1304,HY2010,1248,"Bongcloud Attack"
2021.03.16,TanayBanaudha,1678,CharlieDontSurf,1646,"Bongcloud Attack"
2021.03.16,Lysandre_Ulma,1190,markregor,1166,"Bongcloud Attack"
2021.03.16,JohnnyBongcloud,1235,ton0,1185,"Bongcloud Attack"
2021.03.16,rk22plays,1216,Zad2,1190,"Bongcloud Attack"
2021.03.16,fahim123,1090,LostInChessJR,1038,"Bongcloud Attack"
2021.03.16,Sreerookie,986,Kolafi123,1088,"Bongcloud Attack"
2021.03.16,PunisherOG,1500,Whitesave,1219,"Bongcloud Attack"
2021.03.16,Dawj1,903,isabelaas,847,"Bongcloud Attack"
2021.03.16,JuliusCaesar1,1918,Murugan23,1920,"Bongcloud Attack"
2021.03.16,CivicFinch,1042,Chris_Sevilla_13,1068,"Bongcloud Attack"
2021.03.16,Dawj1,896,Atros12,966,"Bongcloud Attack"
2021.03.16,Knightbright49,1055,DrPepega,1055,"Bongcloud Attack"
2021.03.16,Nsabe,1953,Gueguense,1945,"Bongcloud Attack"
2021.03.16,dragon1800,1684,BikashS,1619,"Bongcloud Attack"
2021.03.16,kaptsov,1892,javadjafari86,1890,"Bongcloud Attack"
2021.03.16,Hackerperson420,668,Vahedeh,691,"Bongcloud Attack"
2021.03.16,dragonrojorey,1498,Levin_Halbach,1528,"Bongcloud Attack"
2021.03.16,Sigurdmofo,1355,noobyra,1269,"Bongcloud Attack"
2021.03.16,JABastos,843,SliceOfChess1,717,"Bongcloud Attack"
2021.03.16,charliekm,1151,doppelg1nger,1109,"Bongcloud Attack"
2021.03.16,HikarusDad,980,Houzizzz,853,"Bongcloud Attack"
2021.03.16,janpoo123,1118,JaimeChess1,1073,"Bongcloud Attack"
2021.03.16,Smurfer200,1212,MasterPinky,1148,"Bongcloud Attack"
2021.03.16,Smurfer200,1201,Cdecesar,1199,"Bongcloud Attack"
2021.03.16,The_Roy,1593,witekszachy,1504,"Bongcloud Attack"
2021.03.16,itsbenbrown445,978,Pico_Paco,975,"Bongcloud Attack"
2021.03.16,rem_tolka,1000,Omertr34,1001,"Bongcloud Attack"
2021.03.16,Smurfer200,1189,Cdecesar,1211,"Bongcloud Attack"
2021.03.16,Alpmehmet,831,zumracalik,1258,"Bongcloud Attack"
2021.03.16,Smurfer200,1179,Cdecesar,1222,"Bongcloud Attack"
2021.03.16,Smurfer200,1169,Cdecesar,1232,"Bongcloud Attack"
2021.03.16,Smurfer200,1160,Cdecesar,1241,"Bongcloud Attack"
2021.03.16,Smurfer200,1151,Cdecesar,1250,"Bongcloud Attack"
2021.03.16,The_Roy,1603,witekszachy,1496,"Bongcloud Attack"
2021.03.16,Smurfer200,1143,Cdecesar,1259,"Bongcloud Attack"
2021.03.16,Judely21,1514,Free_kill,1504,"Bongcloud Attack"
2021.03.16,HEKPOMAHT228,1727,Luis-is-a-Genius,1694,"Bongcloud Attack"
2021.03.16,wesw,1447,ARiddles,1496,"Bongcloud Attack"
2021.03.16,DionDenzelAdvincula,1841,faiprayogo,1876,"Bongcloud Attack"
2021.03.16,Taubenblau,1459,BTPAgriculteur,1441,"Bongcloud Attack"
2021.03.16,trollathon,1039,giovanni1975,1031,"Bongcloud Attack"
2021.03.16,Hyperuser,1408,OlaCh,1237,"Bongcloud Attack"
2021.03.16,HikarusDad,984,arturoliverga,904,"Bongcloud Attack"
2021.03.16,plerr,1916,Fettberg,1908,"Bongcloud Attack"
2021.03.16,chess_of_God,2337,Jamik13,2371,"Bongcloud Attack"
2021.03.16,ALBAYRAGH,1584,Thurin,1600,"Bongcloud Attack"
2021.03.16,JohnnyBongcloud,1219,Heisen_berg,1284,"Bongcloud Attack"
2021.03.16,MArtY6996,1691,Zuala-7_Cck,1677,"Bongcloud Attack"
2021.03.16,Coffin33,1029,Jasiu,1117,"Bongcloud Attack"
2021.03.16,z00albin,2026,RUBENOCKV,1890,"Bongcloud Attack"
2021.03.16,El_Sucio_Dan,1216,LordChess777,1617,"Bongcloud Attack"
2021.03.16,trollathon,995,Sabir1997,1100,"Bongcloud Attack"
2021.03.16,LilNamey,1107,MrCoool,970,"Bongcloud Attack"
2021.03.16,JohnnyBongcloud,1168,Heisen_berg,1293,"Bongcloud Attack"
2021.03.16,king_kaunen,1111,promethey,1162,"Bongcloud Attack"
2021.03.16,NihilVEVO,657,ilgaryis,692,"Bongcloud Attack"
2021.03.16,Stiles_Stillinski24,1157,Ares0734,1137,"Bongcloud Attack"
2021.03.16,gaurang2801,1140,JustMessinAroundB,1143,"Bongcloud Attack"
2021.03.16,demirylmz,1168,jdalanis,1153,"Bongcloud Attack"
2021.03.16,Stiles_Stillinski24,1148,Chorchegm,1170,"Bongcloud Attack"
2021.03.16,Aletzu,1000,DavidLinaresVargas,1032,"Bongcloud Attack"
2021.03.16,PhantomMirror,752,std295,814,"Bongcloud Attack"
2021.03.16,PeixePescador,1711,mobios,1714,"Bongcloud Attack"
2021.03.16,leonberginkoira,1024,Rumeysa19,1001,"Bongcloud Attack"
2021.03.16,NihilVEVO,632,AlHeid,724,"Bongcloud Attack"
2021.03.16,AJbaj,1219,leoniswild,1211,"Bongcloud Attack"
2021.03.16,kutkiwi,2257,ozgrandmaster,2183,"Bongcloud Attack"
2021.03.16,SmokingBongCloud,1005,Chesscel92,1003,"Bongcloud Attack"
2021.03.16,petocho8,1335,ddk1,1380,"Bongcloud Attack"
2021.03.16,kisgels,1288,KoHMuN,1273,"Bongcloud Attack"
2021.03.16,mlodymsz,1296,Vnogaga,1345,"Bongcloud Attack"
2021.03.16,Megalokom,1269,siroja_30,1308,"Bongcloud Attack"
2021.03.16,Stinkyfrenchguy,1063,Tiguan18,1148,"Bongcloud Attack"
2021.03.16,osmanbacker,1142,Pche84,1117,"Bongcloud Attack"
2021.03.16,PrincessFireHydrant,1082,ioanis,1078,"Bongcloud Attack"
2021.03.16,YT_RDC,972,ioanis,1072,"Bongcloud Attack"
2021.03.16,SmidgetLord324,1170,chemistry21,1078,"Bongcloud Attack"
2021.03.16,cchitundu,1261,NurbeKZ,1268,"Bongcloud Attack"
2021.03.16,MintyRice187,979,KevveK,969,"Bongcloud Attack"
2021.03.16,Zeno777,1534,YK1083,1424,"Bongcloud Attack"
2021.03.16,AhmetDS,865,Karadarf,876,"Bongcloud Attack"
2021.03.16,thenightshifter,1036,sahinnnnn,939,"Bongcloud Attack"
2021.03.16,SmidgetLord324,1169,bl4s,1143,"Bongcloud Attack"
2021.03.16,PCSChessClub,2196,CopiousDragon,914,"Bongcloud Attack"
2021.03.16,Marcon22,931,challmeCOD1v1,835,"Bongcloud Attack"
2021.03.16,LukeTheHawk,2104,Melissaparenti,1472,"Bongcloud Attack"
2021.03.16,Marcon22,951,GT2894,858,"Bongcloud Attack"
2021.03.16,mic50,969,BayVanyu,956,"Bongcloud Attack"
2021.03.16,rookiejackal,1814,sehafn,1816,"Bongcloud Attack"
2021.03.16,Bigdan88,1276,DABASSka,1219,"Bongcloud Attack"
2021.03.16,LukeTheHawk,2187,GiorgioBert,1301,"Bongcloud Attack"
2021.03.16,on3iropolos,922,MarySarah,869,"Bongcloud Attack"
2021.03.16,huhq,1407,SHAKKI-ISMO,1466,"Bongcloud Attack"
2021.03.16,Dom_Pedro_II,812,chat_noir_pl,889,"Bongcloud Attack"
2021.03.16,mattpk,1580,sebastian_989,1600,"Bongcloud Attack"
2021.03.16,Puredevil,1458,dg_gambit,1557,"Bongcloud Attack"
2021.03.16,stepladder,899,leandro89AH,918,"Bongcloud Attack"
2021.03.16,gaurang2801,1141,bearsbeetsbg,1158,"Bongcloud Attack"
2021.03.16,BlueGoddess,860,Saifmak,906,"Bongcloud Attack"
2021.03.16,philhobs,1457,RAJ204,1408,"Bongcloud Attack"
2021.03.16,stepladder,893,Kravtsov,1404,"Bongcloud Attack"
2021.03.16,Far0sh,1231,purayah25,1296,"Bongcloud Attack"
2021.03.16,stepladder,893,NikolaiValutov,1453,"Bongcloud Attack"
2021.03.16,thedanfrom91,1058,benjamo89,970,"Bongcloud Attack"
2021.03.16,gaston5,1032,pd_freire,1032,"Bongcloud Attack"
2021.03.16,hexold,935,rowlie101,1015,"Bongcloud Attack"
2021.03.16,Marcon22,965,Cryiks,1042,"Bongcloud Attack"
2021.03.16,duchsvaty,1552,berberoglu11,1521,"Bongcloud Attack"
2021.03.16,LaximeMachierVagrave,1628,KirillG,1717,"Bongcloud Attack"
2021.03.16,bigmac95,1017,kekw600,1045,"Bongcloud Attack"
2021.03.16,Super_Nova_Cat,1664,Victorkrrizo,1604,"Bongcloud Attack"
2021.03.16,Ahmetrkt,935,Andyvalcarcel,945,"Bongcloud Attack"
2021.03.16,Themystery61,1374,WoburnToJa,1338,"Bongcloud Attack"
2021.03.16,Super_Nova_Cat,1657,shahrouzab49,1638,"Bongcloud Attack"
2021.03.16,Bergkampbest10,1002,Startree,968,"Bongcloud Attack"
2021.03.16,Far0sh,1283,ididnaat,1348,"Bongcloud Attack"
2021.03.16,Grobbomon,1431,Mo01009213816,1433,"Bongcloud Attack"
2021.03.16,omarshad,964,jristianow,1019,"Bongcloud Attack"
2021.03.16,Marcon22,1009,Qbicx,1039,"Bongcloud Attack"
2021.03.16,Rf3t33,1519,Baahu,1505,"Bongcloud Attack"
2021.03.16,Grampet,696,DJCamaro,816,"Bongcloud Attack"
2021.03.16,gbxres,1535,happyhippocampus,1472,"Bongcloud Attack"
2021.03.16,noperider,703,Spites,732,"Bongcloud Attack"
2021.03.16,Snowlions,959,saidbitw,828,"Bongcloud Attack"
2021.03.16,NARANJANARANJA,2046,Madness2020,2089,"Bongcloud Attack"
2021.03.16,Mohammad_najemeddin,1696,prabhans,1675,"Bongcloud Attack"
2021.03.16,GreenDR,988,mannitor,954,"Bongcloud Attack"
2021.03.16,sofakingdavid,1405,MeghanaPawan,1357,"Bongcloud Attack"
2021.03.16,ani5905,1007,JakobSchleh,894,"Bongcloud Attack"
2021.03.16,ygrtf,1640,SantiagoReyesVzla,1632,"Bongcloud Attack"
2021.03.16,ygrtf,1634,chicodagrota,1700,"Bongcloud Attack"
2021.03.16,aytek13,1297,Ulroyg,1303,"Bongcloud Attack"
2021.03.16,aytek13,1286,MustafaEren_Aydin56,1272,"Bongcloud Attack"
2021.03.16,lifestarse,1205,AndersKastet,1182,"Bongcloud Attack"
2021.03.16,Indiancat,2251,nimzoindian35,2144,"Bongcloud Attack"
2021.03.16,SmidgetLord324,1174,Kaki_amirali1234,1105,"Bongcloud Attack"
2021.03.16,A1723,1126,Ekke45,1170,"Bongcloud Attack"
2021.03.16,dpatr004,1404,Jrboehrer,1324,"Bongcloud Attack"
2021.03.16,batuhanaydn,1208,Gf310185,1265,"Bongcloud Attack"
2021.03.16,thomaskevinjudas,1202,ajcmrl,1130,"Bongcloud Attack"
2021.03.16,gregjacko1,1105,Kuain96,1105,"Bongcloud Attack"
2021.03.16,dpatr004,1397,efgieha,1419,"Bongcloud Attack"
2021.03.16,Roix0305,1363,andryushkaa,1295,"Bongcloud Attack"
2021.03.16,BongcloudChallenge,1559,Gideom,1534,"Bongcloud Attack"
2021.03.16,Roix0305,1356,Murdabarz,1460,"Bongcloud Attack"
2021.03.16,Olaug,1228,TuPapaSoyYo,1232,"Bongcloud Attack"
2021.03.16,dpatr004,1403,mjpider,1329,"Bongcloud Attack"
2021.03.16,WhiteOrTroll,1500,matej_peshevski,1245,"Bongcloud Attack"
2021.03.16,carrio6,1812,ivanbasov1981,1793,"Bongcloud Attack"
2021.03.16,jasonf7,964,bennywatts8074,874,"Bongcloud Attack"
2021.03.16,checkcheckdevil,1194,ferhatdgr,1186,"Bongcloud Attack"
2021.03.16,leyla20,1417,juanje,1363,"Bongcloud Attack"
2021.03.16,dpatr004,1401,gosores19,1386,"Bongcloud Attack"
2021.03.16,rochbr,1162,itay-gershon,1219,"Bongcloud Attack"
2021.03.16,BongcloudChallenge,1366,Legromante,1279,"Bongcloud Attack"
2021.03.16,rochbr,875,the_misha,832,"Bongcloud Attack"
2021.03.16,jasonf7,963,TOMMY65,957,"Bongcloud Attack"
2021.03.16,BongcloudChallenge,1474,dzikakaczka,1432,"Bongcloud Attack"
2021.03.16,OliversArmy69,1160,thomasdavid10,1128,"Bongcloud Attack"
2021.03.16,rochbr,818,AnDrEsMaRiAnOaLoNsO,757,"Bongcloud Attack"
2021.03.16,jasonf7,964,laurent_paris,1078,"Bongcloud Attack"
2021.03.16,b3nji55555,1127,kiekkegard,1205,"Bongcloud Attack"
2021.03.16,dav3199,2098,kingsattacker,2146,"Bongcloud Attack"
2021.03.16,amansour92,1369,espirituaventurero,1371,"Bongcloud Attack"
2021.03.16,BongcloudChallenge,1468,mmoesche,1368,"Bongcloud Attack"
2021.03.16,OliversArmy69,1177,Afidan,1210,"Bongcloud Attack"
2021.03.16,b3nji55555,1122,PabloVallejo_25,1105,"Bongcloud Attack"
2021.03.16,seba2454,1918,UnholyCannoli,1887,"Bongcloud Attack"
2021.03.16,jasonf7,971,mrtongas,1087,"Bongcloud Attack"
2021.03.16,drake_01,1522,davidkies,1531,"Bongcloud Attack"
2021.03.16,FreddyBongcloud,2022,enes2172,2051,"Bongcloud Attack"
2021.03.16,erkikko,1294,tilcordes,1289,"Bongcloud Attack"
2021.03.16,marchaasd,1203,Nikolakg,1213,"Bongcloud Attack"
2021.03.16,VincentCespedes,1419,XCO1978,1445,"Bongcloud Attack"
2021.03.16,happyidiot1,1849,chessis1,1509,"Bongcloud Attack"
2021.03.16,benaionptk,1179,asma57,1215,"Bongcloud Attack"
2021.03.16,osmanbacker,1165,gucio1499,1120,"Bongcloud Attack"
2021.03.16,kakemot,673,benprice,786,"Bongcloud Attack"
2021.03.16,Stonky_the_Donkey,1241,metaforainconexa,1181,"Bongcloud Attack"
2021.03.16,mamula2023,1134,kkontkane,1140,"Bongcloud Attack"
2021.03.16,Charlesworth15,1595,darcraft,1600,"Bongcloud Attack"
2021.03.16,tryharding_noob,967,rafaelsalesx,957,"Bongcloud Attack"
2021.03.16,osmanbacker,1158,leonperi,1194,"Bongcloud Attack"
2021.03.16,fizmez,1517,BoiBoiDoi1,1507,"Bongcloud Attack"
2021.03.16,Puredevil,1442,Zoran90,1622,"Bongcloud Attack"
2021.03.16,Joseph2205,1299,totillas,1327,"Bongcloud Attack"
2021.03.16,Ecological,929,Drutz,924,"Bongcloud Attack"
2021.03.16,maryizeldurandiaz,1222,CinthiaCahuantziT,1712,"Bongcloud Attack"
2021.03.16,Rimio,1154,Verittus,1245,"Bongcloud Attack"
2021.03.16,spezipapi,674,r3luch,790,"Bongcloud Attack"
2021.03.16,fizmez,1517,MikeTheRoof,1504,"Bongcloud Attack"
2021.03.16,ISacQueen,1654,aylisa,1624,"Bongcloud Attack"
2021.03.16,farmat,1265,aferolkay,1224,"Bongcloud Attack"
2021.03.16,maraspoli,1775,Diego_Teixeira,1778,"Bongcloud Attack"
2021.03.16,mobra7,1119,Kuzmin_I,1154,"Bongcloud Attack"
2021.03.16,osmanbacker,1175,Vasil_77,1233,"Bongcloud Attack"
2021.03.16,saief-abbassi95,1766,SorryBadInternet,1723,"Bongcloud Attack"
2021.03.16,ya_es_mate,1898,MarcelaCP,1845,"Bongcloud Attack"
2021.03.16,Marcon22,1013,Trzy333,1129,"Bongcloud Attack"
2021.03.16,igor08747,1551,Luis_Perez70,1703,"Bongcloud Attack"
2021.03.16,Clubhuizachess,1948,RAFAELRIVERA,1556,"Bongcloud Attack"
2021.03.16,RAFAELRIVERA,1555,Clubhuizachess,1949,"Bongcloud Attack"
2021.03.16,get_off_my_pawn,1066,RandomMovesOnly,1051,"Bongcloud Attack"
2021.03.16,Clubhuizachess,1950,masta3141,1973,"Bongcloud Attack"
2021.03.16,Kapouais,1294,eaglechessnxt,1220,"Bongcloud Attack"
2021.03.16,nicp00p,1329,Tsknkm,1357,"Bongcloud Attack"
2021.03.16,hardi2018,1757,brimo25,2038,"Bongcloud Attack"
2021.03.16,X_check_the_queen_X,1031,CemalSureya,1123,"Bongcloud Attack"
2021.03.16,get_off_my_pawn,1053,mutellimof1,1036,"Bongcloud Attack"
2021.03.16,Defragmentator,1798,Awiryanto123,1852,"Bongcloud Attack"
2021.03.16,SmartPopil,1845,Valladorn,1887,"Bongcloud Attack"
2021.03.16,Valladorn,1881,SmartPopil,1851,"Bongcloud Attack"
2021.03.16,LaximeMachierVagrave,1616,samivanlars,1580,"Bongcloud Attack"
2021.03.16,Alejano,1189,ferhatdgr,1198,"Bongcloud Attack"
2021.03.16,Gonzales95,1464,jerjer,1456,"Bongcloud Attack"
2021.03.16,Marcon22,981,mikademilo,984,"Bongcloud Attack"
2021.03.16,Alejano,1202,devlyn_21,1193,"Bongcloud Attack"
2021.03.16,Pradastein,1825,MAngel123,1824,"Bongcloud Attack"
2021.03.16,quality11,1029,DavidDaja,988,"Bongcloud Attack"
2021.03.16,hes-john,1716,takichi,1701,"Bongcloud Attack"
2021.03.16,drake_01,1507,Lorenzano123,1511,"Bongcloud Attack"
2021.03.16,chessgamer1992,1205,maklaus11,1219,"Bongcloud Attack"
2021.03.16,edercorreia2016,2118,comradeschess,2111,"Bongcloud Attack"
2021.03.16,potansiyelsizoyuncu,1695,htutsttt,1750,"Bongcloud Attack"
2021.03.16,hes-john,1723,Shabeenzu2,1737,"Bongcloud Attack"
2021.03.16,charliekm,1139,ctiber,1156,"Bongcloud Attack"
2021.03.16,goblue22496,1345,Peter_Saly,1333,"Bongcloud Attack"
2021.03.16,Arthanos1,1773,mgavalet,1705,"Bongcloud Attack"
2021.03.17,goblue22496,1355,LudovS,1256,"Bongcloud Attack"
2021.03.17,OliversArmy69,1161,Joel_2006,1194,"Bongcloud Attack"
2021.03.17,jasonf7,979,rubenalves02,1213,"Bongcloud Attack"
2021.03.17,Occidere8,1628,josesese,1567,"Bongcloud Attack"
2021.03.17,kikkomane,1391,luiswayne,1402,"Bongcloud Attack"
2021.03.17,OliversArmy69,1146,ENVIEW,1147,"Bongcloud Attack"
2021.03.17,Paulus,2137,vincentmia,2110,"Bongcloud Attack"
2021.03.17,kikkomane,1381,kasem19851111,1386,"Bongcloud Attack"
2021.03.17,romanfire,2086,CarlosERestrepo,1972,"Bongcloud Attack"
2021.03.17,Occidere8,1633,alkchess,1698,"Bongcloud Attack"
2021.03.17,OliversArmy69,1141,GCH33,1145,"Bongcloud Attack"
2021.03.17,Big_Papa99,1523,fishingforpawns,1205,"Bongcloud Attack"
2021.03.17,Ixoc,1643,jlpc,1652,"Bongcloud Attack"
2021.03.17,OliversArmy69,1135,Lycanthrope19,1229,"Bongcloud Attack"
2021.03.17,VladIPineta,1387,tommyp709,1498,"Bongcloud Attack"
2021.03.17,cimcime,1466,JackRyckman,1350,"Bongcloud Attack"
2021.03.17,DionDenzelAdvincula,1814,ArturoMoral25,1813,"Bongcloud Attack"
2021.03.17,charliekm,1116,CentauroRex,1231,"Bongcloud Attack"
2021.03.17,Peko_Peko_Peko,1266,eGirlOnline,1232,"Bongcloud Attack"
2021.03.17,kikkomane,1381,Emerson2016,1379,"Bongcloud Attack"
2021.03.17,OliversArmy69,1159,s_master_1000,1076,"Bongcloud Attack"
2021.03.17,kikkomane,1381,hussar,1321,"Bongcloud Attack"
2021.03.17,kikkomane,1386,leoscherer,1442,"Bongcloud Attack"
2021.03.17,bongclouder99,1501,keziae4,1494,"Bongcloud Attack"
2021.03.17,Peko_Peko_Peko,1272,blundo4fundo,1288,"Bongcloud Attack"
2021.03.17,kikkomane,1381,alvin_c_york,1447,"Bongcloud Attack"
2021.03.17,imachessman,1698,J062267,1659,"Bongcloud Attack"
2021.03.17,Eggvisp,922,gurkanal1212,791,"Bongcloud Attack"
2021.03.17,kikkomane,1385,aura_jahat,1372,"Bongcloud Attack"
2021.03.17,intj_17,1502,tobix7,1501,"Bongcloud Attack"
2021.03.17,onlycro,914,HudsonKahler,776,"Bongcloud Attack"
2021.03.17,ErnadAgovic,1094,Timr0d,1127,"Bongcloud Attack"
2021.03.17,kikkomane,1378,rj-renan,1432,"Bongcloud Attack"
2021.03.17,chewbean,1438,diegodestructo,1564,"Bongcloud Attack"
2021.03.17,carloscarlsen,1217,teninchshlong,1366,"Bongcloud Attack"
2021.03.17,intj_17,1485,utbk69,1458,"Bongcloud Attack"
2021.03.17,chewbean,1446,diegodestructo,1557,"Bongcloud Attack"
2021.03.17,Cirimico,1615,Endergm,1618,"Bongcloud Attack"
2021.03.17,kikkomane,1375,h2sykch,1392,"Bongcloud Attack"
2021.03.17,carloscarlsen,1222,EnderAydemir,1096,"Bongcloud Attack"
2021.03.17,kikkomane,1376,diogn,1416,"Bongcloud Attack"
2021.03.17,Marouanefauzi,997,Cosmokanysh,1007,"Bongcloud Attack"
2021.03.17,kikkomane,1382,rsunl,1370,"Bongcloud Attack"
2021.03.17,buchotron,1252,Evandrocvgnl,1244,"Bongcloud Attack"
2021.03.17,kikkomane,1382,Edwin231,1379,"Bongcloud Attack"
2021.03.17,Shrshy,1203,ShivanshiVerma,1170,"Bongcloud Attack"
2021.03.17,kikkomane,1372,BlackPawnWhiteKni,1390,"Bongcloud Attack"
2021.03.17,hgreer,1500,peluffo11,1462,"Bongcloud Attack"
2021.03.17,InHotep,1896,Knightmare999,1898,"Bongcloud Attack"
2021.03.17,mh15,898,saidchess,980,"Bongcloud Attack"
2021.03.17,Marouanefauzi,1014,PeterMajor,945,"Bongcloud Attack"
2021.03.17,DarnitWhy,738,jerrylion101,878,"Bongcloud Attack"
2021.03.17,Coockatoo,1025,npsel79,1073,"Bongcloud Attack"
2021.03.17,Marouanefauzi,1027,mrphcrpt,1050,"Bongcloud Attack"
2021.03.17,PeixePescador,1707,sherwinlemonde,1722,"Bongcloud Attack"
2021.03.17,Marouanefauzi,1021,RookHardCook,1004,"Bongcloud Attack"
2021.03.17,TorPlay,1110,alejovega,1116,"Bongcloud Attack"
2021.03.17,kikkomane,1390,LittleFischer21,1378,"Bongcloud Attack"
2021.03.17,kikkomane,1396,lSemenl,1375,"Bongcloud Attack"
2021.03.17,vijay-11,1595,lmtn,1508,"Bongcloud Attack"
2021.03.17,duckfan333,883,Goldenfist12,988,"Bongcloud Attack"
2021.03.17,kikkomane,1400,Tomzebim,1393,"Bongcloud Attack"
2021.03.17,Alejano,1205,giacomolo,1211,"Bongcloud Attack"
2021.03.17,MethMouth,1900,vi_que,1785,"Bongcloud Attack"
2021.03.17,karsh26,1456,Hortcat,1442,"Bongcloud Attack"
2021.03.17,kikkomane,1399,Aleks_59Perm,1378,"Bongcloud Attack"
2021.03.17,Rosmery95,2064,calvinelgenio,2066,"Bongcloud Attack"
2021.03.17,Electron19,1124,JrogerioG,1097,"Bongcloud Attack"
2021.03.17,bruMomentum,813,Okosan043,823,"Bongcloud Attack"
2021.03.17,kikkomane,1388,saenz027,1371,"Bongcloud Attack"
2021.03.17,kikkomane,1400,yasersanaee,1415,"Bongcloud Attack"
2021.03.17,MethMouth,1880,WellGyn,1843,"Bongcloud Attack"
2021.03.17,kikkomane,1396,RKrsnadasa,1401,"Bongcloud Attack"
2021.03.17,Yasakov88,1323,rezoner,1360,"Bongcloud Attack"
2021.03.17,IronSummit,1554,dmanko,1562,"Bongcloud Attack"
2021.03.17,Onii_chan_daisuki,1140,Satyam2652,1180,"Bongcloud Attack"
2021.03.17,AlphaPlatinum,1799,OldBenoniOnly,1766,"Bongcloud Attack"
2021.03.17,drdomaker,1136,SCMudur,1095,"Bongcloud Attack"
2021.03.17,kikkomane,1406,Farhan5,1400,"Bongcloud Attack"
2021.03.17,OldBenoniOnly,1767,Marrotz,1692,"Bongcloud Attack"
2021.03.17,bongclouddraw,1303,Jovatov,1304,"Bongcloud Attack"
2021.03.17,mcsalad,793,fledi76,1158,"Bongcloud Attack"
2021.03.17,kikkomane,1417,Saul8990,1411,"Bongcloud Attack"
2021.03.17,JohnnyBongcloud,1183,pesaze,1205,"Bongcloud Attack"
2021.03.17,bongclouddraw,1335,yatchi,1319,"Bongcloud Attack"
2021.03.17,mcsalad,794,wlfwlfwlf,912,"Bongcloud Attack"
2021.03.17,johnezequiel,1193,nidilat,1111,"Bongcloud Attack"
2021.03.17,kikkomane,1424,BlackPawnWhiteKni,1388,"Bongcloud Attack"
2021.03.17,bka98,865,Tonistylee,830,"Bongcloud Attack"
2021.03.17,stepladder,894,krishna1234567890,1063,"Bongcloud Attack"
2021.03.17,bka98,859,George1409,951,"Bongcloud Attack"
2021.03.17,kikkomane,1419,vitaminZe,1376,"Bongcloud Attack"
2021.03.17,Hranga,1797,PODONOK228,1714,"Bongcloud Attack"
2021.03.17,kikkomane,1419,terminator_abhi,1415,"Bongcloud Attack"
2021.03.17,VowpalWabbit,1423,Beshoyahia,957,"Bongcloud Attack"
2021.03.17,MostlyDumb,1267,silniy_volk,966,"Bongcloud Attack"
2021.03.17,kikkomane,1418,jeremiahbullfrog,1342,"Bongcloud Attack"
2021.03.17,chossyboy,1102,nikivladimir,1201,"Bongcloud Attack"
2021.03.17,kikkomane,1411,Lucas335,1377,"Bongcloud Attack"
2021.03.17,BongcloudOrBust,1574,srikantisjoshi,1567,"Bongcloud Attack"
2021.03.17,amlan28,2255,averageskill,2192,"Bongcloud Attack"
2021.03.17,Rusksh79,1419,sohrat1,1442,"Bongcloud Attack"
2021.03.17,jawix_gaming000,1681,King-felver,1132,"Bongcloud Attack"
2021.03.17,fizmez,1517,Omanju,1528,"Bongcloud Attack"
2021.03.17,bongclouddraw,1397,get_checked_m8,1358,"Bongcloud Attack"
2021.03.17,sudip_18,1589,turkcellli,1572,"Bongcloud Attack"
2021.03.17,fizmez,1500,aviko97,1568,"Bongcloud Attack"
2021.03.17,Felix010101,1320,Titten,1780,"Bongcloud Attack"
2021.03.17,bongclouddraw,1378,nico4567,1360,"Bongcloud Attack"
2021.03.17,Christian_MarceloMx,1727,anurags156,1746,"Bongcloud Attack"
2021.03.17,Glazur,771,madhara,946,"Bongcloud Attack"
2021.03.17,Snowlions,965,WombRaider420,985,"Bongcloud Attack"
2021.03.17,ZtheP1,1049,HeinrichSutton,1088,"Bongcloud Attack"
2021.03.17,intj_17,1464,JohnFlash,1495,"Bongcloud Attack"
2021.03.17,AskerovTural,1751,mrpizarrox,1768,"Bongcloud Attack"
2021.03.17,HikarusDad,929,Arseniy8290,880,"Bongcloud Attack"
2021.03.17,Urphox,1116,IrwainBenAdar,1096,"Bongcloud Attack"
2021.03.17,duchsvaty,1578,Ellipsis6,1551,"Bongcloud Attack"
2021.03.17,ghonchu,1373,louber,1248,"Bongcloud Attack"
2021.03.17,duchsvaty,1588,Konstantin-92,1538,"Bongcloud Attack"
2021.03.17,monstaber,1390,looser3,1387,"Bongcloud Attack"
2021.03.17,MoeMVP,1623,SD15,1616,"Bongcloud Attack"
2021.03.17,MoeMVP,1617,DPM81,1601,"Bongcloud Attack"
2021.03.17,mustafa_alobide,1775,Tapisha,1851,"Bongcloud Attack"
2021.03.17,ram021,1632,The_Vigilante,1627,"Bongcloud Attack"
2021.03.17,upadhyayheet042,1187,Pierrechak,1189,"Bongcloud Attack"
2021.03.17,yuugen_rei,1436,immark,1420,"Bongcloud Attack"
2021.03.17,hoikhoephudong,1700,easy_easy,1671,"Bongcloud Attack"
2021.03.17,SANNCAR,874,mazahiro,843,"Bongcloud Attack"
2021.03.17,Sacoma1,917,gogismo21,1044,"Bongcloud Attack"
2021.03.17,MorsomtNavn,1379,bongclouddraw,1409,"Bongcloud Attack"
2021.03.17,bongclouddraw,1408,Mustafa_saad1110,1435,"Bongcloud Attack"
2021.03.17,Djuff,1141,jauume04,1133,"Bongcloud Attack"
2021.03.17,kad_ri,919,Kingpack,892,"Bongcloud Attack"
2021.03.17,bongclouddraw,1397,Al_Mass,1388,"Bongcloud Attack"
2021.03.17,kad_ri,913,Skimen,1049,"Bongcloud Attack"
2021.03.17,nickcantrell,860,EgeCaganA,933,"Bongcloud Attack"
2021.03.17,bongclouddraw,1411,MehmetFatih_1886,1303,"Bongcloud Attack"
2021.03.17,Multajek,1141,SCMudur,1132,"Bongcloud Attack"
2021.03.17,ErdemBergin,1388,Chukwuyem,1353,"Bongcloud Attack"
2021.03.17,SCMudur,1138,Multajek,1135,"Bongcloud Attack"
2021.03.17,nihilarianChess,1668,K3n2,1685,"Bongcloud Attack"
2021.03.17,szymon1932,1144,chess_yk,1144,"Bongcloud Attack"
2021.03.17,mstf00,1138,swgarz,1148,"Bongcloud Attack"
2021.03.17,MoamenMuhammad10,1322,aprendiz986,1358,"Bongcloud Attack"
2021.03.17,mrcomplexxx,1343,rssphd,1354,"Bongcloud Attack"
2021.03.17,rorrorr0r,1519,cagrimemis,1382,"Bongcloud Attack"
2021.03.17,killcut,996,MrRebellious,898,"Bongcloud Attack"
2021.03.17,crzmvx,1042,thefang,1064,"Bongcloud Attack"
2021.03.17,can_ozy,1161,Em0x,1328,"Bongcloud Attack"
2021.03.17,imvk,1637,Atcebrian,1631,"Bongcloud Attack"
2021.03.17,crzmvx,1043,BibieJulius,1085,"Bongcloud Attack"
2021.03.17,frobogwlor,1591,master66,1533,"Bongcloud Attack"
2021.03.17,kasparof64,1326,mohsenadabi,1398,"Bongcloud Attack"
2021.03.17,planetmadness,654,MagnusFromDOTA,810,"Bongcloud Attack"
2021.03.17,joshuaserrano,929,zirri,958,"Bongcloud Attack"
2021.03.17,RaffaellaR09,1500,Teodora12,1306,"Bongcloud Attack"
2021.03.17,pierdolnik2137,1081,swierq77,1111,"Bongcloud Attack"
2021.03.17,Jarvis04,1444,Aaron391,1480,"Bongcloud Attack"
2021.03.17,Trib3call3dch3ss,777,DogukanSadal,798,"Bongcloud Attack"
2021.03.17,EmirKayaTR,838,pepsipuff,810,"Bongcloud Attack"
2021.03.17,Adarsh1000,1505,Destroyer_25,1437,"Bongcloud Attack"
2021.03.17,a_cant,1469,kisafan,1450,"Bongcloud Attack"
2021.03.17,vydr,1546,kevin777,1574,"Bongcloud Attack"
2021.03.17,Dondupova_Altana,1133,hubun68,1480,"Bongcloud Attack"
2021.03.17,Hao_PC,1583,pricesiright,1622,"Bongcloud Attack"
2021.03.17,charliekm,1129,hamkaaschimpies,1098,"Bongcloud Attack"
2021.03.17,CharlyWebster,1500,ax8,1608,"Bongcloud Attack"
2021.03.17,szufladance,1375,felipefassheber,1343,"Bongcloud Attack"
2021.03.17,czmiel16,1435,Ankhaa32,1477,"Bongcloud Attack"
2021.03.17,wyder2,1573,jamespawn,1488,"Bongcloud Attack"
2021.03.17,czmiel16,1454,gunnleif,1340,"Bongcloud Attack"
2021.03.17,mdmizan159597,2040,akpap,2041,"Bongcloud Attack"
2021.03.17,batigol8787,1721,lans3621,1724,"Bongcloud Attack"
2021.03.17,Ayush_1169,1420,tominkooo,1403,"Bongcloud Attack"
2021.03.17,C9C9C9C9C900,964,Senoncube,1028,"Bongcloud Attack"
2021.03.17,Alejano,1218,Frazze,1212,"Bongcloud Attack"
2021.03.17,pete_castiglione,1507,marat_09,1441,"Bongcloud Attack"
2021.03.17,BatonGracz,1266,pizurf1,1264,"Bongcloud Attack"
2021.03.17,belov-2006,1479,NJ-Ntebo,1505,"Bongcloud Attack"
2021.03.17,przegryw2002,713,to_the_summer,917,"Bongcloud Attack"
2021.03.17,przegryw2002,708,to_the_summer,931,"Bongcloud Attack"
2021.03.17,Alejano,1244,volk97,1237,"Bongcloud Attack"
2021.03.17,Victor-Viageiro,2159,nidalba,2136,"Bongcloud Attack"
2021.03.17,PaytonM34,685,HydroOwl,829,"Bongcloud Attack"
2021.03.17,mssnipa,1567,Vectim,1601,"Bongcloud Attack"
2021.03.17,dngx,1819,Boris2805,1794,"Bongcloud Attack"
2021.03.17,aureliofilho,1719,Likmik,1712,"Bongcloud Attack"
2021.03.17,asikjgokdnjgndnuj,1871,da291103,1905,"Bongcloud Attack"
2021.03.17,Micklovin,1451,Cracknros,1414,"Bongcloud Attack"
2021.03.17,aryaclark,1524,Viresh9661,1516,"Bongcloud Attack"
2021.03.17,cow_litt,1272,Darkness57,1293,"Bongcloud Attack"
2021.03.17,Micklovin,1456,xbgjkkbyj2007,1457,"Bongcloud Attack"
2021.03.17,turbokokspl,1543,husain313,1542,"Bongcloud Attack"
2021.03.17,m0ntana,1625,Mareenglish,1617,"Bongcloud Attack"
2021.03.17,adamamq,1316,yllsh,1593,"Bongcloud Attack"
2021.03.17,nickcantrell,822,keskinnb,813,"Bongcloud Attack"
2021.03.17,MracoSesso,868,DoctorCox,934,"Bongcloud Attack"
2021.03.17,Sunil_kumar,1693,Gald,1589,"Bongcloud Attack"
2021.03.17,CFN-2265,1305,chackoman15379,1309,"Bongcloud Attack"
2021.03.17,michzak,994,umerrai,943,"Bongcloud Attack"
2021.03.17,Mr_Doge,1111,estevao1987,1088,"Bongcloud Attack"
2021.03.17,Mr_Doge,1105,paziusss,1121,"Bongcloud Attack"
2021.03.17,Sunil_kumar,1686,gayush1,1692,"Bongcloud Attack"
2021.03.17,MoeMVP,1620,Kabolo,1610,"Bongcloud Attack"
2021.03.17,kateryna,2750,Rustools,2444,"Bongcloud Attack"
2021.03.17,wahnzettel,1281,AFGHO,1317,"Bongcloud Attack"
2021.03.17,pro19017035,1158,Mirasbuilder,1195,"Bongcloud Attack"
2021.03.17,aayushchess,1294,calacala,1267,"Bongcloud Attack"
2021.03.17,Alejano,1244,ajedrezchusita66,1224,"Bongcloud Attack"
2021.03.17,hexold,945,javiereche,978,"Bongcloud Attack"
2021.03.17,Tanky28,1382,Subinn,1171,"Bongcloud Attack"
2021.03.17,f_ckbois,1541,GT_1212,1487,"Bongcloud Attack"
2021.03.17,sarperen2004,1282,MouldyVinegar,827,"Bongcloud Attack"
2021.03.17,Tanky28,1385,mare_milivojevic27,1344,"Bongcloud Attack"
2021.03.17,hilfigertout,1370,Meirio,1372,"Bongcloud Attack"
2021.03.17,DionDenzelAdvincula,1800,mmmn62,1942,"Bongcloud Attack"
2021.03.17,B0ng-Wolke,824,ludo2020,791,"Bongcloud Attack"
2021.03.17,BOTplaysCHESS,900,reypion,892,"Bongcloud Attack"
2021.03.17,itsmeadarshh,1416,lord_wizard,1457,"Bongcloud Attack"
2021.03.17,f_ckbois,1606,GT_1212,1479,"Bongcloud Attack"
2021.03.17,Voytal,650,iksdavee,695,"Bongcloud Attack"
2021.03.17,couc,2046,joseph_jmsv,2054,"Bongcloud Attack"
2021.03.17,Micklovin,1451,Kerias,1448,"Bongcloud Attack"
2021.03.17,jpdmayo1986,1756,mjeezy,1613,"Bongcloud Attack"
2021.03.17,Andyxp,1349,chiaracampagnaa,1500,"Bongcloud Attack"
2021.03.17,xdrxs,1750,canalla3427,1761,"Bongcloud Attack"
2021.03.17,Hunterbr1,2187,Guido21,2262,"Bongcloud Attack"
2021.03.17,itsmeadarshh,1411,CHESSBEGINNER_12,1448,"Bongcloud Attack"
2021.03.17,wyder2,1530,mobassher,1534,"Bongcloud Attack"
2021.03.17,f_ckbois,1585,hamzehalsamawi,1465,"Bongcloud Attack"
2021.03.17,Kiara_Tapia,1500,elxxxaaannnh,1633,"Bongcloud Attack"
2021.03.17,karimpie,781,TheSaurabhsingh,858,"Bongcloud Attack"
2021.03.17,Matt_Everdeen,1003,Piddy96,911,"Bongcloud Attack"
2021.03.17,Mircote,1317,jjoeman,1281,"Bongcloud Attack"
2021.03.17,BongcloudChallenge,1623,Pianobutter,1594,"Bongcloud Attack"
2021.03.17,pritamlad,1523,iboyraci,1504,"Bongcloud Attack"
2021.03.17,wyder2,1532,mobassher,1534,"Bongcloud Attack"
2021.03.17,Master0Magic,1579,Haccler,1472,"Bongcloud Attack"
2021.03.17,Marouanefauzi,1022,jbrengman,941,"Bongcloud Attack"
2021.03.17,blazedbro420,921,Fruity_Beverage,918,"Bongcloud Attack"
2021.03.17,SassyBlondMilf,1416,XfroZZenN,1414,"Bongcloud Attack"
2021.03.17,EMCCHESS,1132,arabekaboom,1198,"Bongcloud Attack"
2021.03.17,pritamlad,1528,jerryspring,1552,"Bongcloud Attack"
2021.03.17,B0ng-Wolke,829,treviboi,670,"Bongcloud Attack"
2021.03.17,Ghost_Bluster,995,Reia1,984,"Bongcloud Attack"
2021.03.17,blazedbro420,915,ijspegel,1128,"Bongcloud Attack"
2021.03.17,BongcloudChallenge,1578,Manvitha,1225,"Bongcloud Attack"
2021.03.17,hilfigertout,1376,JaiBhardwaj,1384,"Bongcloud Attack"
2021.03.17,iammo,1415,AliCaglar6666,1453,"Bongcloud Attack"
2021.03.17,Slidermyboi,866,Samaelll,870,"Bongcloud Attack"
2021.03.17,kikkomane,1405,pipinpop,1396,"Bongcloud Attack"
2021.03.17,iammo,1410,ibog61,1384,"Bongcloud Attack"
2021.03.17,Surat2880,1238,buddara,1243,"Bongcloud Attack"
2021.03.17,Amad87,1025,sikalafa,986,"Bongcloud Attack"
2021.03.17,MAYH3M78,1190,devlyn_21,1248,"Bongcloud Attack"
2021.03.17,reversedfate,818,Chaciej,856,"Bongcloud Attack"
2021.03.17,BongcloudChallenge,1604,HMur,1721,"Bongcloud Attack"
2021.03.17,ahmtcal,1464,samenerve974,1456,"Bongcloud Attack"
2021.03.17,roma4123,2020,Hottobermanmanullang,1998,"Bongcloud Attack"
2021.03.17,Garrison119,1301,kutss,1299,"Bongcloud Attack"
2021.03.17,Kiara_Tapia,1645,Luis_Vallejo01,1667,"Bongcloud Attack"
2021.03.17,ahmtcal,1470,AlexMalinovskiy,1467,"Bongcloud Attack"
2021.03.17,CFN-2265,1305,MegaMindGalaxyBrain,1190,"Bongcloud Attack"
2021.03.17,mh15,870,erensapci,913,"Bongcloud Attack"
2021.03.17,Buxx01,849,magnusunyandanyemisi,841,"Bongcloud Attack"
2021.03.17,samtammen,1270,KingLauri200,1187,"Bongcloud Attack"
2021.03.17,samtammen,1263,LosLebos,1368,"Bongcloud Attack"
2021.03.17,l3ard,792,shinedpanda,754,"Bongcloud Attack"
2021.03.17,berenbingol,1044,ment4l1st,1086,"Bongcloud Attack"
2021.03.17,samtammen,1259,reeve2,1303,"Bongcloud Attack"
2021.03.17,John_Z,1076,marcelcasag,1116,"Bongcloud Attack"
2021.03.17,TheWombRayder,1454,Gfibyby1,1398,"Bongcloud Attack"
2021.03.17,RTheConqueror,1419,nicola_slav,1427,"Bongcloud Attack"
2021.03.17,cubx2,1332,Eiriksin,1343,"Bongcloud Attack"
2021.03.17,PjThePuff,1227,KORTONIMUS,1338,"Bongcloud Attack"
2021.03.17,jfu3,1210,TheContador,1186,"Bongcloud Attack"
2021.03.17,angelsparadox,1349,serviologiste,1446,"Bongcloud Attack"
2021.03.17,kikkerdril,979,tokatkee,1094,"Bongcloud Attack"
2021.03.17,Jesusa1,1067,bibopp,1010,"Bongcloud Attack"
2021.03.17,B0ng-Wolke,820,walteriver_FT,823,"Bongcloud Attack"
2021.03.17,Jami2017,1185,ismailoovic88,1212,"Bongcloud Attack"
2021.03.17,OlafGunter,1678,bohys,1685,"Bongcloud Attack"
2021.03.17,aRtIsTiceChIdnA,1527,alfieboujo,1278,"Bongcloud Attack"
2021.03.17,wahnzettel,1289,nezevrov11,1277,"Bongcloud Attack"
2021.03.17,Gmalperen05,1260,TheKart,1121,"Bongcloud Attack"
2021.03.17,saintmiguel,1279,txsx,1172,"Bongcloud Attack"
2021.03.17,FacundoP,1525,Tsadok1301,1468,"Bongcloud Attack"
2021.03.17,Muhamad19,1472,GuilleA,1438,"Bongcloud Attack"
2021.03.17,ani5905,999,flopsmeister,988,"Bongcloud Attack"
2021.03.17,AXIOM1997,1135,Didi_Simbine,1175,"Bongcloud Attack"
2021.03.17,l3ard,766,theDustyWizard,896,"Bongcloud Attack"
2021.03.17,Blackaiubiun,1179,ViKarp,1064,"Bongcloud Attack"
2021.03.17,Djuff,1141,Yeleco,1173,"Bongcloud Attack"
2021.03.17,ChargieD,1147,Yotcel,1185,"Bongcloud Attack"
2021.03.17,msanii,1983,M07591714,1849,"Bongcloud Attack"
2021.03.17,B0ng-Wolke,827,wbarba,666,"Bongcloud Attack"
2021.03.17,declina,1287,AKkaradeniz,1303,"Bongcloud Attack"
2021.03.17,l3ard,778,theDustyWizard,892,"Bongcloud Attack"
2021.03.17,ALEK_russnia,1525,Jerrykeyz01,1587,"Bongcloud Attack"
2021.03.17,Buchmacher,1058,AbbasMo7ammed,1007,"Bongcloud Attack"
2021.03.17,Junior_Boy,2175,barconharmon,2191,"Bongcloud Attack"
2021.03.17,AlanZoloev,1042,BilalYlmz7,885,"Bongcloud Attack"
2021.03.17,Jaler_23,1407,dolanay,1556,"Bongcloud Attack"
2021.03.17,sambux,945,ideru,1083,"Bongcloud Attack"
2021.03.17,Mbkkil,1506,mysteryperson556677,1275,"Bongcloud Attack"
2021.03.17,Pegboy,1877,torkilv,1485,"Bongcloud Attack"
2021.03.17,Kezum,2025,fzrezaee,1800,"Bongcloud Attack"
2021.03.17,aryaclark,1512,LICHEss29,1539,"Bongcloud Attack"
2021.03.17,TeebaMubaydeen,708,devopsGt,672,"Bongcloud Attack"
2021.03.17,Garrison119,1313,Wongsz,1308,"Bongcloud Attack"
2021.03.17,Xenontoaster,1110,MV43,1045,"Bongcloud Attack"
2021.03.17,OpraHu3aToP,1905,ahaghighi,1854,"Bongcloud Attack"
2021.03.17,philhobs,1450,Ya__Boy,1386,"Bongcloud Attack"
2021.03.17,OpraHu3aToP,1910,Diggs124,1915,"Bongcloud Attack"
2021.03.17,SCWCC,1706,johnae,1526,"Bongcloud Attack"
2021.03.17,kidome,1115,YannouLaTav,1127,"Bongcloud Attack"
2021.03.17,HarshAtwasia,1418,saik10,1321,"Bongcloud Attack"
2021.03.17,gogogagahui,1677,kapablanca,1643,"Bongcloud Attack"
2021.03.17,BorisCara,1611,kangal1803,1600,"Bongcloud Attack"
2021.03.17,kidome,909,Kikaninchensvater,1011,"Bongcloud Attack"
2021.03.17,kidome,837,PabloPedroYunior,973,"Bongcloud Attack"
2021.03.17,kidome,815,Je_marmotta,801,"Bongcloud Attack"
2021.03.17,CleverClogs,1390,barcla55,1444,"Bongcloud Attack"
2021.03.17,philhobs,1449,Ya__Boy,1385,"Bongcloud Attack"
2021.03.17,sergeyst69,1738,daperaltan,1721,"Bongcloud Attack"
2021.03.17,DutchDuche,1314,Ahma_88,1636,"Bongcloud Attack"
2021.03.17,Vanotitan,1179,liljo19,1152,"Bongcloud Attack"
2021.03.17,Solarstorm,898,WesleyHasFlow,1136,"Bongcloud Attack"
2021.03.17,bradycorrigan,1857,Pl045,1798,"Bongcloud Attack"
2021.03.17,Ya__Boy,1359,philhobs,1458,"Bongcloud Attack"
2021.03.17,mrcomplexxx,1355,PARROT61,1341,"Bongcloud Attack"
2021.03.17,Solarstorm,893,WesleyHasFlow,1141,"Bongcloud Attack"
2021.03.17,Krawumperl,1415,iammo,1404,"Bongcloud Attack"
2021.03.17,larslur,1908,torkilv,1517,"Bongcloud Attack"
2021.03.17,zmaug1,1491,babareza,1504,"Bongcloud Attack"
2021.03.17,zargana06,1890,oddurthorri,1864,"Bongcloud Attack"
2021.03.17,finndelmundo,1595,halifax2345678,1724,"Bongcloud Attack"
2021.03.17,darkvvt,1073,gabssl,1079,"Bongcloud Attack"
2021.03.17,mcluck3,1217,clems112,1180,"Bongcloud Attack"
2021.03.17,darkvvt,993,alroni67,1128,"Bongcloud Attack"
2021.03.17,darkvvt,893,pattypoo,999,"Bongcloud Attack"
2021.03.17,niiokai141,991,Karadarf,891,"Bongcloud Attack"
2021.03.17,Eldar1707,912,Pelgrimm,1026,"Bongcloud Attack"
2021.03.17,darkvvt,814,Adrianox2653,879,"Bongcloud Attack"
2021.03.17,rookpaperscisors,1198,Nez296,1290,"Bongcloud Attack"
2021.03.17,Berserker002,1408,konovalov-afanasii,1467,"Bongcloud Attack"
2021.03.17,ISacQueen,1648,laurenzsc81,1739,"Bongcloud Attack"
2021.03.17,Eldar1707,904,D43M00N,952,"Bongcloud Attack"
2021.03.17,CRISTHIAN2035inelpre,982,SebastianMolInelpres,1437,"Bongcloud Attack"
2021.03.17,baki2020,1518,petian18,1538,"Bongcloud Attack"
2021.03.17,somxton,1240,ATA1988,1323,"Bongcloud Attack"
2021.03.17,somxton,1243,ATA1988,1320,"Bongcloud Attack"
2021.03.17,baki2020,1520,petian18,1536,"Bongcloud Attack"
2021.03.17,DrAditya,1347,kpol94,1426,"Bongcloud Attack"
2021.03.17,Schachsuchti64,2093,Viggan04,1297,"Bongcloud Attack"
2021.03.17,Leo130130130,1383,ralph599,1381,"Bongcloud Attack"
2021.03.17,McGuuuuuuuuu,1759,mireknow,1758,"Bongcloud Attack"
2021.03.17,Schachsuchti64,2093,OctavianAugustus21,1914,"Bongcloud Attack"
2021.03.17,Arif345,1488,pockardbell,1564,"Bongcloud Attack"
2021.03.17,Schachsuchti64,2076,Vibranium18,1435,"Bongcloud Attack"
2021.03.17,Pablo19991999,1307,carloselop,1285,"Bongcloud Attack"
2021.03.17,Babola73,1752,prettbb,1801,"Bongcloud Attack"
2021.03.17,Pablo19991999,1297,Dimicandum,1356,"Bongcloud Attack"
2021.03.17,monstaber,1386,chesscalator,1368,"Bongcloud Attack"
2021.03.17,Pablo19991999,1294,Federico27,1309,"Bongcloud Attack"
2021.03.17,bongclouddraw,1438,ahmedbelhaj,1414,"Bongcloud Attack"
2021.03.17,lesclaypoolsucks,1412,bongclouddraw,1437,"Bongcloud Attack"
2021.03.17,Schachsuchti64,2072,hamed_elhadi,1330,"Bongcloud Attack"
2021.03.17,Leo130130130,1373,vahid-aa85,1447,"Bongcloud Attack"
2021.03.17,bongclouddraw,1426,Hosseinbagheri33,1415,"Bongcloud Attack"
2021.03.17,Leo130130130,1364,vahid-aa85,1456,"Bongcloud Attack"
2021.03.17,cloudsam,1331,JerseyBoy789,1285,"Bongcloud Attack"
2021.03.17,CarlosHDEZ1,1019,paulorfarah,920,"Bongcloud Attack"
2021.03.17,Grossmeister-Utsch,1021,ryienh,1039,"Bongcloud Attack"
2021.03.17,bektsFEET,1033,MehmetFurkan,1093,"Bongcloud Attack"
2021.03.17,Leo130130130,1353,charliecharles,1379,"Bongcloud Attack"
2021.03.17,L_E_I_V_A,1696,Valenleiva,1264,"Bongcloud Attack"
2021.03.17,lukadenatro,1271,drphysician,1624,"Bongcloud Attack"
2021.03.17,DeykelSoto,772,edu_nav26,937,"Bongcloud Attack"
2021.03.17,ivovf19,1422,soojin,1403,"Bongcloud Attack"
2021.03.17,Djuff,1154,stanczak,1129,"Bongcloud Attack"
2021.03.17,ananthshreyas,950,esmanurakbay,946,"Bongcloud Attack"
2021.03.17,kostasp76,1860,cagatayulusoy,1846,"Bongcloud Attack"
2021.03.17,maaajdmgh,1204,Headchange161,1208,"Bongcloud Attack"
2021.03.17,hilfigertout,1371,LibertyMabachi,1326,"Bongcloud Attack"
2021.03.17,SolomonRei,1628,Sorpigal,1591,"Bongcloud Attack"
2021.03.17,IamFrosch,1394,sylvainp,1371,"Bongcloud Attack"
2021.03.17,Pakojones,1118,Praetor_00,1197,"Bongcloud Attack"
2021.03.17,adri_dcdm,1179,javier12345678,1158,"Bongcloud Attack"
2021.03.17,CiemnySmok,1069,tonybeketov,1033,"Bongcloud Attack"
2021.03.17,Sakhiladha,1017,elser1001,843,"Bongcloud Attack"
2021.03.17,on3iropolos,908,cainguc123,912,"Bongcloud Attack"
2021.03.17,adri_dcdm,1189,eintracht69,1154,"Bongcloud Attack"
2021.03.17,Marouanefauzi,1034,hernan_08,886,"Bongcloud Attack"
2021.03.17,EequalsMe,1575,ArthurLevermann2012,1581,"Bongcloud Attack"
2021.03.17,iammo,1403,Angelso,1377,"Bongcloud Attack"
2021.03.17,kakaopalme,830,MessWithRcklessChess,875,"Bongcloud Attack"
2021.03.18,Mewtwo911,2059,dawitson,1409,"Bongcloud Attack"
2021.03.18,ChessChessChessCheck,1224,qurman07,1122,"Bongcloud Attack"
2021.03.18,iammo,1409,TXUSETTE,1494,"Bongcloud Attack"
2021.03.18,nickcantrell,820,Felipe1964,722,"Bongcloud Attack"
2021.03.18,Marouanefauzi,1026,Gokochess,1016,"Bongcloud Attack"
2021.03.18,KonstWaldt,1494,Gustavobmaciel,1433,"Bongcloud Attack"
2021.03.18,Flashy_horsey123,1219,lucaspane,1325,"Bongcloud Attack"
2021.03.18,ani5905,985,tcc444,1046,"Bongcloud Attack"
2021.03.18,vinayakvtg,1300,VinodKozhuvanmakkal,1305,"Bongcloud Attack"
2021.03.18,RealYoungShkreli,1607,rassool,1682,"Bongcloud Attack"
2021.03.18,hilfigertout,1373,FukBRain72,1397,"Bongcloud Attack"
2021.03.18,MoeMVP,1620,mmjoseph,1662,"Bongcloud Attack"
2021.03.18,MoeMVP,1621,profkeester,1578,"Bongcloud Attack"
2021.03.18,Oghmaa,999,SaulMerced0,1156,"Bongcloud Attack"
2021.03.18,joel_chess,1190,introspectio,1242,"Bongcloud Attack"
2021.03.18,vinayakvtg,1300,Aderson,1292,"Bongcloud Attack"
2021.03.18,blxxmboy,936,Iwonakitka,939,"Bongcloud Attack"
2021.03.18,Kyoie6969,1296,bah8756,1261,"Bongcloud Attack"
2021.03.18,Gabrielft00,960,rcpereira23,938,"Bongcloud Attack"
2021.03.18,PawnGrapper,1187,Charquerov,1190,"Bongcloud Attack"
2021.03.18,Pranava,1508,h8_pitts,1381,"Bongcloud Attack"
2021.03.18,Kaenng,1301,rvbrandao,1281,"Bongcloud Attack"
2021.03.18,noobsauce132,1464,gsmith143,1419,"Bongcloud Attack"
2021.03.18,MrGear,1238,Kilo76,1233,"Bongcloud Attack"
2021.03.18,dargongg18,1663,LordVoldemortYes,1723,"Bongcloud Attack"
2021.03.18,Stigmatomaton,1789,Alpaga64,1806,"Bongcloud Attack"
2021.03.18,jschiarizzi,1796,Luxor6666,1809,"Bongcloud Attack"
2021.03.18,airpizza18,1749,cedrid,1701,"Bongcloud Attack"
2021.03.18,Alejano,1266,Nikola85CER,1283,"Bongcloud Attack"
2021.03.18,kikkomane,1383,heynerdevia,1377,"Bongcloud Attack"
2021.03.18,gameofchessking,1470,Maximus7621,1475,"Bongcloud Attack"
2021.03.18,mANikTheImposter,1647,gvv,1665,"Bongcloud Attack"
2021.03.18,Alejano,1261,FIGUEMATEO,1315,"Bongcloud Attack"
2021.03.18,dargongg18,1675,Madhavjadhav,1722,"Bongcloud Attack"
2021.03.18,Alejano,1268,TRgudzon,1275,"Bongcloud Attack"
2021.03.18,kikkomane,1372,Stan75,1300,"Bongcloud Attack"
2021.03.18,LuRyA,1167,Shiv_Srivastava,1182,"Bongcloud Attack"
2021.03.18,kikkomane,1366,trix8888,1338,"Bongcloud Attack"
2021.03.18,Samara-karnova,1545,Andrelincoln,1861,"Bongcloud Attack"
2021.03.18,noelb84,833,kiran2103,843,"Bongcloud Attack"
2021.03.18,Saitama_10,1467,Alejo_2011,1415,"Bongcloud Attack"
2021.03.18,spidy92,2584,blastol,2403,"Bongcloud Attack"
2021.03.18,Pradastein,1820,SeaRoar,1800,"Bongcloud Attack"
2021.03.18,aligos,1227,mfvega,1271,"Bongcloud Attack"
2021.03.18,Yes_its_9_inces,955,Eray_33,940,"Bongcloud Attack"
2021.03.18,noelb84,833,RavinderSingh,1004,"Bongcloud Attack"
2021.03.18,BlindfoldAccount95,1960,VutungBP,1930,"Bongcloud Attack"
2021.03.18,laxlax,1618,vkvkvkvk,1524,"Bongcloud Attack"
2021.03.18,intj_17,1459,chancecake,1461,"Bongcloud Attack"
2021.03.18,chancecake,1467,intj_17,1453,"Bongcloud Attack"
2021.03.18,intj_17,1448,chancecake,1472,"Bongcloud Attack"
2021.03.18,chancecake,1466,intj_17,1454,"Bongcloud Attack"
2021.03.18,intj_17,1460,chancecake,1460,"Bongcloud Attack"
2021.03.18,roshuleskoandrei,1981,OsamaMoh,2009,"Bongcloud Attack"
2021.03.18,Micbien,1467,squareorcube,1473,"Bongcloud Attack"
2021.03.18,Trojan_INC7,1029,vipzz152,1080,"Bongcloud Attack"
2021.03.18,AlanZoloev,1074,rbirobertofcsb,1032,"Bongcloud Attack"
2021.03.18,ajkpawn,909,OrcunAtilla,1024,"Bongcloud Attack"
2021.03.18,ocer411,1146,yp_b,1127,"Bongcloud Attack"
2021.03.18,muhammadgunawan,1500,marinana,1601,"Bongcloud Attack"
2021.03.18,Edraitheru,1102,M_Emre_Kesimal,1133,"Bongcloud Attack"
2021.03.18,pokerking69,836,lilpumpshotgun,800,"Bongcloud Attack"
2021.03.18,secretchess44,1769,SheerLuck16,1758,"Bongcloud Attack"
2021.03.18,pritamlad,1518,wagnerdouglas,1537,"Bongcloud Attack"
2021.03.18,sarkheel,1445,Eirihein,1510,"Bongcloud Attack"
2021.03.18,DanPalomares,1119,mclucas,1158,"Bongcloud Attack"
2021.03.18,Indraerawan,1394,Villaneda1820,1370,"Bongcloud Attack"
2021.03.18,M_Porter,1741,Amangeldi2015,1703,"Bongcloud Attack"
2021.03.18,atak_12,1630,capcap001,1626,"Bongcloud Attack"
2021.03.18,prpaboljiodkoraca,1169,SaggyNuts,1221,"Bongcloud Attack"
2021.03.18,medina1305,1012,gibgab,867,"Bongcloud Attack"
2021.03.18,Valladorn,1876,simohamed0,1781,"Bongcloud Attack"
2021.03.18,nol1kovv,600,menartin,710,"Bongcloud Attack"
2021.03.18,trickytrickster,1372,Aladfar,1371,"Bongcloud Attack"
2021.03.18,MiaAnthonyPhD,1133,fabcar,1165,"Bongcloud Attack"
2021.03.18,omerali2005,1145,jbl10,1147,"Bongcloud Attack"
2021.03.18,trickytrickster,1368,Sap1212,1397,"Bongcloud Attack"
2021.03.18,Kipperkipkip,940,sryrzgr,1016,"Bongcloud Attack"
2021.03.18,KingsIndian999,1417,X378,1376,"Bongcloud Attack"
2021.03.18,mkarim15,1546,serger1974,1601,"Bongcloud Attack"
2021.03.18,VVILIFYY,1233,milanbocko,1270,"Bongcloud Attack"
2021.03.18,mkarim15,1541,mvv46,1530,"Bongcloud Attack"
2021.03.18,MarjunMakinano,1423,s25salkan,1409,"Bongcloud Attack"
2021.03.18,mkarim15,1536,Rayr511,1530,"Bongcloud Attack"
2021.03.18,muhammadgunawan,1167,dizzibro,1183,"Bongcloud Attack"
2021.03.18,CharlieIngalls,1476,ALHALLAJ,1420,"Bongcloud Attack"
2021.03.18,CzarnyAlibaba,1497,Dreyko1,1493,"Bongcloud Attack"
2021.03.18,LaximeMachierVagrave,1633,Horlawale,1603,"Bongcloud Attack"
2021.03.18,Lobster151,1673,AkylzhanAK,1662,"Bongcloud Attack"
2021.03.18,Succub,1717,Etig2010,1621,"Bongcloud Attack"
2021.03.18,Dralsaadi,1772,Zvonkos,1741,"Bongcloud Attack"
2021.03.18,offbaseline,1035,Are0n7,1007,"Bongcloud Attack"
2021.03.18,AGADAREN,1127,mertosko71,1357,"Bongcloud Attack"
2021.03.18,muhammadgunawan,1200,danieyasree20,1220,"Bongcloud Attack"
2021.03.18,Matthew46,1821,Willyboy-65,1783,"Bongcloud Attack"
2021.03.18,Cagan-Unal,860,alirizabeytttt,834,"Bongcloud Attack"
2021.03.18,KyleBautista,1496,waliid,1462,"Bongcloud Attack"
2021.03.18,gaurang2801,1167,popovx,1165,"Bongcloud Attack"
2021.03.18,happyidiot1,1849,egulova,1382,"Bongcloud Attack"
2021.03.18,CrocodileDundees,600,vaibhavinikte,680,"Bongcloud Attack"
2021.03.18,BrownUrsid,1398,mohsen1mahjuob,1409,"Bongcloud Attack"
2021.03.18,DionDenzelAdvincula,1779,MAFALI,1737,"Bongcloud Attack"
2021.03.18,JKorosak,1513,KismatK,1506,"Bongcloud Attack"
2021.03.18,SaturiSakaki,1342,Rentrouble,1227,"Bongcloud Attack"
2021.03.18,DionDenzelAdvincula,1772,Husse1n,1775,"Bongcloud Attack"
2021.03.18,Haydyboy,1088,CloudyAlligator,1058,"Bongcloud Attack"
2021.03.18,go_1vs1_noob,1102,vaibhav_shivran-123,1206,"Bongcloud Attack"
2021.03.18,go_1vs1_noob,1049,Noukur,1007,"Bongcloud Attack"
2021.03.18,puduse,1405,chrfalch,1350,"Bongcloud Attack"
2021.03.18,DionDenzelAdvincula,1767,macchiavelli,1777,"Bongcloud Attack"
2021.03.18,SDASD1,1016,Mlinkn,1008,"Bongcloud Attack"
2021.03.18,ThienBuu,745,sharud,828,"Bongcloud Attack"
2021.03.18,Eldar1707,905,PPdirektorSvemiraMJK,1028,"Bongcloud Attack"
2021.03.18,ThienBuu,736,Jawher75,615,"Bongcloud Attack"
2021.03.18,hmdhabi2007,1560,Mahadi08,1582,"Bongcloud Attack"
2021.03.18,ThienBuu,733,halnaizy,603,"Bongcloud Attack"
2021.03.18,Baobeiito,1284,bojjavaralaxmi1990,1252,"Bongcloud Attack"
2021.03.18,Odhiimori,915,NateQ22,811,"Bongcloud Attack"
2021.03.18,mrcomplexxx,1350,Andrzejpach66,1356,"Bongcloud Attack"
2021.03.18,Mixer_Capu,1432,mcrespo,1538,"Bongcloud Attack"
2021.03.18,eugenioTrap777,1895,EddorD,1731,"Bongcloud Attack"
2021.03.18,Yes_its_9_inces,965,NotCain,1040,"Bongcloud Attack"
2021.03.18,Zabdell,1724,Chessismy2021,1394,"Bongcloud Attack"
2021.03.18,Fischer3386,1147,Batusavar,1050,"Bongcloud Attack"
2021.03.18,CzarnyAlibaba,1486,suldbayar,1432,"Bongcloud Attack"
2021.03.18,debangsh12,1015,Artesiaaaa,1021,"Bongcloud Attack"
2021.03.18,DorukTanKim,1012,canyaman_4a,1622,"Bongcloud Attack"
2021.03.18,Salvador657,1617,AmonVictorYumba,1663,"Bongcloud Attack"
2021.03.18,BERRILL,1440,fulgorite,1413,"Bongcloud Attack"
2021.03.18,benovox,1072,IrkMax,1111,"Bongcloud Attack"
2021.03.18,milicheck,1504,aceking77,1418,"Bongcloud Attack"
2021.03.18,ibrahim123123123123,1074,xxxBadman,1121,"Bongcloud Attack"
2021.03.18,Thorson,771,ataarnc,940,"Bongcloud Attack"
2021.03.18,mdmizan159597,2002,adrianotito,2013,"Bongcloud Attack"
2021.03.18,SaturiSakaki,1453,AnswerMax,1446,"Bongcloud Attack"
2021.03.18,wiwii,1424,Maksiunia,1447,"Bongcloud Attack"
2021.03.18,ragrus,1461,Danis18,1480,"Bongcloud Attack"
2021.03.18,intj_17,1457,lasolite,1468,"Bongcloud Attack"
2021.03.18,zeynepyildirim,970,alimkse19,1085,"Bongcloud Attack"
2021.03.18,lebobski,1019,dderevyashkina,861,"Bongcloud Attack"
2021.03.18,SoldR,1879,Vzarvici,1133,"Bongcloud Attack"
2021.03.18,ishallwooopyoass,1874,Momchi,2001,"Bongcloud Attack"
2021.03.18,liammahabirreee,1111,henry_45,1284,"Bongcloud Attack"
2021.03.18,hilfigertout,1362,Christobar,1404,"Bongcloud Attack"
2021.03.18,functionAttack,1089,Ladsu,991,"Bongcloud Attack"
2021.03.18,confifu,1404,bardagger,1283,"Bongcloud Attack"
2021.03.18,Boatcrouchstem,1424,kinggslayerrr,1418,"Bongcloud Attack"
2021.03.18,mdmizan159597,1996,Stiglitz89,1969,"Bongcloud Attack"
2021.03.18,CleverClogs,1392,evgenstf,1391,"Bongcloud Attack"
2021.03.18,asikjgokdnjgndnuj,1834,superlolly,2025,"Bongcloud Attack"
2021.03.18,Rophael,1342,SNOW150812,1441,"Bongcloud Attack"
2021.03.18,nevermor3,2128,lizzo81,1976,"Bongcloud Attack"
2021.03.18,ishallwooopyoass,1846,Ober123,1787,"Bongcloud Attack"
2021.03.18,FranGo_o_chess,1035,Lechulekshmi,902,"Bongcloud Attack"
2021.03.18,hilfigertout,1363,eldeep007,1361,"Bongcloud Attack"
2021.03.18,bogthenell9494,2507,NIGHTMARE818,1920,"Bongcloud Attack"
2021.03.18,asikjgokdnjgndnuj,1722,manit93,1744,"Bongcloud Attack"
2021.03.18,livingblunderr,1143,Rach106,1205,"Bongcloud Attack"
2021.03.18,hilfigertout,1369,Jucemequi2019,1377,"Bongcloud Attack"
2021.03.18,fizmez,1495,thepawnnbishop,1499,"Bongcloud Attack"
2021.03.18,luffy821,1814,bastin78,1742,"Bongcloud Attack"
2021.03.18,fizmez,1489,cleilsonf,1523,"Bongcloud Attack"
2021.03.18,JohnnyBongcloud,1163,qwerty995,1104,"Bongcloud Attack"
2021.03.18,keeng86,1134,pmoney79,1105,"Bongcloud Attack"
2021.03.18,kubslay,1612,quimicus,1547,"Bongcloud Attack"
2021.03.18,dmischkeram,1914,Rafa3436,1881,"Bongcloud Attack"
2021.03.18,mdmizan159597,1979,SouthAfricangirl,1838,"Bongcloud Attack"
2021.03.18,NKoreaFanboy,624,Patrikbb,708,"Bongcloud Attack"
2021.03.18,PrJD,1856,ManchaN,1831,"Bongcloud Attack"
2021.03.18,somxton,1228,Denndennie,1246,"Bongcloud Attack"
2021.03.18,muhammadgunawan,1188,isoece,1188,"Bongcloud Attack"
2021.03.18,NKoreaFanboy,600,winner_044,1067,"Bongcloud Attack"
2021.03.18,Sreerookie,972,Chalumyan_Grisha2011,1078,"Bongcloud Attack"
2021.03.18,Lucailmagno2005,2159,CptKnorke,2174,"Bongcloud Attack"
2021.03.18,ibrahim123123123123,1067,Robertwin,1034,"Bongcloud Attack"
2021.03.18,hafizenpai,1526,snooz,1462,"Bongcloud Attack"
2021.03.18,Yadev02,1500,knkalyoncu61,1599,"Bongcloud Attack"
2021.03.18,Lucailmagno2005,2159,Akirocorre,2141,"Bongcloud Attack"
2021.03.18,mdmizan159597,1986,Vicente_0208,2072,"Bongcloud Attack"
2021.03.18,Baobeiito,1296,kemalyvs,1203,"Bongcloud Attack"
2021.03.18,alirezabatooei,967,Ezequiel_123a,947,"Bongcloud Attack"
2021.03.18,Faowolf00,751,I_need_a_plumbus,782,"Bongcloud Attack"
2021.03.18,Slidermyboi,894,k6y6s,861,"Bongcloud Attack"
2021.03.18,Mirulamran,889,Bishop45,953,"Bongcloud Attack"
2021.03.18,TBBE,1306,SmartPepper,1431,"Bongcloud Attack"
2021.03.18,JohnnyBongcloud,1218,lockitdown21,1180,"Bongcloud Attack"
2021.03.18,Mirulamran,884,matyebal,908,"Bongcloud Attack"
2021.03.18,tobi_skv,765,Krystalian,812,"Bongcloud Attack"
2021.03.18,Arina_Khanjian,1500,bongtrekk,1463,"Bongcloud Attack"
2021.03.18,cared13,1254,SamPavel,1242,"Bongcloud Attack"
2021.03.18,Mirulamran,885,redmi_note_8_pro,889,"Bongcloud Attack"
2021.03.18,keeng86,1153,chewiii,1129,"Bongcloud Attack"
2021.03.18,Jeury223M,1147,Kai223M,1331,"Bongcloud Attack"
2021.03.18,Alejano,1263,Eser6767,1267,"Bongcloud Attack"
2021.03.18,Alejano,1269,HighDex,1252,"Bongcloud Attack"
2021.03.18,gambit_idioty,974,CarlosInoa,956,"Bongcloud Attack"
2021.03.18,EequalsMe,1592,Osman410,1487,"Bongcloud Attack"
2021.03.18,Khulan9396,2252,MD_rose,2243,"Bongcloud Attack"
2021.03.18,gabosalrod,1548,GUSALROD,1544,"Bongcloud Attack"
2021.03.18,NKoreaFanboy,610,MsAdkaDubicka,667,"Bongcloud Attack"
2021.03.18,Kacang-GARUDA,1742,Sahabat_mf,2120,"Bongcloud Attack"
2021.03.18,lukasz98,1581,sebaschess,1664,"Bongcloud Attack"
2021.03.18,hilfigertout,1380,ky17,1388,"Bongcloud Attack"
2021.03.18,Emmanuel0104,1543,Joshuyn,1465,"Bongcloud Attack"
2021.03.18,SaturiSakaki,1192,Ayushk1111,1170,"Bongcloud Attack"
2021.03.18,patchmck,1753,DrBirne,1718,"Bongcloud Attack"
2021.03.18,Trigonis46,1993,hema1000,1959,"Bongcloud Attack"
2021.03.18,AngelikadeBarra,1441,ScottPG,1304,"Bongcloud Attack"
2021.03.18,patchmck,1752,DrBirne,1720,"Bongcloud Attack"
2021.03.18,VincentCespedes,1449,bylemali,1367,"Bongcloud Attack"
2021.03.18,borntocamp,1056,ambigioz,1022,"Bongcloud Attack"
2021.03.18,l3ard,761,RxndyTV,887,"Bongcloud Attack"
2021.03.18,NihilVEVO,627,apfelsinem,619,"Bongcloud Attack"
2021.03.18,Hyperuser,1401,Vijay1603-2002,1078,"Bongcloud Attack"
2021.03.18,LilNamey,1126,SantiagoFDZ2000,1249,"Bongcloud Attack"
2021.03.18,aidinhnkhn,1625,LolLP_ItsME,1626,"Bongcloud Attack"
2021.03.18,aidinhnkhn,1607,bravo1601,1616,"Bongcloud Attack"
2021.03.18,imchaturanga,1646,General-tibet,1743,"Bongcloud Attack"
2021.03.18,Tipek3,1553,Jogri_chan,1517,"Bongcloud Attack"
2021.03.18,spenot,1384,mikail0698,1374,"Bongcloud Attack"
2021.03.18,spenot,1378,Ganttt,1349,"Bongcloud Attack"
2021.03.18,NihilVEVO,621,rhtkumar93,739,"Bongcloud Attack"
2021.03.18,mm576,1297,Wacatweed,1275,"Bongcloud Attack"
2021.03.18,Khulan9396,2240,oticMJ,2234,"Bongcloud Attack"
2021.03.18,hugo190,1440,RikyRik,1446,"Bongcloud Attack"
2021.03.18,Tipek3,1546,Jogri_chan,1524,"Bongcloud Attack"
2021.03.18,mkarim15,1525,mmdihsann,1461,"Bongcloud Attack"
2021.03.18,Shirocamada,1127,furkanst1,1113,"Bongcloud Attack"
2021.03.18,Gurkenstar,1060,Dobryczas,1048,"Bongcloud Attack"
2021.03.18,msanii,1973,M07591714,1850,"Bongcloud Attack"
2021.03.18,Jartzaa,910,MahmoudAbdelaziz27,929,"Bongcloud Attack"
2021.03.18,Thedarksquareknight,1726,spoli,1726,"Bongcloud Attack"
2021.03.18,NihilVEVO,638,Badkuipje,780,"Bongcloud Attack"
2021.03.18,msanii,1981,wanyoo,1872,"Bongcloud Attack"
2021.03.18,Reid_Savid,1489,wadhahi,1460,"Bongcloud Attack"
2021.03.18,WJJan25,1491,SarperS,1504,"Bongcloud Attack"
2021.03.18,dominicrs,1486,JamesAG,1112,"Bongcloud Attack"
2021.03.18,manleo88,1168,jherb,1152,"Bongcloud Attack"
2021.03.18,DAVVV9,1233,sey1t,1304,"Bongcloud Attack"
2021.03.18,Baobeiito,1300,Nerudan,1306,"Bongcloud Attack"
2021.03.18,ienstine,1497,Eng_Fernando,1487,"Bongcloud Attack"
2021.03.18,chesnoob24,1476,edo498,1489,"Bongcloud Attack"
2021.03.18,GOAT38,1985,KatTheVillain,2017,"Bongcloud Attack"
2021.03.18,ShadowAnbu,1698,hamandishe,1653,"Bongcloud Attack"
2021.03.18,LIP1,1293,HFMatheus,1851,"Bongcloud Attack"
2021.03.18,NihilVEVO,660,aimfaster,785,"Bongcloud Attack"
2021.03.18,charliekm,1177,anlmkk,1093,"Bongcloud Attack"
2021.03.18,crazypion,1673,Killuavie,1555,"Bongcloud Attack"
2021.03.18,Marcon22,969,n1x303,1000,"Bongcloud Attack"
2021.03.18,BlueGoddess,838,yaparfyigit,765,"Bongcloud Attack"
2021.03.18,AbubakarGabisov,1580,HFBS,1527,"Bongcloud Attack"
2021.03.18,DooDooMaster280,1396,mohsen89M,1359,"Bongcloud Attack"
2021.03.18,hansihansl123,1287,Natanoj10,1233,"Bongcloud Attack"
2021.03.18,Cristovam,1493,reza6431,1500,"Bongcloud Attack"
2021.03.18,AmandaSTEM,1500,montemor,1597,"Bongcloud Attack"
2021.03.18,NihilVEVO,696,Nargess-1379,792,"Bongcloud Attack"
2021.03.18,lockitdown21,1176,kromboerner,1174,"Bongcloud Attack"
2021.03.18,funkykong1,1476,duwhdhsveie,1556,"Bongcloud Attack"
2021.03.18,Fabian0305,1626,BrayaenA100690,1667,"Bongcloud Attack"
2021.03.18,Lautaro009,1271,mayconjr,1257,"Bongcloud Attack"
2021.03.18,QuasarAfterLife,1489,Mohamed_Aamer,1463,"Bongcloud Attack"
2021.03.18,Neubourg,2224,ahmedburhan,1834,"Bongcloud Attack"
2021.03.18,Cristovam,1511,engageboard81,1570,"Bongcloud Attack"
2021.03.18,NihilVEVO,684,pasqky,731,"Bongcloud Attack"
2021.03.18,QuasarAfterLife,1494,llingke5_benjamins,1470,"Bongcloud Attack"
2021.03.18,Serdest5,1257,KadoTheGuy,1239,"Bongcloud Attack"
2021.03.18,l3ard,759,meriarbiol,879,"Bongcloud Attack"
2021.03.18,miki2008,1692,BluePolo,1696,"Bongcloud Attack"
2021.03.18,ilari96,1392,miumilu,1381,"Bongcloud Attack"
2021.03.18,mrrkk,897,Blobby66,981,"Bongcloud Attack"
2021.03.18,luiz_flader,1388,mata7delafrontera,2004,"Bongcloud Attack"
2021.03.18,A_Nordio,1436,gabrielveiga01,1402,"Bongcloud Attack"
2021.03.18,lockitdown21,1193,matein69moves,1156,"Bongcloud Attack"
2021.03.18,JerseyBoy789,1281,Orsofos,1263,"Bongcloud Attack"
2021.03.18,demo999,1117,cagank225,986,"Bongcloud Attack"
2021.03.18,josid802,1257,Ntuthuko2,1255,"Bongcloud Attack"
2021.03.18,lockitdown21,1182,MaxPower120,1243,"Bongcloud Attack"
2021.03.18,Rayna24,937,Umutkoparan3,862,"Bongcloud Attack"
2021.03.18,drfnasse,987,ilkertozluklu,1021,"Bongcloud Attack"
2021.03.18,LilNamey,1127,MaoSlaak,1162,"Bongcloud Attack"
2021.03.18,drfnasse,981,Dukoser,994,"Bongcloud Attack"
2021.03.18,Fraan42,983,jmsayko,969,"Bongcloud Attack"
2021.03.18,tobiasyoder,1265,selim21amd,1226,"Bongcloud Attack"
2021.03.18,dark411,1865,Ninjarahul,1866,"Bongcloud Attack"
2021.03.18,ARMAGEDDONWARRIOR24,937,ChessJok,987,"Bongcloud Attack"
2021.03.18,marcosflemos,1389,Roju2020,1397,"Bongcloud Attack"
2021.03.18,Frider,1837,andrulin,1773,"Bongcloud Attack"
2021.03.18,MTR2020,1312,Founders2015,1262,"Bongcloud Attack"
2021.03.18,Aut0poi3sis,1422,agdelen,1447,"Bongcloud Attack"
2021.03.18,commutator,1865,RussoTuristo,1879,"Bongcloud Attack"
2021.03.18,LilNamey,1128,artfeef,1224,"Bongcloud Attack"
2021.03.18,irwinlg,1696,Dzhumi,1729,"Bongcloud Attack"
2021.03.18,Abhijit_12298,1860,Chessfredy2001,1857,"Bongcloud Attack"
2021.03.18,crclark,1680,moham46,1682,"Bongcloud Attack"
2021.03.18,SeyreDur,1915,SzanownyPanInzynier,1877,"Bongcloud Attack"
2021.03.18,Bruyunokio,1348,Genri01,1414,"Bongcloud Attack"
2021.03.18,King-hunt,1731,gall92,1713,"Bongcloud Attack"
2021.03.18,Cl0sing,1546,OpentheChesst,1602,"Bongcloud Attack"
2021.03.18,Jp524,1043,JamieMaher,1607,"Bongcloud Attack"
2021.03.18,Bruyunokio,1327,Gandha,1318,"Bongcloud Attack"
2021.03.18,Bruyunokio,1316,yaminot,1328,"Bongcloud Attack"
2021.03.18,Bruyunokio,1310,C0rinthians1910,1309,"Bongcloud Attack"
2021.03.18,jazzygroovy,1589,R1FA,1481,"Bongcloud Attack"
2021.03.18,hilfigertout,1381,omega1000,1313,"Bongcloud Attack"
2021.03.18,Marcone10,1855,jojoger,1906,"Bongcloud Attack"
2021.03.18,fitman2021,1750,Chess-Matador,1734,"Bongcloud Attack"
2021.03.18,papapizza,1652,Robi04,1321,"Bongcloud Attack"
2021.03.18,GabrielUmbaritaPandi,1594,WHOSENEXT,1588,"Bongcloud Attack"
2021.03.18,l3ard,751,Bingus347,881,"Bongcloud Attack"
2021.03.18,Bingus347,854,l3ard,766,"Bongcloud Attack"
2021.03.18,kakaopalme,787,Dennis_MCR,768,"Bongcloud Attack"
2021.03.18,l3ard,771,CEGP,841,"Bongcloud Attack"
2021.03.18,lukaskoko1,1192,elderlyHornet1,1159,"Bongcloud Attack"
2021.03.18,Koyfish3404,1640,Cows19393119229,1525,"Bongcloud Attack"
2021.03.18,Cows19393119229,1539,artmetkar,1281,"Bongcloud Attack"
2021.03.18,Ivorperk,1567,Manuteboll,1541,"Bongcloud Attack"
2021.03.18,austin57201,1588,Rewzilla,1617,"Bongcloud Attack"
2021.03.18,Ivorperk,1561,nickmill2812,1609,"Bongcloud Attack"
2021.03.18,Amayskie,1866,Salomonf,1823,"Bongcloud Attack"
2021.03.18,Rewzilla,1610,AustenK,1105,"Bongcloud Attack"
2021.03.18,Trickstarmate,820,Brchess25,884,"Bongcloud Attack"
2021.03.18,Mr_77,1472,richarnt,1442,"Bongcloud Attack"
2021.03.18,Phenest,1623,kisaragisaya,1201,"Bongcloud Attack"
2021.03.18,Phenest,1613,kisaragisaya,1210,"Bongcloud Attack"
2021.03.18,Djangomangoyo,1180,A73000889DENIS,1259,"Bongcloud Attack"
2021.03.18,d0_0b,1730,Basheer2019,1719,"Bongcloud Attack"
2021.03.18,Azmir94,1025,Vsenna,995,"Bongcloud Attack"
2021.03.18,allTheRobs,936,magnuscarsloop,931,"Bongcloud Attack"
2021.03.18,rank1soon,808,W1sSper,876,"Bongcloud Attack"
2021.03.18,FakeChessBoys,1055,Bodhinho,2223,"Bongcloud Attack"
2021.03.18,neup,741,Tekurs,823,"Bongcloud Attack"
2021.03.18,Sreerookie,979,bape6yx,887,"Bongcloud Attack"
2021.03.18,Hmzfdlmohm,1398,Pinguelli,1428,"Bongcloud Attack"
2021.03.18,TKSLV-Jllasmin,995,TKSLV-CoachNathan,600,"Bongcloud Attack"
2021.03.18,Leonelasebatian10,1530,valesongort2010pdp,1701,"Bongcloud Attack"
2021.03.18,Kallaig59,2481,Nikita_Sannikov,2298,"Bongcloud Attack"
2021.03.18,cannadad,1599,gurhansam,1596,"Bongcloud Attack"
2021.03.18,KingSac99,2179,ucGM-Kaspa,2117,"Bongcloud Attack"
2021.03.18,dimio79,1459,harbartt,1470,"Bongcloud Attack"
2021.03.19,dimio79,1471,harbartt,1459,"Bongcloud Attack"
2021.03.19,dimio79,1471,DIRACPRO,1593,"Bongcloud Attack"
2021.03.19,Bob867,1027,DanKhietNgo,1115,"Bongcloud Attack"
2021.03.19,johno1,1203,princess_bella,1228,"Bongcloud Attack"
2021.03.19,JuanVillegas93,2101,Deadpool2620,2000,"Bongcloud Attack"
2021.03.19,Bong_Cloud13,1948,Carlinhos2,1500,"Bongcloud Attack"
2021.03.19,Samara-karnova,1557,Kvetusko,1718,"Bongcloud Attack"
2021.03.19,GGOSinon,1392,alexmeister12,1413,"Bongcloud Attack"
2021.03.19,beshieee,1410,J_Alvarez,1389,"Bongcloud Attack"
2021.03.19,justmikes,896,useless9,795,"Bongcloud Attack"
2021.03.19,ofthefog,1365,alectesterman,1366,"Bongcloud Attack"
2021.03.19,KingSac99,2275,bfeniks,2216,"Bongcloud Attack"
2021.03.19,Samara-karnova,1552,ChessBarbudo,1904,"Bongcloud Attack"
2021.03.19,Juliosin00,1512,RAVZ34312,1045,"Bongcloud Attack"
2021.03.19,ofthefog,1364,edmar89,1321,"Bongcloud Attack"
2021.03.19,Birkett_Luke,1520,aburamy1,1593,"Bongcloud Attack"
2021.03.19,KingSac99,2334,Peivan,2412,"Bongcloud Attack"
2021.03.19,ofthefog,1356,vijuuu,1362,"Bongcloud Attack"
2021.03.19,Kurdyy,1236,ibrahimouk,1157,"Bongcloud Attack"
2021.03.19,Aut0poi3sis,1416,vrg_2304,1407,"Bongcloud Attack"
2021.03.19,Alejano,1260,LucasLi1010,1243,"Bongcloud Attack"
2021.03.19,danzetto,962,pengus_khan,928,"Bongcloud Attack"
2021.03.19,ofthefog,1339,joAREzfiLHo,1357,"Bongcloud Attack"
2021.03.19,tobitheswiss,979,NCP2020,1049,"Bongcloud Attack"
2021.03.19,ofthefog,1333,whiteblabla,1421,"Bongcloud Attack"
2021.03.19,nicejeans,1170,complexity-class,1239,"Bongcloud Attack"
2021.03.19,ofthefog,1335,rml3pct,1220,"Bongcloud Attack"
2021.03.19,danzetto,914,perryyyyyyy,995,"Bongcloud Attack"
2021.03.19,PeixePescador,1709,Yeahboii1,1578,"Bongcloud Attack"
2021.03.19,duchsvaty,1536,Moco_Loco,1532,"Bongcloud Attack"
2021.03.19,knees_1,1338,SreeJaya,1260,"Bongcloud Attack"
2021.03.19,Perriyeah,1495,paragabhyankar,1511,"Bongcloud Attack"
2021.03.19,bilx,1147,Carit990,1178,"Bongcloud Attack"
2021.03.19,puzzzzzzzlestorm,1587,kuyaconnor,1659,"Bongcloud Attack"
2021.03.19,danzetto,916,kovidgambit-13,865,"Bongcloud Attack"
2021.03.19,TGLT,1695,ayjaychess,1675,"Bongcloud Attack"
2021.03.19,barehsolok,1565,Ekshin_Kadusi,1578,"Bongcloud Attack"
2021.03.19,danzetto,916,kenanveli48,999,"Bongcloud Attack"
2021.03.19,petros23820,910,alfredocabrera,928,"Bongcloud Attack"
2021.03.19,danzetto,909,Jaramy,1068,"Bongcloud Attack"
2021.03.19,AlmostEpiC,1083,illipino,1075,"Bongcloud Attack"
2021.03.19,lamestudentprime,901,Kenseikan,955,"Bongcloud Attack"
2021.03.19,borntocamp,1030,brocktane,875,"Bongcloud Attack"
2021.03.19,bongclouddraw,1417,bubblebuns91,1352,"Bongcloud Attack"
2021.03.19,bongclouddraw,1435,Hapodidae,1457,"Bongcloud Attack"
2021.03.19,QaisaraSkpS,1632,MarcosRuizCapdepont,1785,"Bongcloud Attack"
2021.03.19,kikkomane,1391,Targino50,1374,"Bongcloud Attack"
2021.03.19,Dave_Detera,1830,AhmedGabal,1827,"Bongcloud Attack"
2021.03.19,QaisaraSkpS,1616,Vasorenacido,1528,"Bongcloud Attack"
2021.03.19,danzetto,919,sritanshu,992,"Bongcloud Attack"
2021.03.19,bongclouddraw,1433,sandeepv1438,1356,"Bongcloud Attack"
2021.03.19,danzetto,934,Inga181109,987,"Bongcloud Attack"
2021.03.19,BigCrook,1914,danny99,1915,"Bongcloud Attack"
2021.03.19,bongclouddraw,1408,Spicyice,1414,"Bongcloud Attack"
2021.03.19,MQ2004,1414,Ricardovski1991,1452,"Bongcloud Attack"
2021.03.19,Soffy,1222,JiiPeeKoo,1324,"Bongcloud Attack"
2021.03.19,debangsh12,1014,earliblue,924,"Bongcloud Attack"
2021.03.19,Mehmet_ali06,661,Enzop19,1324,"Bongcloud Attack"
2021.03.19,DeepMindGiant,1337,Djjbomb,1366,"Bongcloud Attack"
2021.03.19,Rosomah,934,Nabius7,1036,"Bongcloud Attack"
2021.03.19,ashutosh_167,1626,leoist7979,1641,"Bongcloud Attack"
2021.03.19,pandus2000,1102,canbeycucemen,1063,"Bongcloud Attack"
2021.03.19,secretchess44,1804,JJoubert,1743,"Bongcloud Attack"
2021.03.19,heminm,1830,Terebey,1810,"Bongcloud Attack"
2021.03.19,NenadP90,1908,ZhasikDota2,1862,"Bongcloud Attack"
2021.03.19,CassieCakes9,1149,lucho321,1189,"Bongcloud Attack"
2021.03.19,Mike-France-30,1569,TantanNurdiansyah,1599,"Bongcloud Attack"
2021.03.19,bongclown69,1500,alexander96sk,1677,"Bongcloud Attack"
2021.03.19,MoistMayonese,1164,SamerRichani,1215,"Bongcloud Attack"
2021.03.19,bongclown69,1166,MirandaCarlos,1080,"Bongcloud Attack"
2021.03.19,IbrahimSahin2004,1551,aljura31,1553,"Bongcloud Attack"
2021.03.19,savaii,1285,ahmetsaitknyl,1360,"Bongcloud Attack"
2021.03.19,Emkof,1095,laurensjkok,1035,"Bongcloud Attack"
2021.03.19,Lorenz2003,2020,Markus1964,1979,"Bongcloud Attack"
2021.03.19,ThienBuu,733,Emil2013hiddenside,805,"Bongcloud Attack"
2021.03.19,hader239,1392,LSFDPL,1391,"Bongcloud Attack"
2021.03.19,dimio79,1473,grisha_the_winner,1401,"Bongcloud Attack"
2021.03.19,wahe0062,1390,ALFREDdino,1747,"Bongcloud Attack"
2021.03.19,bongclouddraw,1387,TAchopijo,1331,"Bongcloud Attack"
2021.03.19,ErikBlacksmith,1473,purnap,1462,"Bongcloud Attack"
2021.03.19,bongclouddraw,1392,ghoba,1339,"Bongcloud Attack"
2021.03.19,duchsvaty,1489,RedneckAttack,1488,"Bongcloud Attack"
2021.03.19,bongclouddraw,1384,vondenbrincken,1432,"Bongcloud Attack"
2021.03.19,fizmez,1478,sleepyday,1441,"Bongcloud Attack"
2021.03.19,marekzzzz,880,zawada24,877,"Bongcloud Attack"
2021.03.19,stepladder,917,dev_5005,1437,"Bongcloud Attack"
2021.03.19,DutchDuche,1310,GeorgeChitanava72,1405,"Bongcloud Attack"
2021.03.19,FranGo_o_chess,1044,buumbooom,996,"Bongcloud Attack"
2021.03.19,Zebrodsky,1050,DanielTravis2007,1028,"Bongcloud Attack"
2021.03.19,bossetonium1,738,Danggen,930,"Bongcloud Attack"
2021.03.19,DutchDuche,1316,Zen-Fanter_002,1321,"Bongcloud Attack"
2021.03.19,commutator,1865,TheBuckle,1870,"Bongcloud Attack"
2021.03.19,anominos,1774,golnaz45,1796,"Bongcloud Attack"
2021.03.19,Ahad2800,1569,Mastaba,1604,"Bongcloud Attack"
2021.03.19,Sreerookie,963,Amira_2012,1007,"Bongcloud Attack"
2021.03.19,Ercan2011,1928,Fastkarov,1810,"Bongcloud Attack"
2021.03.19,Mlack,1426,fabio4chess,1453,"Bongcloud Attack"
2021.03.19,bongclown69,1029,Ernestoirigoyen,972,"Bongcloud Attack"
2021.03.19,Zebrodsky,1044,juandbl93,1045,"Bongcloud Attack"
2021.03.19,Lex_ElPato,2179,ferplus,2215,"Bongcloud Attack"
2021.03.19,bongclown69,988,Olezhqa88,932,"Bongcloud Attack"
2021.03.19,intj_17,1447,alpharay3443,1478,"Bongcloud Attack"
2021.03.19,Qysan,1557,DenisZakharov321,1572,"Bongcloud Attack"
2021.03.19,samuel_nyborg2010,1348,adam_2009,1342,"Bongcloud Attack"
2021.03.19,NoobChess213,1400,salamander2,1372,"Bongcloud Attack"
2021.03.19,yunus5647378383,1306,Nisa0193,1693,"Bongcloud Attack"
2021.03.19,postx,1861,MagicianFromRiga1,1868,"Bongcloud Attack"
2021.03.19,rensah,1675,Fran444,1672,"Bongcloud Attack"
2021.03.19,rensah,1681,RxDx,1705,"Bongcloud Attack"
2021.03.19,thomasmatcham,1441,KshMalek,1436,"Bongcloud Attack"
2021.03.19,thomasmatcham,1447,Carlwall007,1455,"Bongcloud Attack"
2021.03.19,hilfigertout,1369,NND1001,1355,"Bongcloud Attack"
2021.03.19,BashedBish,1172,bucky-bo,1163,"Bongcloud Attack"
2021.03.19,JohnnyBongcloud,1230,MaCaSc,1222,"Bongcloud Attack"
2021.03.19,PolskiPonczeq,1205,A73000889DENIS,1274,"Bongcloud Attack"
2021.03.19,yltey,904,NurAinKamila,783,"Bongcloud Attack"
2021.03.19,Neadekvat,1981,Mr-Daoud,1974,"Bongcloud Attack"
2021.03.19,PolskiPonczeq,1196,Tomelden,1205,"Bongcloud Attack"
2021.03.19,guillermojoseherrera,1054,allenarias,1141,"Bongcloud Attack"
2021.03.19,thomasmatcham,1450,RenaCrack,1477,"Bongcloud Attack"
2021.03.19,zabut,1502,Cantinflas777,1536,"Bongcloud Attack"
2021.03.19,PolskiPonczeq,1200,ali0yildiz,1184,"Bongcloud Attack"
2021.03.19,zabut,1503,Cantinflas777,1535,"Bongcloud Attack"
2021.03.19,PolskiPonczeq,1217,ali0yildiz,1174,"Bongcloud Attack"
2021.03.19,IronSummit,1563,notfe,1517,"Bongcloud Attack"
2021.03.19,PEDROBZANIN,1065,miguelcarvalh00,1206,"Bongcloud Attack"
2021.03.19,Plusultra86,1687,alexeyga72,1658,"Bongcloud Attack"
2021.03.19,happyidiot1,1849,markozx,1077,"Bongcloud Attack"
2021.03.19,ppoddd,1075,Uday-12-123,1049,"Bongcloud Attack"
2021.03.19,Alterace,857,A9b8,896,"Bongcloud Attack"
2021.03.19,happyidiot1,1849,markozx,1077,"Bongcloud Attack"
2021.03.19,oussama410,1601,jore1011,1566,"Bongcloud Attack"
2021.03.19,Tuchkovigor,1018,semut_kecil,1856,"Bongcloud Attack"
2021.03.19,Tuchkovigor,1018,Ankit-Bhati,1816,"Bongcloud Attack"
2021.03.19,VK6569,1259,evt123,1248,"Bongcloud Attack"
2021.03.19,hilfigertout,1369,Tegshsaikhan07,1351,"Bongcloud Attack"
2021.03.19,Helbert008,1278,ivancm92,1305,"Bongcloud Attack"
2021.03.19,RokasP,1639,dim66,1513,"Bongcloud Attack"
2021.03.19,cared13,1260,DownsATron9000,1290,"Bongcloud Attack"
2021.03.19,Sidgeo,1344,Aderod,1349,"Bongcloud Attack"
2021.03.19,DragosG,1197,aaplefresh,1210,"Bongcloud Attack"
2021.03.19,AlexanderRook,884,Lumter,857,"Bongcloud Attack"
2021.03.19,ksevket,1573,ferbil,1527,"Bongcloud Attack"
2021.03.19,baby_fishing,2061,JavierG1004,1286,"Bongcloud Attack"
2021.03.19,ElenaVladimirovich,1500,yusfkcali,1421,"Bongcloud Attack"
2021.03.19,Sardarbek-Nurdinuulu,2076,ChessNewsKg,2169,"Bongcloud Attack"
2021.03.19,ksevket,1566,whatcowegg,1576,"Bongcloud Attack"
2021.03.19,ksevket,1572,ptdexter68,1613,"Bongcloud Attack"
2021.03.19,ksevket,1571,liamd266,1437,"Bongcloud Attack"
2021.03.19,Sreerookie,962,larseses,944,"Bongcloud Attack"
2021.03.19,jjij,1666,alexsandar,1680,"Bongcloud Attack"
2021.03.19,Fraan42,958,seddik-mlk,1000,"Bongcloud Attack"
2021.03.19,andrea-cuellar,1260,JuanCarlosVS,1249,"Bongcloud Attack"
2021.03.19,b0ogyman,1615,Mingorevulgo,1614,"Bongcloud Attack"
2021.03.19,frenchbaguette1943,1573,ramborue,1555,"Bongcloud Attack"
2021.03.19,frenchbaguette1943,1449,mertang2,1432,"Bongcloud Attack"
2021.03.19,cevdetk,1570,Pofe,1570,"Bongcloud Attack"
2021.03.19,b0ogyman,1460,Aboutera,1450,"Bongcloud Attack"
2021.03.19,BashedBish,1165,Agraj05,1134,"Bongcloud Attack"
2021.03.19,KingSac99,2542,G0DZILLA,2540,"Bongcloud Attack"
2021.03.19,Dimitri_F,624,LUTU3AJJN,713,"Bongcloud Attack"
2021.03.19,l3ard,778,Nanotubes,874,"Bongcloud Attack"
2021.03.19,cevdetk,1553,ZiehDeinDing,1457,"Bongcloud Attack"
2021.03.19,umutcanyesil,1466,Majd7014,1509,"Bongcloud Attack"
2021.03.19,charliekm,1196,zaza324,1195,"Bongcloud Attack"
2021.03.19,cevdetk,1558,gflick1000,1560,"Bongcloud Attack"
2021.03.19,arya8abhishek,1337,shraddha2001,1079,"Bongcloud Attack"
2021.03.19,littlegoof,1141,Mike-D,1144,"Bongcloud Attack"
2021.03.19,AlmostEpiC,1069,Wicho_Osu,1052,"Bongcloud Attack"
2021.03.19,msanii,1992,wanyoo,1845,"Bongcloud Attack"
2021.03.19,ilhamiak,2093,chess_vinayak,2118,"Bongcloud Attack"
2021.03.19,arqammohamedd,1483,breah,1584,"Bongcloud Attack"
2021.03.19,msanii,2004,wanyoo,1838,"Bongcloud Attack"
2021.03.19,Monkey_D_Luffy15,1451,diggler123456,1495,"Bongcloud Attack"
2021.03.19,rowxn,910,usampo,862,"Bongcloud Attack"
2021.03.19,rowxn,915,d_ot,929,"Bongcloud Attack"
2021.03.19,Gudetamwa,1079,anuragchess1,960,"Bongcloud Attack"
2021.03.19,KingMatthew75,1160,juanalzate,1114,"Bongcloud Attack"
2021.03.19,KingMatthew75,1070,Sweed711,917,"Bongcloud Attack"
2021.03.19,Tabostor,1923,Adan_Simeulue,1904,"Bongcloud Attack"
2021.03.19,c2h4,1630,Scooped,1630,"Bongcloud Attack"
2021.03.19,wojciechkowalik,1478,Nazzarah,1498,"Bongcloud Attack"
2021.03.19,cared13,1250,GiNiO,1273,"Bongcloud Attack"
2021.03.19,brooklyn_chess,1657,DrDrunkenTal,1624,"Bongcloud Attack"
2021.03.19,akarborneo,1641,Said_Banos,1575,"Bongcloud Attack"
2021.03.19,yasemingcl,1208,meetvGM,1277,"Bongcloud Attack"
2021.03.19,sinsta666,1518,AmmarSajjid,1479,"Bongcloud Attack"
2021.03.19,colourcomplex,2040,fulleyeninbabasi,1954,"Bongcloud Attack"
2021.03.19,pythonjunior,1647,d0rian,1627,"Bongcloud Attack"
2021.03.19,NightshadeTheNoob,1009,Zakly,995,"Bongcloud Attack"
2021.03.19,Huzaifa_Rashid,1501,HajiBabayev,1505,"Bongcloud Attack"
2021.03.19,thomasmatcham,1475,cumhur,1493,"Bongcloud Attack"
2021.03.19,majitozapateroa,827,Paul901,832,"Bongcloud Attack"
2021.03.19,amonmusicx,874,Olezhqa88,905,"Bongcloud Attack"
2021.03.19,andreamars,1795,xdrxs,1748,"Bongcloud Attack"
2021.03.19,echooo212,859,Larcom,743,"Bongcloud Attack"
2021.03.19,kmort48,1201,shvedprod,1209,"Bongcloud Attack"
2021.03.19,dpatr004,1401,cakalmete,1395,"Bongcloud Attack"
2021.03.19,mikki3101,1148,Tima-Fedy,1154,"Bongcloud Attack"
2021.03.19,ksevket,1521,fabiensh,1490,"Bongcloud Attack"
2021.03.19,hanstt,1485,eldeljar,1550,"Bongcloud Attack"
2021.03.19,ksevket,1520,Naipeman,1436,"Bongcloud Attack"
2021.03.19,Misho109,1170,maxi_pfluaga19,1104,"Bongcloud Attack"
2021.03.19,hilfigertout,1369,WLHeida,1369,"Bongcloud Attack"
2021.03.19,ksevket,1518,emilios_zeneli,1523,"Bongcloud Attack"
2021.03.19,Rehber1,1649,jessikka,1658,"Bongcloud Attack"
2021.03.19,Rehber1,1656,Amanida,1606,"Bongcloud Attack"
2021.03.19,khmar,1002,alexanderbruvik,1006,"Bongcloud Attack"
2021.03.19,RMB99,1698,Joseph101519,1853,"Bongcloud Attack"
2021.03.19,cevdetk,1552,Black1988,1580,"Bongcloud Attack"
2021.03.19,CarlosSuricato,1496,gulfRAWW,1502,"Bongcloud Attack"
2021.03.19,Niko121212,1283,serranovich,1291,"Bongcloud Attack"
2021.03.19,Giogioia,1259,spiritualmasterhome,1239,"Bongcloud Attack"
2021.03.19,cevdetk,1565,Cengizhanuzundemir,1559,"Bongcloud Attack"
2021.03.19,coolestplayer50,1909,oxotnik-N1,1916,"Bongcloud Attack"
2021.03.19,from_russia_withlove,998,sashaaa_mks,1116,"Bongcloud Attack"
2021.03.19,Abhinav094155,979,Brainbiter,1020,"Bongcloud Attack"
2021.03.19,olivert8002,1034,Zerosix0606,1030,"Bongcloud Attack"
2021.03.19,Rublik55,1500,Bolaman,1317,"Bongcloud Attack"
2021.03.19,l3ard,791,theDustyWizard,906,"Bongcloud Attack"
2021.03.19,SeyreDur,1920,SzanownyPanInzynier,1871,"Bongcloud Attack"
2021.03.19,cevdetk,1577,KrossSer,1547,"Bongcloud Attack"
2021.03.19,l3ard,778,colombia123,812,"Bongcloud Attack"
2021.03.19,ya_es_mate,1879,DenzelGabriel,1824,"Bongcloud Attack"
2021.03.19,Phoenicopterus,2034,Behzad1986,1949,"Bongcloud Attack"
2021.03.19,cevdetk,1565,KrossSer,1560,"Bongcloud Attack"
2021.03.19,roman312,1108,roboticjosh,1279,"Bongcloud Attack"
2021.03.19,l3ard,771,Conidoni,702,"Bongcloud Attack"
2021.03.19,l3ard,777,Ajulkl,927,"Bongcloud Attack"
2021.03.19,NoobMate90,1038,mueller115,1071,"Bongcloud Attack"
2021.03.19,cared13,1243,ismail65,1354,"Bongcloud Attack"
2021.03.19,James-0,1429,Hercules_Pelegris,1432,"Bongcloud Attack"
2021.03.19,hiivt,1321,Platzhirsch63,1294,"Bongcloud Attack"
2021.03.19,Didici12,2504,SterSter_01,2440,"Bongcloud Attack"
2021.03.19,lIlIllIlllIl,1165,berkaykose6,1123,"Bongcloud Attack"
2021.03.19,l3ard,771,Spo1ondogache,694,"Bongcloud Attack"
2021.03.19,postx,1865,dennis67,1800,"Bongcloud Attack"
2021.03.19,Jcrisss8,945,SAROlarieE,946,"Bongcloud Attack"
2021.03.19,FinegoldElitism,1385,B_Fisher,1382,"Bongcloud Attack"
2021.03.19,cared13,1251,citrushaps,1238,"Bongcloud Attack"
2021.03.19,ElPinchess,694,damradncr,769,"Bongcloud Attack"
2021.03.19,GabrielUmbaritaPandi,1574,aillynescobarpandi,1281,"Bongcloud Attack"
2021.03.19,lIlIllIlllIl,1187,Ishmex,1152,"Bongcloud Attack"
2021.03.19,danzetto,923,MrBandicoot,943,"Bongcloud Attack"
2021.03.19,lIlIllIlllIl,1199,CJUPIKEDTHEWRONGHOUS,1197,"Bongcloud Attack"
2021.03.19,Rick191177,1142,Aerton,1173,"Bongcloud Attack"
2021.03.19,pimpek420,957,djibril_1,1022,"Bongcloud Attack"
2021.03.19,Sqqr,1206,Comrian,1202,"Bongcloud Attack"
2021.03.19,pimpek420,917,LisboaF,768,"Bongcloud Attack"
2021.03.19,danzetto,910,Frank-J-Marshall,877,"Bongcloud Attack"
2021.03.19,aschim,1271,Urmia_AZ,1338,"Bongcloud Attack"
2021.03.19,dadi075,877,anyonee,857,"Bongcloud Attack"
2021.03.19,shuggie_otis,2168,MassivePackage,2208,"Bongcloud Attack"
2021.03.19,Arbano,958,Lamus97,927,"Bongcloud Attack"
2021.03.19,Arbano,952,CjLukaa,956,"Bongcloud Attack"
2021.03.19,dav3199,2062,tuna59,1998,"Bongcloud Attack"
2021.03.19,Kidonez,1673,nikolai83,1673,"Bongcloud Attack"
2021.03.19,TGLT,1751,frizon,1630,"Bongcloud Attack"
2021.03.19,Rogerdeacardoso,1300,Edboi,1267,"Bongcloud Attack"
2021.03.20,IsoHQ,1325,izaq77brasil,1226,"Bongcloud Attack"
2021.03.20,TGLT,1818,Huseyin3458,1579,"Bongcloud Attack"
2021.03.20,Redwingo,1172,FT1907,1221,"Bongcloud Attack"
2021.03.20,ALISZON2603,979,SAICO18,747,"Bongcloud Attack"
2021.03.20,Marouanefauzi,1027,amine,1060,"Bongcloud Attack"
2021.03.20,SuperScorpion490,688,Unai_brk,1011,"Bongcloud Attack"
2021.03.20,baarb,668,kilodranmasterofweed,819,"Bongcloud Attack"
2021.03.20,Marouanefauzi,1034,backbone31,971,"Bongcloud Attack"
2021.03.20,Prof_Butter,1421,welatucar,1484,"Bongcloud Attack"
2021.03.20,hilfigertout,1363,Pedroa2502,1445,"Bongcloud Attack"
2021.03.20,fitman2021,1773,Welingt0n,1770,"Bongcloud Attack"
2021.03.20,Cristovam,1488,DeLapGBN,1545,"Bongcloud Attack"
2021.03.20,maltecer,1116,viceversace,1012,"Bongcloud Attack"
2021.03.20,tezer2d,1120,Toro1976,1136,"Bongcloud Attack"
2021.03.20,an8yroldkid,1612,Claudio1414,1571,"Bongcloud Attack"
2021.03.20,dav3199,2056,BongArdiente,2054,"Bongcloud Attack"
2021.03.20,jorge__martins,1359,Luis_vicente,1265,"Bongcloud Attack"
2021.03.20,EruditeDemigod,1242,masaqui,1229,"Bongcloud Attack"
2021.03.20,QaisaraSkpS,1521,OLIVEIRA13,1916,"Bongcloud Attack"
2021.03.20,matt_goblue,1226,psbs21,1109,"Bongcloud Attack"
2021.03.20,Tari_saman475,1671,snaptoslothrop,1670,"Bongcloud Attack"
2021.03.20,lIlIllIlllIl,1205,JonArbuckle1,1191,"Bongcloud Attack"
2021.03.20,kaiser_radolf_iv,1014,luis_alveroni,1001,"Bongcloud Attack"
2021.03.20,EruditeDemigod,1247,FAED_al_SAAD,1261,"Bongcloud Attack"
2021.03.20,galahadsass,1500,JohnnyTheHouseElf,1575,"Bongcloud Attack"
2021.03.20,TheVulcanLogic,1432,TUNTUN123,1440,"Bongcloud Attack"
2021.03.20,iAmOmega,2283,Jansoldier,1969,"Bongcloud Attack"
2021.03.20,galahadsass,1042,TriggaHappe,1056,"Bongcloud Attack"
2021.03.20,galahadsass,966,zokoli,945,"Bongcloud Attack"
2021.03.20,wassap520,2247,Romio30,2198,"Bongcloud Attack"
2021.03.20,aminedh2,1693,bvlong,1652,"Bongcloud Attack"
2021.03.20,javier_vargas_mtz,822,MahathiArun,864,"Bongcloud Attack"
2021.03.20,danzetto,897,Selchuk0,938,"Bongcloud Attack"
2021.03.20,danzetto,905,Malacoidohebraico,927,"Bongcloud Attack"
2021.03.20,javier_vargas_mtz,822,DEDEYOU,782,"Bongcloud Attack"
2021.03.20,Sreerookie,957,sheller19,893,"Bongcloud Attack"
2021.03.20,Peko_Peko_Peko,1260,vijayl,1274,"Bongcloud Attack"
2021.03.20,MohammedSonu,1157,fankiedj,1069,"Bongcloud Attack"
2021.03.20,Peko_Peko_Peko,1261,vijayl,1274,"Bongcloud Attack"
2021.03.20,igunes,1373,POB_21,1470,"Bongcloud Attack"
2021.03.20,Dearborn,1027,kosta22,958,"Bongcloud Attack"
2021.03.20,Geekazodium,671,mohamed546,728,"Bongcloud Attack"
2021.03.20,Super_Nova_Cat,1659,zedly,1687,"Bongcloud Attack"
2021.03.20,Nihilist_Ideology,1670,Nolo13,1648,"Bongcloud Attack"
2021.03.20,Sreerookie,951,Borisis,920,"Bongcloud Attack"
2021.03.20,Geekazodium,688,muhammad_farhan,782,"Bongcloud Attack"
2021.03.20,Geekazodium,697,Patrikbb,708,"Bongcloud Attack"
2021.03.20,Nesvunema,1641,K3n2,1716,"Bongcloud Attack"
2021.03.20,savaii,1300,stachelino,1324,"Bongcloud Attack"
2021.03.20,YSTNM,1500,ShehNgaMati,1546,"Bongcloud Attack"
2021.03.20,Siddd_321,1079,SHarifiYasna88,1087,"Bongcloud Attack"
2021.03.20,LaximeMachierVagrave,1600,Msqs313,1587,"Bongcloud Attack"
2021.03.20,savaii,1300,rotovirus,1238,"Bongcloud Attack"
2021.03.20,Meetmdg,1216,izzet19,1210,"Bongcloud Attack"
2021.03.20,Sch3me,778,dealboy,780,"Bongcloud Attack"
2021.03.20,Kristof2010,2039,behzad51,2055,"Bongcloud Attack"
2021.03.20,Super_Nova_Cat,1674,Walter008,1665,"Bongcloud Attack"
2021.03.20,Jiggie,1808,raegenius,1819,"Bongcloud Attack"
2021.03.20,weird_chicken4,1241,fadel-chess,1457,"Bongcloud Attack"
2021.03.20,kutty181,1971,hansolo11,1967,"Bongcloud Attack"
2021.03.20,deniz_er3,1049,MgX123,1139,"Bongcloud Attack"
2021.03.20,sricharan-8,1748,Joachim99,1748,"Bongcloud Attack"
2021.03.20,ishallwooopyoass,1825,Starz2020,1900,"Bongcloud Attack"
2021.03.20,ishallwooopyoass,1815,Mnz1995,1823,"Bongcloud Attack"
2021.03.20,wassap520,2441,musashino,2387,"Bongcloud Attack"
2021.03.20,ishallwooopyoass,1808,julio_rodolfo1,1762,"Bongcloud Attack"
2021.03.20,DaSalmonBoy,1087,Sunflower007,1133,"Bongcloud Attack"
2021.03.20,bumblebee9,989,Dacoco_Cristophere13,1046,"Bongcloud Attack"
2021.03.20,D2theKey,600,steve9402,679,"Bongcloud Attack"
2021.03.20,udespo511,1954,skrbic,1915,"Bongcloud Attack"
2021.03.20,KingHunter19,1931,GrogIV,1934,"Bongcloud Attack"
2021.03.20,Crazzy_Train,2059,MoDiSpain,1988,"Bongcloud Attack"
2021.03.20,wassap520,2434,MiqoManukyan2001,2025,"Bongcloud Attack"
2021.03.20,x_p3a_ln9,1589,ashakila,1614,"Bongcloud Attack"
2021.03.20,cgRi,1167,Met08,1197,"Bongcloud Attack"
2021.03.20,takshildalal,1208,uufffffffffffffff,1173,"Bongcloud Attack"
2021.03.20,AvenueX,1173,majkell0,1088,"Bongcloud Attack"
2021.03.20,AlrightPlayer12345,1461,Mikzar10,1459,"Bongcloud Attack"
2021.03.20,stepladder,951,Ahmetmelih2013,963,"Bongcloud Attack"
2021.03.20,deepak291002,1747,srinithi1503,964,"Bongcloud Attack"
2021.03.20,wassap520,2467,ettoremenotti,2379,"Bongcloud Attack"
2021.03.20,LuBum,1177,Wiki_kashi123,1135,"Bongcloud Attack"
2021.03.20,wassap520,2471,Vitaliy_87,2324,"Bongcloud Attack"
2021.03.20,sangu99,1640,AndreykaAnd,1633,"Bongcloud Attack"
2021.03.20,LuBum,1176,Lu-is,1191,"Bongcloud Attack"
2021.03.20,assemini,1301,pouchol,1356,"Bongcloud Attack"
2021.03.20,SplendidLouse,1013,BurgundyMole,999,"Bongcloud Attack"
2021.03.20,AvenueX,1022,hverdin98,788,"Bongcloud Attack"
2021.03.20,Rick191177,1142,soumen778,1163,"Bongcloud Attack"
2021.03.20,Nabil_Sbihi,1319,FideliOne,1274,"Bongcloud Attack"
2021.03.20,RGNPPr,1068,Protu,1058,"Bongcloud Attack"
2021.03.20,from_russia_withlove,1001,uos1729,1018,"Bongcloud Attack"
2021.03.20,gustavo1981,1963,MeiND,1731,"Bongcloud Attack"
2021.03.20,cgRi,1160,Selinyi,1146,"Bongcloud Attack"
2021.03.20,RGNPPr,1068,Ahmed_saad65,1094,"Bongcloud Attack"
2021.03.20,RGNPPr,1081,PaPii777,1196,"Bongcloud Attack"
2021.03.20,qfddrtzn7,1710,AutsajderUe,1809,"Bongcloud Attack"
2021.03.20,commutator,1864,nbgd,1901,"Bongcloud Attack"
2021.03.20,jbell87,1774,gretttman,1712,"Bongcloud Attack"
2021.03.20,Magnum_Karlson,1713,bryxnt,1690,"Bongcloud Attack"
2021.03.20,hilfigertout,1364,Krujero,1352,"Bongcloud Attack"
2021.03.20,ksevket,1514,sidjak,1523,"Bongcloud Attack"
2021.03.20,SaturiSakaki,1132,dyk12345,1070,"Bongcloud Attack"
2021.03.20,hilfigertout,1365,Fizzydrinx,1372,"Bongcloud Attack"
2021.03.20,Cirko_Mcentovic,1721,Juliocib1,1627,"Bongcloud Attack"
2021.03.20,james_zhou,1059,RyanJH,1067,"Bongcloud Attack"
2021.03.20,james_zhou,1048,MrMayer,1073,"Bongcloud Attack"
2021.03.20,mim4701,973,LouayBadri,996,"Bongcloud Attack"
2021.03.20,Magnum_Karlson,1719,akj,1814,"Bongcloud Attack"
2021.03.20,wassap520,2494,Player711,2435,"Bongcloud Attack"
2021.03.20,james_zhou,1043,Th1eFu,1035,"Bongcloud Attack"
2021.03.20,james_zhou,996,Nikita_0209,1019,"Bongcloud Attack"
2021.03.20,wassap520,2502,Sailor7,2404,"Bongcloud Attack"
2021.03.20,james_zhou,943,drichert,824,"Bongcloud Attack"
2021.03.20,james_zhou,928,drichert,839,"Bongcloud Attack"
2021.03.20,EfePasha07,942,vahab-1266,939,"Bongcloud Attack"
2021.03.20,MxR02,1167,ObiWanKaNoBi16,1238,"Bongcloud Attack"
2021.03.20,Magnum_Karlson,1727,Rodion_C_1,1749,"Bongcloud Attack"
2021.03.20,benzarah,1804,Felkin-ahn,1798,"Bongcloud Attack"
2021.03.20,C0ochieman,1124,Kadireren214,1104,"Bongcloud Attack"
2021.03.20,Magnum_Karlson,1733,Mike_Rudkovsky,1741,"Bongcloud Attack"
2021.03.20,wassap520,2516,halit1740,1591,"Bongcloud Attack"
2021.03.20,vinagre01,1302,NeverSettleCastle,1246,"Bongcloud Attack"
2021.03.20,hilfigertout,1359,Anassicleto,1312,"Bongcloud Attack"
2021.03.20,Rodhirejab,1761,fendyshukeri,1594,"Bongcloud Attack"
2021.03.20,gulfRAWW,1496,jonyD,1503,"Bongcloud Attack"
2021.03.20,noobslayer6942069,1040,Asgore_x,1023,"Bongcloud Attack"
2021.03.20,thomasmatcham,1465,surya53189,1427,"Bongcloud Attack"
2021.03.20,Magnum_Karlson,1752,bazarsooq,1813,"Bongcloud Attack"
2021.03.20,terjun_lombong_2,1793,fendyshukeri,1592,"Bongcloud Attack"
2021.03.20,danzetto,911,Abhinav094155,919,"Bongcloud Attack"
2021.03.20,danzetto,918,daringcake,816,"Bongcloud Attack"
2021.03.20,gulfRAWW,1485,Ravenold,1566,"Bongcloud Attack"
2021.03.20,gulfRAWW,1475,jalaleddine,1500,"Bongcloud Attack"
2021.03.20,PIRVINX,1116,bart8,1092,"Bongcloud Attack"
2021.03.20,DavidPoghosyan,753,Lebsie,730,"Bongcloud Attack"
2021.03.20,Riswandi,1713,johnalok,1706,"Bongcloud Attack"
2021.03.20,stepladder,952,AfraaChess,1048,"Bongcloud Attack"
2021.03.20,Rishivenkataraman,2015,mike1989arb,2018,"Bongcloud Attack"
2021.03.20,kingpossessed,873,nickcantrell,828,"Bongcloud Attack"
2021.03.20,squirrel36,1333,simonknapp257,1409,"Bongcloud Attack"
2021.03.20,Yudansha_Blue_Steel,1269,Oluwajoba100,1264,"Bongcloud Attack"
2021.03.20,RidwanMaulanaRiyadi,1197,tuannguyen31031999,1301,"Bongcloud Attack"
2021.03.20,kingpossessed,812,mehmetalp66,886,"Bongcloud Attack"
2021.03.20,I_love_chess24,1080,Green_Ninja8192,1101,"Bongcloud Attack"
2021.03.20,XnaytartX,994,Yes_its_9_inces,975,"Bongcloud Attack"
2021.03.20,rochbr,860,Shailaja_5,949,"Bongcloud Attack"
2021.03.20,dpachn03,1413,Nicea,1467,"Bongcloud Attack"
2021.03.20,Paguarax,1500,koneva75,1344,"Bongcloud Attack"
2021.03.20,TunisianProdigy,1362,DarkPeur,1406,"Bongcloud Attack"
2021.03.20,Sree_Venkatesh,1677,SantiagoRiveira,1638,"Bongcloud Attack"
2021.03.20,TunisianProdigy,1358,vidyach,1318,"Bongcloud Attack"
2021.03.20,TunisianProdigy,1351,bluesy125,1359,"Bongcloud Attack"
2021.03.20,Sreerookie,968,Pjoter2k21,952,"Bongcloud Attack"
2021.03.20,rochbr,883,limingdao,811,"Bongcloud Attack"
2021.03.20,QaisaraSkpS,1463,Lenin0922,1232,"Bongcloud Attack"
2021.03.20,Super_Nova_Cat,1709,nicatali26,1674,"Bongcloud Attack"
2021.03.20,rochbr,895,murray192,888,"Bongcloud Attack"
2021.03.20,Super_Nova_Cat,1703,SH_87,1701,"Bongcloud Attack"
2021.03.20,lukasz98,1562,Haris666,1583,"Bongcloud Attack"
2021.03.20,Nabil_Sbihi,1340,msbsbihi,1339,"Bongcloud Attack"
2021.03.20,rochbr,893,Foreversecond,947,"Bongcloud Attack"
2021.03.20,TunisianProdigy,1364,brbrs55,1482,"Bongcloud Attack"
2021.03.20,mastarita23,1167,lukakajfes,1161,"Bongcloud Attack"
2021.03.20,TunisianProdigy,1373,Kolinx01,1395,"Bongcloud Attack"
2021.03.20,arsham8787,679,mohamed2020202020,614,"Bongcloud Attack"
2021.03.20,miller34,2119,motlolobir,2101,"Bongcloud Attack"
2021.03.20,tae_egit_tobol,1491,jovip53,1412,"Bongcloud Attack"
2021.03.20,hairysean,1170,Rookonthehook,1150,"Bongcloud Attack"
2021.03.20,Rick191177,1142,HAPPYCOWBAY00,1142,"Bongcloud Attack"
2021.03.20,MNMN08MNMN,1582,nqxa,1573,"Bongcloud Attack"
2021.03.20,cared13,1235,evralear,1329,"Bongcloud Attack"
2021.03.20,Finn_RSK,1765,gsn,1730,"Bongcloud Attack"
2021.03.20,Jimmi95,1272,Patroclitoris,1365,"Bongcloud Attack"
2021.03.20,Jimmi95,920,Jacopro,1091,"Bongcloud Attack"
2021.03.20,TunisianProdigy,1373,TashaLi,1392,"Bongcloud Attack"
2021.03.20,Jimmi95,826,useless9,798,"Bongcloud Attack"
2021.03.20,BHQ,1401,marji0,1437,"Bongcloud Attack"
2021.03.20,hilfigertout,1353,sukrugul,1334,"Bongcloud Attack"
2021.03.20,tsog0,1280,awtsgegege,1249,"Bongcloud Attack"
2021.03.20,jasonf7,1013,MinatoAti12,1041,"Bongcloud Attack"
2021.03.20,HikarusDad,1004,jamie629,1128,"Bongcloud Attack"
2021.03.20,BALLDOZER,1321,aloksun1,1343,"Bongcloud Attack"
2021.03.20,Rublik55,1650,AliRIZA1907,1477,"Bongcloud Attack"
2021.03.20,Rick191177,1121,sk24_12_2020,1180,"Bongcloud Attack"
2021.03.20,TechDrag,1298,rathis_sacco,1352,"Bongcloud Attack"
2021.03.20,thomasmatcham,1458,gregor7421,1449,"Bongcloud Attack"
2021.03.20,Michael_Goliath,1090,BruederFabi,1078,"Bongcloud Attack"
2021.03.20,dimio79,1492,SirLamboJr,1476,"Bongcloud Attack"
2021.03.20,Abhinav094155,908,tonyisgay123,936,"Bongcloud Attack"
2021.03.20,Selimanedendougui,1049,umutada28,1042,"Bongcloud Attack"
2021.03.20,maestromjd,1480,Zulfar1964,1492,"Bongcloud Attack"
2021.03.20,Akys00,1025,KKhalista,749,"Bongcloud Attack"
2021.03.20,xadhoom,1111,Masood59,1064,"Bongcloud Attack"
2021.03.20,chess144,1904,shaurin9,1878,"Bongcloud Attack"
2021.03.20,PiyonaMAT,1062,Ankush009,1042,"Bongcloud Attack"
2021.03.20,NihilVEVO,705,Voytal,618,"Bongcloud Attack"
2021.03.20,Perfumadito522,1701,KULANII,1589,"Bongcloud Attack"
2021.03.20,hilfigertout,1359,assantturk1,1375,"Bongcloud Attack"
2021.03.20,NihilVEVO,705,ortam34,859,"Bongcloud Attack"
2021.03.20,wyder2,1543,Ali945,1559,"Bongcloud Attack"
2021.03.20,BernardoCaio,1189,luislwis,1847,"Bongcloud Attack"
2021.03.20,Super_Nova_Cat,1695,DeVotcKa,1699,"Bongcloud Attack"
2021.03.20,emirhanakdas,814,Rambessa,956,"Bongcloud Attack"
2021.03.20,Sometying,753,Liamblancal,830,"Bongcloud Attack"
2021.03.20,BlueGoddess,850,Zakarovy,932,"Bongcloud Attack"
2021.03.20,rchen08,1313,kevlu8,1413,"Bongcloud Attack"
2021.03.20,kevlu8,1411,rchen08,1315,"Bongcloud Attack"
2021.03.20,Szelag92,1437,AIR_roma,1448,"Bongcloud Attack"
2021.03.20,betans23,1588,Fantozzoso,1618,"Bongcloud Attack"
2021.03.20,ppppppxppppp,651,vicms,743,"Bongcloud Attack"
2021.03.20,commutator,1870,JockerVic,1830,"Bongcloud Attack"
2021.03.20,Mohammmed43211,1849,buckybadger23,1845,"Bongcloud Attack"
2021.03.20,Soraith,1626,a2461726,1504,"Bongcloud Attack"
2021.03.20,Syrup-101,914,Efex1,1029,"Bongcloud Attack"
2021.03.20,PeskyPigeon,1336,AhmedCastle,1329,"Bongcloud Attack"
2021.03.20,ZULUL_VI_VON,1387,moreya,1397,"Bongcloud Attack"
2021.03.20,DrAditya,1342,verfranzt,1329,"Bongcloud Attack"
2021.03.20,dav3199,2038,FookYou,1953,"Bongcloud Attack"
2021.03.20,mst06,938,stigen,902,"Bongcloud Attack"
2021.03.20,qfddrtzn7,1705,chirimolla,1681,"Bongcloud Attack"
2021.03.20,AllanK4rdec,1312,beylen1,1224,"Bongcloud Attack"
2021.03.20,zacsaccount_49,600,SGymme,682,"Bongcloud Attack"
2021.03.20,ZULUL_VI_VON,1423,Junckerlz,1395,"Bongcloud Attack"
2021.03.20,Sampuan1905,1060,zehra2010naz,1141,"Bongcloud Attack"
2021.03.20,ayberg,1299,nishant610,1239,"Bongcloud Attack"
2021.03.20,Dimitris503,1724,Bolias,1056,"Bongcloud Attack"
2021.03.20,Michel1089,1105,kemo_elgamed_gdn,1118,"Bongcloud Attack"
2021.03.20,hilfigertout,1359,itai70,1363,"Bongcloud Attack"
2021.03.20,Brad_chess06,1561,jtcs21,1507,"Bongcloud Attack"
2021.03.20,dav3199,2038,gureye,1996,"Bongcloud Attack"
2021.03.20,OliveiraNico,824,Tomathome,953,"Bongcloud Attack"
2021.03.20,Cola991,1727,Rishabh168,1671,"Bongcloud Attack"
2021.03.20,estefany97,2041,Monc,2037,"Bongcloud Attack"
2021.03.20,Nakagada,1406,Fred9466,1403,"Bongcloud Attack"
2021.03.20,midnight_moon,1175,zorglube,1179,"Bongcloud Attack"
2021.03.20,feszessavgerinc,1100,poulleepem,958,"Bongcloud Attack"
2021.03.20,feszessavgerinc,962,KaidosRem,930,"Bongcloud Attack"
2021.03.20,monstaber,1412,acv-05,1445,"Bongcloud Attack"
2021.03.20,acv-05,1445,monstaber,1413,"Bongcloud Attack"
2021.03.20,BloodyFox,2124,medhjai,2079,"Bongcloud Attack"
2021.03.20,Awesome_King888,1333,Dyprax,1332,"Bongcloud Attack"
2021.03.20,gepetro,1955,ACpantoja,2122,"Bongcloud Attack"
2021.03.20,NenadP90,1919,NiqueLeSnique,1941,"Bongcloud Attack"
2021.03.20,halfwatt1,945,FatEmma,962,"Bongcloud Attack"
2021.03.20,Junior_Boy,2173,MasterTenTen,2233,"Bongcloud Attack"
2021.03.20,Meetmdg,947,no9init,1034,"Bongcloud Attack"
2021.03.20,Stiltstiltstilts,2080,cavansit,2071,"Bongcloud Attack"
2021.03.20,BongcloudChallenge,1609,FatherSkillcam,1623,"Bongcloud Attack"
2021.03.20,hilfigertout,1359,Stonebeater,1309,"Bongcloud Attack"
2021.03.20,gaston5,1045,Corrado58,891,"Bongcloud Attack"
2021.03.20,lIlIllIlllIl,1233,Pjeter19,1247,"Bongcloud Attack"
2021.03.20,justmikes,920,jmuzy,991,"Bongcloud Attack"
2021.03.21,rochbr,869,MerkinMan,826,"Bongcloud Attack"
2021.03.21,Ohneotrix,1663,AdamJohnsonU15s,1685,"Bongcloud Attack"
2021.03.21,fatihhhtokgoz,984,Gingkob,985,"Bongcloud Attack"
2021.03.21,husseinhanafi1982,2116,ln1973,2155,"Bongcloud Attack"
2021.03.21,Marin_mc,1288,MongoMarvin,1317,"Bongcloud Attack"
2021.03.21,laserBeamSlim,1844,zubyno3030,1855,"Bongcloud Attack"
2021.03.21,RPGTips,791,itstenchy,866,"Bongcloud Attack"
2021.03.21,Mahoni87,1605,elias_D35,1686,"Bongcloud Attack"
2021.03.21,ieuanwalters,1395,Santana_Chess,1382,"Bongcloud Attack"
2021.03.21,Ojasdriller7,1277,Ormidborbulous,1226,"Bongcloud Attack"
2021.03.21,Hoonten,1643,vencha,1658,"Bongcloud Attack"
2021.03.21,MarcosBernardi,805,Mahya_Amnani152009,775,"Bongcloud Attack"
2021.03.21,manitra757,1693,jatintanwar,1625,"Bongcloud Attack"
2021.03.21,kutty181,1908,rrotwailer023,1814,"Bongcloud Attack"
2021.03.21,Stambox360,1777,Aiglevaste,1714,"Bongcloud Attack"
2021.03.21,Fraan42,953,Valerun,1072,"Bongcloud Attack"
2021.03.21,SheerLuck16,1716,ayhannnn,1702,"Bongcloud Attack"
2021.03.21,CumCloud,1500,abhinav279,1937,"Bongcloud Attack"
2021.03.21,Btheis2,1022,xadrezinhopohl,1014,"Bongcloud Attack"
2021.03.21,Sudhir37,1265,batubey92,1304,"Bongcloud Attack"
2021.03.21,Super_Nova_Cat,1710,Mahmoudsaad12345,1649,"Bongcloud Attack"
2021.03.21,Fatima_Pervaiz,600,vajithvimanthan,736,"Bongcloud Attack"
2021.03.21,kjvabang,1809,simdeaf,1802,"Bongcloud Attack"
2021.03.21,Ninja_hattor,2018,arun_chess,1894,"Bongcloud Attack"
2021.03.21,Ninja_hattor,1972,Paraspatil,1523,"Bongcloud Attack"
2021.03.21,Koundinya-1709,1611,mishafili,1500,"Bongcloud Attack"
2021.03.21,Ajulkl,971,Daddysfavourite,968,"Bongcloud Attack"
2021.03.21,fizmez,1479,ZaRahula,1462,"Bongcloud Attack"
2021.03.21,CanaryMelon,1691,Qw11,1694,"Bongcloud Attack"
2021.03.21,fizmez,1478,xMelek,1513,"Bongcloud Attack"
2021.03.21,Gudetamwa,1124,Felixjai,1162,"Bongcloud Attack"
2021.03.21,SHadiRf55,1511,castiglr,1588,"Bongcloud Attack"
2021.03.21,S3suK4,1565,Palko999,1618,"Bongcloud Attack"
2021.03.21,SteamedDoue,1161,Zahap,1135,"Bongcloud Attack"
2021.03.21,SteamedDoue,1155,ayerh,1179,"Bongcloud Attack"
2021.03.21,TuanMinh2009,1900,Almorina,1654,"Bongcloud Attack"
2021.03.21,Sreerookie,959,mallor1,857,"Bongcloud Attack"
2021.03.21,muhammadgunawan,1174,Eddiethenoob,1132,"Bongcloud Attack"
2021.03.21,Mehemmed4,1895,Alpaldemir,1906,"Bongcloud Attack"
2021.03.21,sokratesresmii,890,cernn,937,"Bongcloud Attack"
2021.03.21,Knights_Bishop,907,nursennnn,966,"Bongcloud Attack"
2021.03.21,EMCCHESS,1164,EmirKaya2010,1246,"Bongcloud Attack"
2021.03.21,NihilVEVO,700,bossetonium1,726,"Bongcloud Attack"
2021.03.21,Fyreflyy,1385,PrettyFlackoo,1387,"Bongcloud Attack"
2021.03.21,QaisaraSkpS,1451,Insulin5775,1126,"Bongcloud Attack"
2021.03.21,Utku_0101,1028,LeoNator63,1101,"Bongcloud Attack"
2021.03.21,ksevket,1490,da_genius,1481,"Bongcloud Attack"
2021.03.21,ksevket,1496,Undercover007,1506,"Bongcloud Attack"
2021.03.21,oietio,1378,jaisaluja,1381,"Bongcloud Attack"
2021.03.21,DanMS,1766,Sreeramgorthy,1763,"Bongcloud Attack"
2021.03.21,alallll,871,WoodyAlien,805,"Bongcloud Attack"
2021.03.21,LegkiyVeter,1500,kekssss,1126,"Bongcloud Attack"
2021.03.21,C0ochieman,1097,Fenofitia,1096,"Bongcloud Attack"
2021.03.21,C0ochieman,1079,Roland97,1071,"Bongcloud Attack"
2021.03.21,itsLucky17,1218,Jabalikibe,1203,"Bongcloud Attack"
2021.03.21,gulfRAWW,1458,rodierkidmann,1550,"Bongcloud Attack"
2021.03.21,Hatkekhel,1144,NazRod15,1188,"Bongcloud Attack"
2021.03.21,shurugwi,2042,abdulrahmanov,2085,"Bongcloud Attack"
2021.03.21,jeffrey246,1499,mohamad219,1511,"Bongcloud Attack"
2021.03.21,C9_Zippy,1043,saramajing,1053,"Bongcloud Attack"
2021.03.21,glitchy7,825,dj1438,854,"Bongcloud Attack"
2021.03.21,tae_egit_tobol,1511,itsreal1,1328,"Bongcloud Attack"
2021.03.21,HoangHuy1642006,1040,WordSmith123,1048,"Bongcloud Attack"
2021.03.21,C9_Zippy,1032,Alex18a,1147,"Bongcloud Attack"
2021.03.21,jancomiroslav9,1533,kwenaa,1618,"Bongcloud Attack"
2021.03.21,tchimed2016,2052,Vlad_chess_2420,2326,"Bongcloud Attack"
2021.03.21,deepakdawani06,1944,Disha_Patil_555,1563,"Bongcloud Attack"
2021.03.21,blindchess3000,1157,gautamsharma_iiser,1219,"Bongcloud Attack"
2021.03.21,XadreZer0,1577,vida,1570,"Bongcloud Attack"
2021.03.21,bogdan_ed,1248,JamesAaron,1210,"Bongcloud Attack"
2021.03.21,Barckas8,1103,paziusss,1184,"Bongcloud Attack"
2021.03.21,bernardoe,1858,hl-521981,1829,"Bongcloud Attack"
2021.03.21,Aregb1,1258,arnaudl,1315,"Bongcloud Attack"
2021.03.21,talkingfrog,1423,Sinys,1542,"Bongcloud Attack"
2021.03.21,HoangHuy1642006,1042,La_Resa_Siciliana,989,"Bongcloud Attack"
2021.03.21,sleepy_stitch,1186,david_katz,1207,"Bongcloud Attack"
2021.03.21,sleepy_stitch,1192,Clemens2907,1188,"Bongcloud Attack"
2021.03.21,sleepy_stitch,1186,Apo4642,1208,"Bongcloud Attack"
2021.03.21,msanii,1952,Nicolaqueo,1941,"Bongcloud Attack"
2021.03.21,theanishM,1816,Holger64,1767,"Bongcloud Attack"
2021.03.21,Fuzuli_1,713,ZB-miracAKKOC,818,"Bongcloud Attack"
2021.03.21,R1dge,1679,SingularityEscaping,1632,"Bongcloud Attack"
2021.03.21,iamacopyofsomeone,882,jomikijiq,927,"Bongcloud Attack"
2021.03.21,iam_borgov6,949,dasher02,1042,"Bongcloud Attack"
2021.03.21,Fuzuli_1,710,Anudi_Gamage,713,"Bongcloud Attack"
2021.03.21,Meric6132,1379,Omermercan,1226,"Bongcloud Attack"
2021.03.21,KingPieceBro,1501,Legendlion,1490,"Bongcloud Attack"
2021.03.21,Melangel,2231,Luc_plays_chess,2339,"Bongcloud Attack"
2021.03.21,Fraan42,953,yolier,911,"Bongcloud Attack"
2021.03.21,AmazingActor22,1503,Pratik_123,1545,"Bongcloud Attack"
2021.03.21,take_points,1769,bayrakke7,1047,"Bongcloud Attack"
2021.03.21,Eliot1972,1652,mixa800,1700,"Bongcloud Attack"
2021.03.21,whitewolk,1411,fishovski,1402,"Bongcloud Attack"
2021.03.21,Janhavi110407,1080,Chaniru_King,905,"Bongcloud Attack"
2021.03.21,Alex1992,1589,ntekal,1609,"Bongcloud Attack"
2021.03.21,Safrone07,1429,Szczepkoffski,1354,"Bongcloud Attack"
2021.03.21,Roadblock_m,870,soymarco,736,"Bongcloud Attack"
2021.03.21,Rijan_Bobby,1379,igo2115,1380,"Bongcloud Attack"
2021.03.21,Safrone07,1425,serifim,1496,"Bongcloud Attack"
2021.03.21,Peko_Peko_Peko,1274,Quicksilver08,1291,"Bongcloud Attack"
2021.03.21,Safrone07,1409,Pol1999,1383,"Bongcloud Attack"
2021.03.21,Peko_Peko_Peko,1280,Torgelauer,1284,"Bongcloud Attack"
2021.03.21,ghost432pred,1178,FrostyGosty,1057,"Bongcloud Attack"
2021.03.21,hghwyrbbr,1640,AndreyDaniyarov,1604,"Bongcloud Attack"
2021.03.21,Safrone07,1421,outerbound,1429,"Bongcloud Attack"
2021.03.21,Chinkogirl,1299,Filippo_Caironi,1289,"Bongcloud Attack"
2021.03.21,emir2560,627,Mo05,699,"Bongcloud Attack"
2021.03.21,Shivya3100,1730,kandarp11,879,"Bongcloud Attack"
2021.03.21,fivelidz,1233,youganjan_sarki,1301,"Bongcloud Attack"
2021.03.21,Lorian24,1653,vaibhav3792,1658,"Bongcloud Attack"
2021.03.21,KlimKordykov_20,881,Alik2011,945,"Bongcloud Attack"
2021.03.21,Piececontrol_J0NAS,1500,mirbart,1418,"Bongcloud Attack"
2021.03.21,QqYou,1002,SUNILPATEL5594,1059,"Bongcloud Attack"
2021.03.21,SupremeSJ,893,Skuttokova,1003,"Bongcloud Attack"
2021.03.21,Gudetamwa,1133,suestark,1148,"Bongcloud Attack"
2021.03.21,fivelidz,1237,izanvl,1194,"Bongcloud Attack"
2021.03.21,R1dge,1689,badder,1685,"Bongcloud Attack"
2021.03.21,stepladder,966,benzemachess,600,"Bongcloud Attack"
2021.03.21,Soraith,1548,younk212,1556,"Bongcloud Attack"
2021.03.21,kingdaves95,991,dovid72,1043,"Bongcloud Attack"
2021.03.21,Soraith,1507,younk212,1561,"Bongcloud Attack"
2021.03.21,cevdetk,1537,Julianschneider,1548,"Bongcloud Attack"
2021.03.21,lacrimosaa,1804,xGuvx,1809,"Bongcloud Attack"
2021.03.21,FelipeAurelio28,1425,Humelek,1388,"Bongcloud Attack"
2021.03.21,menugarden10,1041,sdroid74,1030,"Bongcloud Attack"
2021.03.21,Selimanedendougui,1136,Devrim77,1137,"Bongcloud Attack"
2021.03.21,cevdetk,1519,playchesswithme,1537,"Bongcloud Attack"
2021.03.21,Irasiad,1348,terita,1134,"Bongcloud Attack"
2021.03.21,maneet123,1170,Gruselandi,1104,"Bongcloud Attack"
2021.03.21,Micbien,1431,sumanworld,1446,"Bongcloud Attack"
2021.03.21,Meezo2008,1204,Andy619,1211,"Bongcloud Attack"
2021.03.21,mikearmz20,877,Maurice8,892,"Bongcloud Attack"
2021.03.21,cevdetk,1513,ANTONIO66,1502,"Bongcloud Attack"
2021.03.21,TraZe1337,1150,ilyi,1005,"Bongcloud Attack"
2021.03.21,CiversRuomo,1256,crisblknd,1328,"Bongcloud Attack"
2021.03.21,opek2,1414,oskarfur,1030,"Bongcloud Attack"
2021.03.21,FantaCup,1490,gunit42,1508,"Bongcloud Attack"
2021.03.21,userfirstxd,1689,Engineer14,1676,"Bongcloud Attack"
2021.03.21,Lucifers_Shire,1503,nf1200,1344,"Bongcloud Attack"
2021.03.21,Antino1221,1004,Elix-ivanov,1039,"Bongcloud Attack"
2021.03.21,Antino1221,983,emn3,953,"Bongcloud Attack"
2021.03.21,Antino1221,970,Dryster,986,"Bongcloud Attack"
2021.03.21,bharper00,1278,Bunkster,1340,"Bongcloud Attack"
2021.03.21,nulladekpeti,776,Snouwell,785,"Bongcloud Attack"
2021.03.21,MasterBest,1246,jsmithloveschess,1311,"Bongcloud Attack"
2021.03.21,DeadShoot60,806,Fankabanka,697,"Bongcloud Attack"
2021.03.21,cevdetk,1520,PIXELPIXEL0707,1601,"Bongcloud Attack"
2021.03.21,mhdshn,1560,Patiri,1590,"Bongcloud Attack"
2021.03.21,BertOriginal,1122,Cypr17,1089,"Bongcloud Attack"
2021.03.21,atanwiN,1822,Scooter2021,1887,"Bongcloud Attack"
2021.03.21,mhdshn,1549,ampiriq,1557,"Bongcloud Attack"
2021.03.21,Baris_elci,1099,charles_the_kid,1163,"Bongcloud Attack"
2021.03.21,BertOriginal,1121,BBB716,1238,"Bongcloud Attack"
2021.03.21,cevdetk,1506,xyz97118913,1448,"Bongcloud Attack"
2021.03.21,mhdshn,1544,andreatorre,1561,"Bongcloud Attack"
2021.03.21,BertOriginal,1129,Xando44_Akita,1010,"Bongcloud Attack"
2021.03.21,mhdshn,1533,Zogzi,1649,"Bongcloud Attack"
2021.03.21,notagm77,1170,BusinessDoctor,1176,"Bongcloud Attack"
2021.03.21,TimberNovice,1080,RMiao,1071,"Bongcloud Attack"
2021.03.21,husseinhanafi1982,2101,ALPHABETIC,2021,"Bongcloud Attack"
2021.03.21,Therealghislo,1170,JCMull,1168,"Bongcloud Attack"
2021.03.21,fivelidz,1247,penquen,1192,"Bongcloud Attack"
2021.03.21,BertOriginal,1133,farhadzare,1237,"Bongcloud Attack"
2021.03.21,kaspar_g,1094,Studguy,823,"Bongcloud Attack"
2021.03.21,augustobaa,788,teonedanya,840,"Bongcloud Attack"
2021.03.21,B-52Cropduster,945,Berta_Z,874,"Bongcloud Attack"
2021.03.21,BlueGoddess,917,Blomqvist6,988,"Bongcloud Attack"
2021.03.21,Yeyuss,1169,nameIsAlreadyTaken77,1147,"Bongcloud Attack"
2021.03.21,anish_11,1301,tuanabuse,1307,"Bongcloud Attack"
2021.03.21,damnikindadontcare,1288,DoubleKeychain,1275,"Bongcloud Attack"
2021.03.21,anish_11,1307,TomiokaSenp,1309,"Bongcloud Attack"
2021.03.21,damnikindadontcare,1301,Albert1997,1277,"Bongcloud Attack"
2021.03.21,B-52Cropduster,951,AniKoleva,1006,"Bongcloud Attack"
2021.03.21,CiversRuomo,1235,AnonymKing,1298,"Bongcloud Attack"
2021.03.21,NihilVEVO,748,ApostolMesias,743,"Bongcloud Attack"
2021.03.21,kraekk,2070,pedritog,2151,"Bongcloud Attack"
2021.03.21,B-52Cropduster,952,andreasalam,944,"Bongcloud Attack"
2021.03.21,IG_samjepan1,1828,onderch01,1868,"Bongcloud Attack"
2021.03.21,Gudetamwa,1137,Mehdiii1969,1099,"Bongcloud Attack"
2021.03.21,johnezequiel,1164,Cesar1959,1090,"Bongcloud Attack"
2021.03.21,speude,1414,ExcitedPawns,1578,"Bongcloud Attack"
2021.03.21,IG_samjepan1,1781,Dario-47,1722,"Bongcloud Attack"
2021.03.21,SahMatosevic,1351,Ulyssechess,1352,"Bongcloud Attack"
2021.03.21,Ben_Kanobii,940,BenDover00,921,"Bongcloud Attack"
2021.03.21,Ben_Kanobii,886,rumpl,936,"Bongcloud Attack"
2021.03.21,mohammadalizr1,1769,posteder21,1769,"Bongcloud Attack"
2021.03.21,Sreerookie,973,ArieMo,1070,"Bongcloud Attack"
2021.03.21,hardi2018,1849,hassansadki10,1817,"Bongcloud Attack"
2021.03.21,hardi2018,1855,B1L1,1664,"Bongcloud Attack"
2021.03.21,Fraan42,958,Aymancavani,955,"Bongcloud Attack"
2021.03.21,elcaballero_deHyo,1345,Qkb90y,1249,"Bongcloud Attack"
2021.03.22,jasonf7,1008,Jorge_Filius_Lunae,1012,"Bongcloud Attack"
2021.03.22,hilfigertout,1340,SmknChess,1301,"Bongcloud Attack"
2021.03.22,MSA_xadrez,1135,RajaBaladewa,1120,"Bongcloud Attack"
2021.03.22,hilfigertout,1351,onalA_paR,1354,"Bongcloud Attack"
2021.03.22,anish_11,1290,adabadman,1379,"Bongcloud Attack"
2021.03.22,DreamLich,1085,fraakaas,1067,"Bongcloud Attack"
2021.03.22,benChod,1793,hosseinnaseri,1815,"Bongcloud Attack"
2021.03.22,stepladder,972,kbkloveschess,1888,"Bongcloud Attack"
2021.03.22,rpostula27,717,RRuffner,654,"Bongcloud Attack"
2021.03.22,somxton,1216,Zeeera,1209,"Bongcloud Attack"
2021.03.22,Zeeera,1203,somxton,1222,"Bongcloud Attack"
2021.03.22,DhiyanP,1310,Shreyas0312,1635,"Bongcloud Attack"
2021.03.22,QaisaraSkpS,1486,Sultan_Zh,1340,"Bongcloud Attack"
2021.03.22,Vento_Aureo,1289,gena332,1272,"Bongcloud Attack"
2021.03.22,Vento_Aureo,1294,Anoymnuos,1277,"Bongcloud Attack"
2021.03.22,noobkiller1997,1305,frank1979,1298,"Bongcloud Attack"
2021.03.22,QaisaraSkpS,1444,gone_case,995,"Bongcloud Attack"
2021.03.22,QaisaraSkpS,1422,johnloydperdon,1094,"Bongcloud Attack"
2021.03.22,Aiden-gibb10,1349,saldzg01,1335,"Bongcloud Attack"
2021.03.22,qisgambit,1068,Diyalektik88,1043,"Bongcloud Attack"
2021.03.22,duchsvaty,1481,Mitko1310,1481,"Bongcloud Attack"
2021.03.22,Safrone07,1406,EngrKB06,1428,"Bongcloud Attack"
2021.03.22,Safrone07,1400,Messor,1456,"Bongcloud Attack"
2021.03.22,Sreerookie,976,gusmus,954,"Bongcloud Attack"
2021.03.22,matojka,1204,AdamT6928,1117,"Bongcloud Attack"
2021.03.22,LuckySurf,1419,Mr_Vovkin,1408,"Bongcloud Attack"
2021.03.22,himeshjain,1454,biqem_qemsiz,1464,"Bongcloud Attack"
2021.03.22,crushkongasijassy,1159,arabich,1165,"Bongcloud Attack"
2021.03.22,Safrone07,1427,abdellatif1,1454,"Bongcloud Attack"
2021.03.22,David0211,1696,Hustlemania22,1673,"Bongcloud Attack"
2021.03.22,Macks1111,1310,BlackJesus1,1327,"Bongcloud Attack"
2021.03.22,Chef_Is_Cooking,1774,Aksu_Berke,1169,"Bongcloud Attack"
2021.03.22,outergas,1128,jatingogoi,1909,"Bongcloud Attack"
2021.03.22,defnesen,933,CBM2013,929,"Bongcloud Attack"
2021.03.22,Hatkekhel,1132,ZGIULIO03,1185,"Bongcloud Attack"
2021.03.22,cevdetk,1511,Knewer,1595,"Bongcloud Attack"
2021.03.22,elifmioshki,1003,BerilB,1179,"Bongcloud Attack"
2021.03.22,cevdetk,1514,Knewer,1593,"Bongcloud Attack"
2021.03.22,Hatkekhel,1140,Lamono,1074,"Bongcloud Attack"
2021.03.22,jper9564,1277,ivanromeo,1646,"Bongcloud Attack"
2021.03.22,Leon1971,1063,raynerrayner,1121,"Bongcloud Attack"
2021.03.22,Safrone07,1436,matosmatos,1438,"Bongcloud Attack"
2021.03.22,Safrone07,1442,luxes11,1420,"Bongcloud Attack"
2021.03.22,Orynbay_Suleimen,1082,ZhailaubayMiras,1361,"Bongcloud Attack"
2021.03.22,fb21,1447,lawain123,1451,"Bongcloud Attack"
2021.03.22,VoidAtom,1169,Casio906,1243,"Bongcloud Attack"
2021.03.22,QqYou,992,yaaZZZ,1059,"Bongcloud Attack"
2021.03.22,Hatkekhel,1158,MatInsteadPat,1140,"Bongcloud Attack"
2021.03.22,sainiisback16,1162,Rated18,1176,"Bongcloud Attack"
2021.03.22,Boswell_Hamish,1591,Fisokuhle,1600,"Bongcloud Attack"
2021.03.22,cevdetk,1489,Asyanmaz,1511,"Bongcloud Attack"
2021.03.22,Zaimons,1253,beute4,1309,"Bongcloud Attack"
2021.03.22,Kaenng,1325,imroze27,1196,"Bongcloud Attack"
2021.03.22,Grandmaster0hAnsI,1106,W8forme,1048,"Bongcloud Attack"
2021.03.22,Hatkekhel,1156,Marat0206,1116,"Bongcloud Attack"
2021.03.22,David-Lugo-HD,991,bonnyloachaminHD,1496,"Bongcloud Attack"
2021.03.22,mhdshn,1540,panu,1584,"Bongcloud Attack"
2021.03.22,gosiaa560873,1146,BARTEK0206,1561,"Bongcloud Attack"
2021.03.22,Iampros,994,GazeLL03,1064,"Bongcloud Attack"
2021.03.22,Luisasandyy5muzobj,950,Fred24B57,1075,"Bongcloud Attack"
2021.03.22,ters21,1214,MrNader,1232,"Bongcloud Attack"
2021.03.22,parthdhingra,1298,SanskarSingh,1486,"Bongcloud Attack"
2021.03.22,Iampros,1008,frkslmn,1026,"Bongcloud Attack"
2021.03.22,QaisaraSkpS,1458,moh9999,1110,"Bongcloud Attack"
2021.03.22,QaisaraSkpS,1445,Miladys,1217,"Bongcloud Attack"
2021.03.22,DunnoWho,1582,mugulkoc,1610,"Bongcloud Attack"
2021.03.22,Iampros,1026,maydin84,1074,"Bongcloud Attack"
2021.03.22,dogggodd,1407,sir_dikko,1468,"Bongcloud Attack"
2021.03.22,matteoperna,1575,Noproblem474,1513,"Bongcloud Attack"
2021.03.22,fivelidz,1247,EdibleKaleidoscope,1272,"Bongcloud Attack"
2021.03.22,QaisaraSkpS,1405,monkeymaniac,1436,"Bongcloud Attack"
2021.03.22,Hatkekhel,1167,tahaselimince,1089,"Bongcloud Attack"
2021.03.22,artnz,1155,Doruksng,1122,"Bongcloud Attack"
2021.03.22,fivelidz,1237,Windstrider,1322,"Bongcloud Attack"
2021.03.22,VientoGris,1945,Fizuli55,2037,"Bongcloud Attack"
2021.03.22,VientoGris,1941,calin_nicoara,1915,"Bongcloud Attack"
2021.03.22,Azercabbarov45,1649,Supus,1126,"Bongcloud Attack"
2021.03.22,citamolla,1147,SanNitske,983,"Bongcloud Attack"
2021.03.22,natanp,2351,aaya9696,2264,"Bongcloud Attack"
2021.03.22,Unwantedbythe1,1623,ihabjarrar,1630,"Bongcloud Attack"
2021.03.22,SaturiSakaki,1158,CP1711,1192,"Bongcloud Attack"
2021.03.22,cevdetk,1498,couvao,1538,"Bongcloud Attack"
2021.03.22,cevdetk,1488,couvao,1548,"Bongcloud Attack"
2021.03.22,fivelidz,1238,Francisco_1582,1212,"Bongcloud Attack"
2021.03.22,akshay_joglekar,1786,Feliani,1817,"Bongcloud Attack"
2021.03.22,akshay_joglekar,1792,erprecisooo,1890,"Bongcloud Attack"
2021.03.22,cevdetk,1484,Chesstroyerr,1486,"Bongcloud Attack"
2021.03.22,xXisukatchessalotXx,1429,Marlo_Cyanovich,1023,"Bongcloud Attack"
2021.03.22,morenosantosa,1119,N02B,1098,"Bongcloud Attack"
2021.03.22,fivelidz,1239,torvalde,1213,"Bongcloud Attack"
2021.03.22,vale276,1340,Marti_C,1336,"Bongcloud Attack"
2021.03.22,morenosantosa,1125,ziru,1164,"Bongcloud Attack"
2021.03.22,Fraan42,953,Furkanuransoy,979,"Bongcloud Attack"
2021.03.22,FarelJ_072054,1145,skulldavn,906,"Bongcloud Attack"
2021.03.22,morenosantosa,1126,Bart_den_Hartog,1152,"Bongcloud Attack"
2021.03.22,MagnusUruguayo666,775,ozgurciftcu,757,"Bongcloud Attack"
2021.03.22,Preamsakthi,1724,Rishigayle,1896,"Bongcloud Attack"
2021.03.22,Rishigayle,1893,monalisa_sutar,1598,"Bongcloud Attack"
2021.03.22,KHAN11VENSTAR,1519,setiawanaf,1514,"Bongcloud Attack"
2021.03.22,svxft,1118,bongcloudhotbox,1232,"Bongcloud Attack"
2021.03.22,cevdetk,1456,barbie1234,1468,"Bongcloud Attack"
2021.03.22,Iampros,1021,riteshgogade,1055,"Bongcloud Attack"
2021.03.22,jaidenBlake_77,1521,GAHBOSS,1513,"Bongcloud Attack"
2021.03.22,maciek2008,1063,Severin123,1024,"Bongcloud Attack"
2021.03.22,Adiasxd,1266,lock1234,1474,"Bongcloud Attack"
2021.03.22,Jack_18,1376,fiel1234,1370,"Bongcloud Attack"
2021.03.22,maciek2008,888,eventhesungoesdown,812,"Bongcloud Attack"
2021.03.22,Chessplayer419,1055,Richard_A11,1052,"Bongcloud Attack"
2021.03.22,FineClimate,1843,STG45,1847,"Bongcloud Attack"
2021.03.22,FineClimate,1849,vi_que,1807,"Bongcloud Attack"
2021.03.22,BRUNODEITAPORANGA,1694,ptrtik,1709,"Bongcloud Attack"
2021.03.22,Jakskal,1760,JanJur,1248,"Bongcloud Attack"
2021.03.22,Jakskal,1812,JanJur,1217,"Bongcloud Attack"
2021.03.22,Jakskal,1843,JanJur,1198,"Bongcloud Attack"
2021.03.22,damnikindadontcare,1277,EndLouSinq,1215,"Bongcloud Attack"
2021.03.22,Zim_Zizimi,1208,mehmetkilcikk,1237,"Bongcloud Attack"
2021.03.22,msanii,1962,Coolruler,1900,"Bongcloud Attack"
2021.03.22,Steiger,2174,the_bongcloudbishop,1354,"Bongcloud Attack"
2021.03.22,NewbornSphinx,684,PerkySphinx,851,"Bongcloud Attack"
2021.03.22,DrFrankTestein,1299,Everaldocrvg,1232,"Bongcloud Attack"
2021.03.22,kord94,608,Nima_Mardaneh,1157,"Bongcloud Attack"
2021.03.22,UWC,873,WarriorPrince625,1567,"Bongcloud Attack"
2021.03.22,ipskier1,1010,bulbasauridis,986,"Bongcloud Attack"
2021.03.22,cevdetk,1460,DovBenDov,1445,"Bongcloud Attack"
2021.03.22,PhilidorZugzwang,1289,Piker33,1224,"Bongcloud Attack"
2021.03.22,bongcloudhotbox,1259,justhavingfun69,1278,"Bongcloud Attack"
2021.03.22,PhilidorZugzwang,1263,lescano,1265,"Bongcloud Attack"
2021.03.22,PragnayPrasad,867,narcosess626,723,"Bongcloud Attack"
2021.03.22,Yag-2009,989,ErvaYasar1,1106,"Bongcloud Attack"
2021.03.22,Hatkekhel,1172,EdorfMeis,1154,"Bongcloud Attack"
2021.03.22,redheadschinken,1629,BreadBox,1617,"Bongcloud Attack"
2021.03.22,hilfigertout,1347,LAUTES_DENKEN,1323,"Bongcloud Attack"
2021.03.22,Omkar_S_Kirane,1485,xhakee,1359,"Bongcloud Attack"
2021.03.22,Hatkekhel,1172,emelkc,1073,"Bongcloud Attack"
2021.03.22,s4kk,1929,BlueChess2020,1935,"Bongcloud Attack"
2021.03.22,grecol50,724,whitequeen30,731,"Bongcloud Attack"
2021.03.22,Yag-2009,985,Eymen_ama_Doruk,1159,"Bongcloud Attack"
2021.03.22,BobminiJr,929,JohnstonH,1065,"Bongcloud Attack"
2021.03.22,Omkar_S_Kirane,1485,bahaa_74,1407,"Bongcloud Attack"
2021.03.22,Omkar_S_Kirane,1490,waillalfaitore,1453,"Bongcloud Attack"
2021.03.22,Duda_law,1047,Aafarin,954,"Bongcloud Attack"
2021.03.22,jasonf7,1008,sanzho,927,"Bongcloud Attack"
2021.03.22,Yag-2009,986,ErvaYasar1,1124,"Bongcloud Attack"
2021.03.22,viellieb,1416,a3xloser,1496,"Bongcloud Attack"
2021.03.22,stefiluca,613,jamie629,1153,"Bongcloud Attack"
2021.03.22,BobDyrenforth318,1035,jacktroast,1299,"Bongcloud Attack"
2021.03.22,Yag-2009,987,BALESANCHEZ,1480,"Bongcloud Attack"
2021.03.22,SouthAfricanElephant,1798,Rmromeo,1623,"Bongcloud Attack"
2021.03.22,Fraan42,954,EdgarBQ,1064,"Bongcloud Attack"
2021.03.22,dorkmate,1479,mobin_sz,1478,"Bongcloud Attack"
2021.03.22,jasonf7,1018,gkitt80,1017,"Bongcloud Attack"
2021.03.22,jasonf7,1005,Evras77,999,"Bongcloud Attack"
2021.03.22,PhilidorZugzwang,1352,Brendan_Sakslund,1279,"Bongcloud Attack"
2021.03.22,A1723,1101,Ekke45,1160,"Bongcloud Attack"
2021.03.22,Eddie-Vega,1071,Smary_Ruiz,1061,"Bongcloud Attack"
2021.03.22,Will853,1862,Ich-lerne-es-nie,1771,"Bongcloud Attack"
2021.03.22,halachoo,956,Nihatchess,1107,"Bongcloud Attack"
2021.03.22,joaofermandes,1502,Softsam,1515,"Bongcloud Attack"
2021.03.22,Rick191177,1174,Odablam,1170,"Bongcloud Attack"
2021.03.22,NihilVEVO,737,jano68,800,"Bongcloud Attack"
2021.03.22,Chess-master20,1758,Carocas18,1799,"Bongcloud Attack"
2021.03.22,NihilVEVO,740,cristof015,600,"Bongcloud Attack"
2021.03.22,QTJW,1141,Benstopher,1123,"Bongcloud Attack"
2021.03.22,Emmick,1164,lePetitFrancais,1100,"Bongcloud Attack"
2021.03.22,pirscher,1940,sharingan54,678,"Bongcloud Attack"
2021.03.22,x___Si___x,1104,mhmod5217226,1143,"Bongcloud Attack"
2021.03.22,snophi,1202,Rantnhnaketon,1319,"Bongcloud Attack"
2021.03.22,Rantnhnaketon,1317,anglemelik,1365,"Bongcloud Attack"
2021.03.22,NihilVEVO,749,ChessnutGrandMaster,907,"Bongcloud Attack"
2021.03.22,x___Si___x,1074,Jonyches,1142,"Bongcloud Attack"
2021.03.22,zer0micron,1879,abozx,1890,"Bongcloud Attack"
2021.03.22,cevdetk,1440,HkonaMatata,1441,"Bongcloud Attack"
2021.03.22,cevdetk,1451,Aolr24,1424,"Bongcloud Attack"
2021.03.22,Aidan_Phan,1070,dubschloss,921,"Bongcloud Attack"
2021.03.22,BongcloudChallenge,1626,Danlexander,1621,"Bongcloud Attack"
2021.03.22,michael-paltaybamba,1070,SALAS_JOSE_CHESS,1095,"Bongcloud Attack"
2021.03.22,BongcloudChallenge,1613,mmuru,1599,"Bongcloud Attack"
2021.03.22,BongcloudChallenge,1598,Klocek1234,1617,"Bongcloud Attack"
2021.03.22,Canadian_eh44,1970,khailinh,2013,"Bongcloud Attack"
2021.03.22,BongcloudChallenge,1560,citybellero,1581,"Bongcloud Attack"
2021.03.22,MatadePalma,1905,carrancudo,1885,"Bongcloud Attack"
2021.03.22,Sreerookie,1027,rachit95arora,968,"Bongcloud Attack"
2021.03.22,TimetoCarryBro,1989,tedster,2026,"Bongcloud Attack"
2021.03.22,dopesmoker78,1131,Brais_3,1191,"Bongcloud Attack"
2021.03.22,jasonf7,1006,bigboyriffs,894,"Bongcloud Attack"
2021.03.22,tetoprime,1324,alisantorunoglu,1033,"Bongcloud Attack"
2021.03.22,rpostula27,734,geomiyav,808,"Bongcloud Attack"
2021.03.22,heffah,1393,ploopy07,1380,"Bongcloud Attack"
2021.03.22,JaK_88,2536,Quillotamaster,2558,"Bongcloud Attack"
2021.03.22,Peko_Peko_Peko,1268,Satanom,1269,"Bongcloud Attack"
2021.03.22,Canadian_eh44,1967,khailinh,2018,"Bongcloud Attack"
2021.03.22,anish_11,1309,jinhaworld,1266,"Bongcloud Attack"
2021.03.22,deportugo29,1637,hasumad,1613,"Bongcloud Attack"
2021.03.23,anish_11,1302,Antip777,1322,"Bongcloud Attack"
2021.03.23,GreenDDT,1116,Duliludi,1276,"Bongcloud Attack"
2021.03.23,Peko_Peko_Peko,1268,Satanom,1269,"Bongcloud Attack"
2021.03.23,GreenDDT,1055,Inius,1042,"Bongcloud Attack"
2021.03.23,Sreerookie,1032,Alejandro_Ticona,933,"Bongcloud Attack"
2021.03.23,hilfigertout,1334,onalA_paR,1364,"Bongcloud Attack"
2021.03.23,QaisaraSkpS,1367,JM_0,1366,"Bongcloud Attack"
2021.03.23,LittleGirl_Adele2008,1442,rigo2095,1471,"Bongcloud Attack"
2021.03.23,sunnychess87,895,ahlpro,800,"Bongcloud Attack"
2021.03.23,TrickzThenTradeM8,1351,melan4ik,1432,"Bongcloud Attack"
2021.03.23,QaisaraSkpS,1361,onalA_paR,1369,"Bongcloud Attack"
2021.03.23,Flyrium,1542,maatiaasgt22,1546,"Bongcloud Attack"
2021.03.23,Clementea016,1498,AgustinD93,1295,"Bongcloud Attack"
2021.03.23,Cian_Malabanan,835,Xime753,863,"Bongcloud Attack"
2021.03.23,IzzAflahWar,1500,Jasmatash,1377,"Bongcloud Attack"
2021.03.23,CascidaYT,1357,Indiana_Jones1984,1274,"Bongcloud Attack"
2021.03.23,Dusty1611,1418,RodrigoMuller,1375,"Bongcloud Attack"
2021.03.23,AlperAkbulut,1341,ChessNinja123,1419,"Bongcloud Attack"
2021.03.23,stconlon,1433,docko23,1479,"Bongcloud Attack"
2021.03.23,stconlon,1427,fenix12y,1375,"Bongcloud Attack"
2021.03.23,ThePatron27,1500,fab7,1500,"Bongcloud Attack"
2021.03.23,seymour_haque9,1550,enzohhm,1564,"Bongcloud Attack"
2021.03.23,rpostula27,768,tmill95,760,"Bongcloud Attack"
2021.03.23,stconlon,1425,ROZIQIN14,1434,"Bongcloud Attack"
2021.03.23,marvaleouseek,1084,marianoorozco007,1115,"Bongcloud Attack"
2021.03.23,Rileyuwu,1130,elroy_berdahl,1204,"Bongcloud Attack"
2021.03.23,francois888,1897,cssarmiento33,1901,"Bongcloud Attack"
2021.03.23,bertliu,1142,maxa12345,1138,"Bongcloud Attack"
2021.03.23,israelnuevayork,915,SkyFromMinecraft,887,"Bongcloud Attack"
2021.03.23,SkyFromMinecraft,888,israelnuevayork,914,"Bongcloud Attack"
2021.03.23,lIlIllIlllIl,1292,EuphoricMilk,1243,"Bongcloud Attack"
2021.03.23,israelnuevayork,920,Jedguillena,1011,"Bongcloud Attack"
2021.03.23,lIlIllIlllIl,1286,ManuMorales70,1364,"Bongcloud Attack"
2021.03.23,Mudangi_I,2000,RomanAr2006,2113,"Bongcloud Attack"
2021.03.23,SeeMeBlunder,1707,DangDangDang,1674,"Bongcloud Attack"
2021.03.23,awzaq,1062,kahux,1035,"Bongcloud Attack"
2021.03.23,MaryanaRo,1303,janleibnitz,1340,"Bongcloud Attack"
2021.03.23,SovietRaven,1600,jr_06,1618,"Bongcloud Attack"
2021.03.23,Knights_Bishop,934,NimaKhaz,867,"Bongcloud Attack"
2021.03.23,tylersteele42,1048,stastochka,1094,"Bongcloud Attack"
2021.03.23,GGFinn,1274,akamustafaa,1342,"Bongcloud Attack"
2021.03.23,blazedbro420,942,denner289,1024,"Bongcloud Attack"
2021.03.23,mapichar,1403,Lordans14,1461,"Bongcloud Attack"
2021.03.23,Sreerookie,1028,Bowling_Ben,1048,"Bongcloud Attack"
2021.03.23,Cheehien306-FAN,1419,ConcernedForest,1518,"Bongcloud Attack"
2021.03.23,Cheehien306-FAN,1350,RAJ204,1362,"Bongcloud Attack"
2021.03.23,Cheehien306-FAN,1256,Titan-Beta,1186,"Bongcloud Attack"
2021.03.23,sudarrshan0220,1520,Koundinya-1709,1631,"Bongcloud Attack"
2021.03.23,Koundinya-1709,1624,sudarrshan0220,1528,"Bongcloud Attack"
2021.03.23,magzybogues255241,2097,victormynaev,1802,"Bongcloud Attack"
2021.03.23,jiyaparekh,1173,PrathamRajdev,1450,"Bongcloud Attack"
2021.03.23,bongcloudingginger,1045,anlmkk,1054,"Bongcloud Attack"
2021.03.23,magzybogues255241,2096,abcxyz1234,1770,"Bongcloud Attack"
2021.03.23,theanishM,1806,WAPWAPWAP,1790,"Bongcloud Attack"
2021.03.23,Dilekhira,1238,NehiridilAka7,1164,"Bongcloud Attack"
2021.03.23,furkanbuyukdag,1220,gustaws,1192,"Bongcloud Attack"
2021.03.23,shadowwalker007,1525,jagman1399,1429,"Bongcloud Attack"
2021.03.23,lejoz,728,Spo1ondogache,706,"Bongcloud Attack"
2021.03.23,Hatkekhel,1174,mobra7,1162,"Bongcloud Attack"
2021.03.23,bicibici17,1047,Ali_Erden,901,"Bongcloud Attack"
2021.03.23,leloubard,1535,nehavarshaa,1636,"Bongcloud Attack"
2021.03.23,Lamsterdam,1267,Simoelele,1315,"Bongcloud Attack"
2021.03.23,t0mbstone,1709,Gary2115,1747,"Bongcloud Attack"
2021.03.23,Super_Nova_Cat,1713,Bhandari_Pradeep,1818,"Bongcloud Attack"
2021.03.23,blazedbro420,942,Jurriaan-S,806,"Bongcloud Attack"
2021.03.23,sudarrshan0220,1524,NWOeliteoccult,1582,"Bongcloud Attack"
2021.03.23,Muhammad_Akmal,1195,Levy-Dovy_Rozman,1320,"Bongcloud Attack"
2021.03.23,blazedbro420,946,onurmusaoglu,986,"Bongcloud Attack"
2021.03.23,Luca49453,1500,reza_heravi48,1655,"Bongcloud Attack"
2021.03.23,nausikhya16,1067,ContactWaitOut,1030,"Bongcloud Attack"
2021.03.23,Sreerookie,1029,MABO101,1041,"Bongcloud Attack"
2021.03.23,NightLion7,1552,ebasher058,1494,"Bongcloud Attack"
2021.03.23,Koundinya-1709,1628,Gnana1980,1649,"Bongcloud Attack"
2021.03.23,cevdetk,1467,Karim568695,1588,"Bongcloud Attack"
2021.03.23,fb21,1457,Tarek-99,1584,"Bongcloud Attack"
2021.03.23,Maraver,1525,MUHTEREM65,1479,"Bongcloud Attack"
2021.03.23,Maraver,1530,wedjmin,1510,"Bongcloud Attack"
2021.03.23,dizzyknight97,1688,Elxan19802,1673,"Bongcloud Attack"
2021.03.23,Hyouka03,1485,paleologovo,1494,"Bongcloud Attack"
2021.03.23,andreKoppel,1768,murad602,1728,"Bongcloud Attack"
2021.03.23,bruno12303,1130,lowver,1702,"Bongcloud Attack"
2021.03.23,gajdlasz,1345,Mabanzy,1353,"Bongcloud Attack"
2021.03.23,JakeBK,1302,MRCHEZ,1299,"Bongcloud Attack"
2021.03.23,diegonk96,2133,roberto_carlo,2158,"Bongcloud Attack"
2021.03.23,Shankarbarked,1076,Teodor_26,1098,"Bongcloud Attack"
2021.03.23,mcsalad,822,EmilioAsencios,1428,"Bongcloud Attack"
2021.03.23,MysteriousToU,1048,nawab_nazar,1170,"Bongcloud Attack"
2021.03.23,Neptunchess,1370,NiccoFo,1340,"Bongcloud Attack"
2021.03.23,hilfigertout,1334,ashotkir,1378,"Bongcloud Attack"
2021.03.23,Djuff,1143,walter33White,1249,"Bongcloud Attack"
2021.03.23,Ironkhan,1511,Tacy07,1302,"Bongcloud Attack"
2021.03.23,ndychess,1572,saeed19952275,1525,"Bongcloud Attack"
2021.03.23,constipationlord199,985,gokhansinem,1043,"Bongcloud Attack"
2021.03.23,commutator,1861,Kaboclo,1876,"Bongcloud Attack"
2021.03.23,b0ogyman,1567,Orospeda,1621,"Bongcloud Attack"
2021.03.23,vaykeyey,1227,Ansarbek,1280,"Bongcloud Attack"
2021.03.23,b0ogyman,1557,Juan_Antonio13,1547,"Bongcloud Attack"
2021.03.23,Silmans_Lehrling,1792,Amran4ik,1783,"Bongcloud Attack"
2021.03.23,Silmans_Lehrling,1792,blablapitput,1754,"Bongcloud Attack"
2021.03.23,b0ogyman,1538,notcoolnickname,1511,"Bongcloud Attack"
2021.03.23,Sreerookie,1046,Ibragimov_Suleyiman,1092,"Bongcloud Attack"
2021.03.23,zer0micron,1887,GHERARDPEREA,1943,"Bongcloud Attack"
2021.03.23,b0ogyman,1504,JMI33,1488,"Bongcloud Attack"
2021.03.23,Guillaume3006,1160,Mattyzed,1136,"Bongcloud Attack"
2021.03.23,ndychess,1563,Tagaimurat,1456,"Bongcloud Attack"
2021.03.23,AlexanderRook,909,next90,978,"Bongcloud Attack"
2021.03.23,NihilVEVO,753,finstables,1025,"Bongcloud Attack"
2021.03.23,ndychess,1555,reni_8029,1500,"Bongcloud Attack"
2021.03.23,joaofermandes,1489,scandisk07,1552,"Bongcloud Attack"
2021.03.23,ksevket,1488,AldornSOM,1491,"Bongcloud Attack"
2021.03.23,ksevket,1494,PedroKing,1476,"Bongcloud Attack"
2021.03.23,Cheehien306-FAN,1197,Teigrekpe,1276,"Bongcloud Attack"
2021.03.23,NihilVEVO,761,HaartieeTRUE,755,"Bongcloud Attack"
2021.03.23,ksevket,1483,Litelpig,1483,"Bongcloud Attack"
2021.03.23,dominatormark1,1168,SantiVicalvaro,1207,"Bongcloud Attack"
2021.03.23,yagasha,1076,kjoule11,1069,"Bongcloud Attack"
2021.03.23,TheBlockOfSky,1499,marko_the_human,1619,"Bongcloud Attack"
2021.03.23,SeventeenMinutes,1601,deltaepsan,1628,"Bongcloud Attack"
2021.03.23,dominatormark1,1128,parasharpragya28,1103,"Bongcloud Attack"
2021.03.23,Fraan42,934,Ojciec-Mateusz,848,"Bongcloud Attack"
2021.03.23,Meetmdg,845,cazzogrosso33,944,"Bongcloud Attack"
2021.03.23,Meetmdg,819,ikamtvare,800,"Bongcloud Attack"
2021.03.23,D2theKey,600,bramban,644,"Bongcloud Attack"
2021.03.23,commutator,1868,kanpov,1862,"Bongcloud Attack"
2021.03.23,ksevket,1496,Ender23,1484,"Bongcloud Attack"
2021.03.23,ksevket,1502,Abed5,1574,"Bongcloud Attack"
2021.03.23,dominatormark1,1074,DT0001,1125,"Bongcloud Attack"
2021.03.23,vanston,1434,domoyongdaisy,1401,"Bongcloud Attack"
2021.03.23,tiberiustanescu,1649,Abantu,1634,"Bongcloud Attack"
2021.03.23,Bogyo0523,2283,ODMagic,2170,"Bongcloud Attack"
2021.03.23,ZombiKiller,1205,omarromero,1131,"Bongcloud Attack"
2021.03.23,Nurbol_23_10,2291,shakeeenzo,2343,"Bongcloud Attack"
2021.03.23,israelnuevayork,912,HoodleDude,995,"Bongcloud Attack"
2021.03.23,AbhijeetGore,1771,igd,1712,"Bongcloud Attack"
2021.03.23,cevdetk,1461,liamd266,1473,"Bongcloud Attack"
2021.03.23,sirchrismorales,1030,talbertini,973,"Bongcloud Attack"
2021.03.23,Joemark_Matutina16,1486,Magnusborslid12345,1142,"Bongcloud Attack"
2021.03.23,Mezzeror,1874,nigdevi,1892,"Bongcloud Attack"
2021.03.23,NKoreaFanboy,650,chewychew,1661,"Bongcloud Attack"
2021.03.23,DmitryShostakovich,1217,LxChess16,1178,"Bongcloud Attack"
2021.03.23,NKoreaFanboy,660,Gans_Bishkek312,1852,"Bongcloud Attack"
2021.03.23,SphamandlaTheCaptian,1609,CKOTOBOT,1597,"Bongcloud Attack"
2021.03.23,johnfken,1500,phamkhanh,1455,"Bongcloud Attack"
2021.03.23,cevdetk,1462,verdeyen,1464,"Bongcloud Attack"
2021.03.23,DeathStart,1807,keopss,1753,"Bongcloud Attack"
2021.03.23,GramCyning,650,zyhou,680,"Bongcloud Attack"
2021.03.23,NKoreaFanboy,676,yassine_benidir,1534,"Bongcloud Attack"
2021.03.23,Juliocib1,1582,b0z065,1569,"Bongcloud Attack"
2021.03.23,watermonkey009,2140,chess_vinayak,2120,"Bongcloud Attack"
2021.03.23,abhishek634,1918,tcsog1986,1911,"Bongcloud Attack"
2021.03.23,jasonf7,1007,artur2108,914,"Bongcloud Attack"
2021.03.23,iosonocane,1482,nopouv,1503,"Bongcloud Attack"
2021.03.23,iosonocane,1489,Steel_Rat_21,1456,"Bongcloud Attack"
2021.03.23,SuperBadPlayer00,876,ZeratulPianist,945,"Bongcloud Attack"
2021.03.23,Simoff,1043,ELBLANCH,1810,"Bongcloud Attack"
2021.03.23,Abhiram_SS,1131,Unumu,1076,"Bongcloud Attack"
2021.03.23,Abhiram_SS,1119,EHawkk,1025,"Bongcloud Attack"
2021.03.23,tarekjrd,1790,mwafakalhaswa,2039,"Bongcloud Attack"
2021.03.23,jcrb,2260,ricvel,2319,"Bongcloud Attack"
2021.03.23,sitianamis,1735,Knight_352,1682,"Bongcloud Attack"
2021.03.23,GregorxD,2062,Marc-Aurel,2046,"Bongcloud Attack"
2021.03.23,anish_11,1319,Hesamoddinemardane4,1306,"Bongcloud Attack"
2021.03.23,anish_11,1313,darkoceans,1345,"Bongcloud Attack"
2021.03.23,Micklovin,1473,chidijp,1473,"Bongcloud Attack"
2021.03.23,chessforchest,985,gale9ma,916,"Bongcloud Attack"
2021.03.23,journeyto1000,1098,Paowow,1090,"Bongcloud Attack"
2021.03.23,journeyto1000,855,mmhilal,875,"Bongcloud Attack"
2021.03.23,Staras06,1598,TXS,1489,"Bongcloud Attack"
2021.03.23,cevdetk,1469,lyoute,1407,"Bongcloud Attack"
2021.03.23,wararasil,1444,Pierre-2020,1452,"Bongcloud Attack"
2021.03.23,holy-are-you,1617,anto1959,1562,"Bongcloud Attack"
2021.03.23,amedeo88,1333,samuel_tchaicka,1331,"Bongcloud Attack"
2021.03.23,ToughDog,1018,KinglyGeologist,1303,"Bongcloud Attack"
2021.03.23,x___Si___x,1059,fransiss,1176,"Bongcloud Attack"
2021.03.23,cevdetk,1480,dayojimoh,1508,"Bongcloud Attack"
2021.03.23,wilgeobleas,630,CamilaHG,792,"Bongcloud Attack"
2021.03.23,hardi2018,1861,achoukri1,1773,"Bongcloud Attack"
2021.03.23,cevdetk,1500,TomJBentley,1567,"Bongcloud Attack"
2021.03.23,matkavt,2021,arya77,1932,"Bongcloud Attack"
2021.03.23,Giorgos_aigio1,1387,michelecola1982,1370,"Bongcloud Attack"
2021.03.23,Adan988,1147,Foxtrot_November,1264,"Bongcloud Attack"
2021.03.23,x___Si___x,1040,tenisvermelho,1295,"Bongcloud Attack"
2021.03.23,p1mbs,1656,Snaden,1649,"Bongcloud Attack"
2021.03.23,anish_11,1306,Danttezx,1313,"Bongcloud Attack"
2021.03.23,SmokingBongCloud,1027,Intentygur8,986,"Bongcloud Attack"
2021.03.23,Natalia-Gonzales-V,1105,abdulla964,998,"Bongcloud Attack"
2021.03.23,pizio69,1884,GlaucoBarbosa,1853,"Bongcloud Attack"
2021.03.23,IronDaoist,1277,Jabnel,1210,"Bongcloud Attack"
2021.03.23,SmokingBongCloud,1037,IxeG,1111,"Bongcloud Attack"
2021.03.23,SlytherinSnape,2384,fantozzi,2516,"Bongcloud Attack"
2021.03.23,SlytherinSnape,2392,sotirakis,2421,"Bongcloud Attack"
2021.03.23,pleutristan,1477,Edupsi,1459,"Bongcloud Attack"
2021.03.23,MarckelChess,1631,vitorlima53,2405,"Bongcloud Attack"
2021.03.23,MarckelChess,1631,tqrn2707,1257,"Bongcloud Attack"
2021.03.23,hilfigertout,1365,SmknChess,1349,"Bongcloud Attack"
2021.03.23,CharmingAquamarine,1052,ThoughtfulGreen,1943,"Bongcloud Attack"
2021.03.23,teste2093039i24,807,becky_gb,876,"Bongcloud Attack"
2021.03.23,Redpicca,1625,Diegopn,1662,"Bongcloud Attack"
2021.03.24,cgnsvncn,1363,lalocomotora92,1274,"Bongcloud Attack"
2021.03.24,savagetilotus,1500,JBHInfinity,1585,"Bongcloud Attack"
2021.03.24,davidtalley7,1451,mc2144,1440,"Bongcloud Attack"
2021.03.24,Andres1979,1347,waynewideopenTD,1335,"Bongcloud Attack"
2021.03.24,waynewideopenTD,1342,Andres1979,1341,"Bongcloud Attack"
2021.03.24,PawLow44,1741,hakanclkrs,1757,"Bongcloud Attack"
2021.03.24,napatodo_75,2076,Philline,1781,"Bongcloud Attack"
2021.03.24,anish_11,1312,ElReyzZ,1312,"Bongcloud Attack"
2021.03.24,Sreerookie,1033,Jorge_Filius_Lunae,994,"Bongcloud Attack"
2021.03.24,ArbustoLS,1500,tackim,1515,"Bongcloud Attack"
2021.03.24,Phocus_Psd,912,edu_nav26,939,"Bongcloud Attack"
2021.03.24,srednicki,1500,Aditya2402,1552,"Bongcloud Attack"
2021.03.24,Puredevil,1410,XGiann14,1455,"Bongcloud Attack"
2021.03.24,dannyd91851,1240,chonu,1342,"Bongcloud Attack"
2021.03.24,kgekgekge,1411,AlexanderYershov46,1351,"Bongcloud Attack"
2021.03.24,BishopzGambit,869,m8_fran,895,"Bongcloud Attack"
2021.03.24,marcos_cach,600,PalitoMZ,739,"Bongcloud Attack"
2021.03.24,Sreerookie,1027,adityaachary99,1106,"Bongcloud Attack"
2021.03.24,Grigolon,1006,Rahat2,1021,"Bongcloud Attack"
2021.03.24,mahek_004,1718,bedranakcal,1840,"Bongcloud Attack"
2021.03.24,anish_11,1302,Esquilinho,1311,"Bongcloud Attack"
2021.03.24,akmalk,983,Okosan043,855,"Bongcloud Attack"
2021.03.24,zainfrostfire,1022,GanCi_skrinja,1195,"Bongcloud Attack"
2021.03.24,anish_11,1302,I600_OR_BUST,1272,"Bongcloud Attack"
2021.03.24,john5000,1810,enigmacode,1802,"Bongcloud Attack"
2021.03.24,Flixebaxen,1862,Akselito,1544,"Bongcloud Attack"
2021.03.24,AcidCreator,1801,AP1977,1887,"Bongcloud Attack"
2021.03.24,Neadekvat,1959,motezaaa,1939,"Bongcloud Attack"
2021.03.24,vimlendra,1485,chesslearner01,1510,"Bongcloud Attack"
2021.03.24,RAION7,992,lumos1090,1088,"Bongcloud Attack"
2021.03.24,yonatan_n,1131,AndroSmith1,1111,"Bongcloud Attack"
2021.03.24,Mia_Lee,937,scarlettrqm,1262,"Bongcloud Attack"
2021.03.24,Emcupe,1534,all_piest,1522,"Bongcloud Attack"
2021.03.24,clownpusher2,877,janrohrer,775,"Bongcloud Attack"
2021.03.24,kamil96PL,1074,Lamb1,1105,"Bongcloud Attack"
2021.03.24,sneeezzz,1596,James_05,1557,"Bongcloud Attack"
2021.03.24,Hatkekhel,1173,Muninsan,1183,"Bongcloud Attack"
2021.03.24,Hatkekhel,1168,DMikhailRW,1164,"Bongcloud Attack"
2021.03.24,Sreerookie,1034,Mukanbet,1024,"Bongcloud Attack"
2021.03.24,Purrrrrrrple-p0pe,1675,jersonsabogal17,1668,"Bongcloud Attack"
2021.03.24,Mezmezmezz,1406,Deniz_09,1390,"Bongcloud Attack"
2021.03.24,ssvik,1000,TimShip02,1037,"Bongcloud Attack"
2021.03.24,KarthikeyaPrasad,1185,Nandanemani,1216,"Bongcloud Attack"
2021.03.24,s0rren,1281,TraktorKaare,1379,"Bongcloud Attack"
2021.03.24,DerpyPugx,1916,Kaan_the_Great,1943,"Bongcloud Attack"
2021.03.24,MTR2020,1321,ferhatbill,1320,"Bongcloud Attack"
2021.03.24,MTR2020,1321,Elvinho,1433,"Bongcloud Attack"
2021.03.24,Solo008,1090,Syrrl,1144,"Bongcloud Attack"
2021.03.24,debangsh12,873,Meister17777,875,"Bongcloud Attack"
2021.03.24,Leon1971,1061,harshv07,1077,"Bongcloud Attack"
2021.03.24,Ray-Anurag,1143,JoshuaArias,1096,"Bongcloud Attack"
2021.03.24,matxu,1013,Archiexz,920,"Bongcloud Attack"
2021.03.24,MJLHThomassen,1299,corsonovo,1315,"Bongcloud Attack"
2021.03.24,KewlWhip,1035,Niels5931,1036,"Bongcloud Attack"
2021.03.24,albinos91,789,Lauzinho,820,"Bongcloud Attack"
2021.03.24,asikjgokdnjgndnuj,1796,enoughforus1,1792,"Bongcloud Attack"
2021.03.24,kingprawn8,1360,egeakyol04,1433,"Bongcloud Attack"
2021.03.24,cevdetk,1514,ChrFlo,1571,"Bongcloud Attack"
2021.03.24,crokthrower,1218,Moine,1220,"Bongcloud Attack"
2021.03.24,Hatkekhel,1169,Hamdidjamel28000,1231,"Bongcloud Attack"
2021.03.24,hilfigertout,1358,lord_2,1390,"Bongcloud Attack"
2021.03.24,Sreerookie,1052,BlingBlingWongDong,1172,"Bongcloud Attack"
2021.03.24,NihilVEVO,761,Kang_jualan_es,850,"Bongcloud Attack"
2021.03.24,play_chill,1149,Wintark,1160,"Bongcloud Attack"
2021.03.24,TheyCloseTheWindow,1379,VahidLachinov,1352,"Bongcloud Attack"
2021.03.24,TheyCloseTheWindow,1366,gonzalomcacho,1340,"Bongcloud Attack"
2021.03.24,TheyCloseTheWindow,1360,poki21,1345,"Bongcloud Attack"
2021.03.24,TheyCloseTheWindow,1325,fabri_kasparov-94,1313,"Bongcloud Attack"
2021.03.24,NihilVEVO,762,danimgc,893,"Bongcloud Attack"
2021.03.24,TheyCloseTheWindow,1314,fabri_kasparov-94,1325,"Bongcloud Attack"
2021.03.24,Sreerookie,1060,KARETWARTEG,1009,"Bongcloud Attack"
2021.03.24,BDAxz,686,THE_SNAKE12,672,"Bongcloud Attack"
2021.03.24,JohnnyBongcloud,1273,Pouyash,1258,"Bongcloud Attack"
2021.03.24,dimio79,1463,karr3891,1440,"Bongcloud Attack"
2021.03.24,NihilVEVO,766,isaacpromise,864,"Bongcloud Attack"
2021.03.24,NihilVEVO,752,bob_flanagan,815,"Bongcloud Attack"
2021.03.24,Jabalikibe,1188,aryandhokate,1180,"Bongcloud Attack"
2021.03.24,NihilVEVO,748,JoeDeAn,722,"Bongcloud Attack"
2021.03.24,PNSWinner,1700,Ali747474,1649,"Bongcloud Attack"
2021.03.24,BongcloudChallenge,1562,darlikpm97,1545,"Bongcloud Attack"
2021.03.24,asikjgokdnjgndnuj,1815,foxcatcher,1850,"Bongcloud Attack"
2021.03.24,yousufnoob,1329,STERNSTUFF,1622,"Bongcloud Attack"
2021.03.24,etabeta52,1562,MexicanMF,1713,"Bongcloud Attack"
2021.03.24,asikjgokdnjgndnuj,1816,foxcatcher,1849,"Bongcloud Attack"
2021.03.24,JohnnyBongcloud,1297,hmira,1257,"Bongcloud Attack"
2021.03.24,Ashdt,932,gtrosclair2,713,"Bongcloud Attack"
2021.03.24,Muzakkiew,1399,smaff,1328,"Bongcloud Attack"
2021.03.24,happyidiot1,1849,ORIONXYZ,1169,"Bongcloud Attack"
2021.03.24,zofka,1007,JAKWRZO83,1458,"Bongcloud Attack"
2021.03.24,happyidiot1,1849,Hchequer,1206,"Bongcloud Attack"
2021.03.24,asikjgokdnjgndnuj,1829,foxcatcher,1837,"Bongcloud Attack"
2021.03.24,asikjgokdnjgndnuj,1830,foxcatcher,1837,"Bongcloud Attack"
2021.03.24,ulosttome,1265,godspeed10,1358,"Bongcloud Attack"
2021.03.24,OBAz30,2091,Rain_Wave,2075,"Bongcloud Attack"
2021.03.24,asikjgokdnjgndnuj,1824,foxcatcher,1843,"Bongcloud Attack"
2021.03.24,Number7598271,1239,ddk1,1366,"Bongcloud Attack"
2021.03.24,Meruem007,892,P3i14,792,"Bongcloud Attack"
2021.03.24,ulosttome,1253,Yukiroo,1269,"Bongcloud Attack"
2021.03.24,asikjgokdnjgndnuj,1808,AmirAli-20-20,1850,"Bongcloud Attack"
2021.03.24,Meruem007,902,Beatneals,929,"Bongcloud Attack"
2021.03.24,slg407,985,MrBoulababa,924,"Bongcloud Attack"
2021.03.24,jakubbandura2020,1539,PineappleJuice,1549,"Bongcloud Attack"
2021.03.24,Micklovin,1463,Roiberth,1446,"Bongcloud Attack"
2021.03.24,ulosttome,1248,harun245,1248,"Bongcloud Attack"
2021.03.24,jakubbandura2020,1534,akikochan,1581,"Bongcloud Attack"
2021.03.24,Marushkevich_Nikita,1780,matvei20032008,1673,"Bongcloud Attack"
2021.03.24,Sadaweya,1228,Vmraov,1392,"Bongcloud Attack"
2021.03.24,Llllllilllilililil,866,IvanTaran,968,"Bongcloud Attack"
2021.03.24,HikaruNakamuraBot,1929,Champian64BIg,2211,"Bongcloud Attack"
2021.03.24,BMWe34,1262,amolemangale,1198,"Bongcloud Attack"
2021.03.24,cevdetk,1521,maxitz21,1602,"Bongcloud Attack"
2021.03.24,Sandosh1,1820,Ershov_BY,1790,"Bongcloud Attack"
2021.03.24,jasonf7,1011,M_avsarchess,1010,"Bongcloud Attack"
2021.03.24,Sarcastacles,1078,lalhooo,1170,"Bongcloud Attack"
2021.03.24,IWILLBELIEVE,1951,Nico2406-sf_G,1919,"Bongcloud Attack"
2021.03.24,EequalsMe,1564,Fpe21,1588,"Bongcloud Attack"
2021.03.24,Regina090615,1064,Sergio-Kender,1603,"Bongcloud Attack"
2021.03.24,baf82,1485,VacheHar,1326,"Bongcloud Attack"
2021.03.24,JoaoGabrielMarques,1451,KiloVodki,1449,"Bongcloud Attack"
2021.03.24,ksevket,1515,Aras_Neuce_Kzlck,1490,"Bongcloud Attack"
2021.03.24,Adidubey_8N,800,DarkKnight070,1238,"Bongcloud Attack"
2021.03.24,ksevket,1504,Steak_And_Ale_Pie,1526,"Bongcloud Attack"
2021.03.24,comilonydormilon,1056,Gluscon,1113,"Bongcloud Attack"
2021.03.24,msanii,1983,Maghembo,1982,"Bongcloud Attack"
2021.03.24,orestis93,1707,Bongcloud-Only,1782,"Bongcloud Attack"
2021.03.24,ksevket,1487,Guzzy,1503,"Bongcloud Attack"
2021.03.24,msanii,1991,Maghembo,1985,"Bongcloud Attack"
2021.03.24,ulosttome,1255,corwinb,1266,"Bongcloud Attack"
2021.03.24,TheBlockOfSky,1510,paperedip,1440,"Bongcloud Attack"
2021.03.24,pintimilyoner,1099,SoyNovaT0,1084,"Bongcloud Attack"
2021.03.24,Hercules160,909,Bach2138,725,"Bongcloud Attack"
2021.03.24,DagiMaLagi,1001,Naspy,996,"Bongcloud Attack"
2021.03.24,Naspy,996,DagiMaLagi,1001,"Bongcloud Attack"
2021.03.24,cared13,1237,Felix_Duarte,1230,"Bongcloud Attack"
2021.03.24,holy-are-you,1644,kral73,1560,"Bongcloud Attack"
2021.03.24,JohnnyBongcloud,1345,Ganster33,1418,"Bongcloud Attack"
2021.03.24,paradoxclocks,1293,Olanari,1371,"Bongcloud Attack"
2021.03.24,NKoreaFanboy,684,WhyWhyWhyWhymaybe,631,"Bongcloud Attack"
2021.03.24,cared13,1245,Abooose,1171,"Bongcloud Attack"
2021.03.24,schumi1817,1613,mrstanglmeier,1057,"Bongcloud Attack"
2021.03.24,m3200player,1642,renas13,1771,"Bongcloud Attack"
2021.03.24,paulreed2014,1755,aronreich,1738,"Bongcloud Attack"
2021.03.24,hgetrnd,640,Regina0,609,"Bongcloud Attack"
2021.03.24,mrstanglmeier,1056,schumi1817,1614,"Bongcloud Attack"
2021.03.24,JohnnyBongcloud,1359,nutritioner,1385,"Bongcloud Attack"
2021.03.24,ChecKyle,1481,Xalhulbad,1409,"Bongcloud Attack"
2021.03.24,schumi1817,1614,mrstanglmeier,1055,"Bongcloud Attack"
2021.03.24,Vento_Aureo,1264,cbbezerk,1200,"Bongcloud Attack"
2021.03.24,Gabriel_Goncalves,970,Ricardopolo2018,1662,"Bongcloud Attack"
2021.03.24,Lan-BAKA,1184,Neskbuda,1169,"Bongcloud Attack"
2021.03.24,cevdetk,1494,sm2859,1615,"Bongcloud Attack"
2021.03.24,Ralexander,1917,ZKH_73,1936,"Bongcloud Attack"
2021.03.24,wikii,1862,takimi12,1856,"Bongcloud Attack"
2021.03.24,wikii,1868,nurkan1978tr,1850,"Bongcloud Attack"
2021.03.24,wikii,1867,grebre0,1884,"Bongcloud Attack"
2021.03.24,widzy,975,dokterbruinbeer,985,"Bongcloud Attack"
2021.03.24,liphn10,768,srhetdrfhsrf,804,"Bongcloud Attack"
2021.03.24,liphn10,723,alexivonych,831,"Bongcloud Attack"
2021.03.24,Djuff,1111,addyPAL,1148,"Bongcloud Attack"
2021.03.24,johnjohnjohnson,1628,mehrshad716,1580,"Bongcloud Attack"
2021.03.24,surat04,1238,Magno0509,1262,"Bongcloud Attack"
2021.03.24,JoseGilberto,730,Mi_x,712,"Bongcloud Attack"
2021.03.24,FoxxLi,1173,dtbgrmslk,1099,"Bongcloud Attack"
2021.03.24,jacobox902,1324,mostafafares,997,"Bongcloud Attack"
2021.03.24,Godoftoast,1262,shanto90,1322,"Bongcloud Attack"
2021.03.24,SheerLuck16,1684,Fischer-Lives,1676,"Bongcloud Attack"
2021.03.24,Gabrielxxxxxx,1378,Imparis5,1384,"Bongcloud Attack"
2021.03.24,TheGermanDiplomat,1495,fasd7984,1553,"Bongcloud Attack"
2021.03.24,chimexi42,1045,d_a_r_k_c_h_e_s_s,1114,"Bongcloud Attack"
2021.03.24,saranate,800,carolamaria,1004,"Bongcloud Attack"
2021.03.24,romariorios,866,SirBinnington,867,"Bongcloud Attack"
2021.03.24,Spagat-Sack,986,NotInTheFace,1015,"Bongcloud Attack"
2021.03.24,destroyerK0,1185,ladragona,1124,"Bongcloud Attack"
2021.03.24,jasonf7,1017,BornToDestroyJakob,928,"Bongcloud Attack"
2021.03.25,snappycz,1393,MarFez,1476,"Bongcloud Attack"
2021.03.25,fritz_knueller,1128,diese_tise,1088,"Bongcloud Attack"
2021.03.25,anl221,904,TOMATITOBABY,880,"Bongcloud Attack"
2021.03.25,meggamind10000,1114,Wyote,1186,"Bongcloud Attack"
2021.03.25,MrKooshaJ,2428,Ali_rastbod,2572,"Bongcloud Attack"
2021.03.25,iToWyd0nha,1509,uttack,1556,"Bongcloud Attack"
2021.03.25,meltedteeth1048,1489,Grypon,1572,"Bongcloud Attack"
2021.03.25,AndAyz,1139,Knoeppv69,1151,"Bongcloud Attack"
2021.03.25,poucobit,916,Eiontiru,962,"Bongcloud Attack"
2021.03.25,lamestudentprime,911,movio,907,"Bongcloud Attack"
2021.03.25,Vento_Aureo,1265,big_boss75,1235,"Bongcloud Attack"
2021.03.25,Vento_Aureo,1259,wukong03,1273,"Bongcloud Attack"
2021.03.25,Knights_Bishop,949,Ziki803,795,"Bongcloud Attack"
2021.03.25,Hatkekhel,1159,Bolbol67,1194,"Bongcloud Attack"
2021.03.25,Spagat-Sack,777,Tsukainan,882,"Bongcloud Attack"
2021.03.25,Spagat-Sack,769,chanshya,664,"Bongcloud Attack"
2021.03.25,Spagat-Sack,745,chanshya,679,"Bongcloud Attack"
2021.03.25,Spagat-Sack,734,Juanca09,847,"Bongcloud Attack"
2021.03.25,Spagat-Sack,726,liplip53,893,"Bongcloud Attack"
2021.03.25,Spagat-Sack,723,overcastzombie,639,"Bongcloud Attack"
2021.03.25,Sreerookie,1052,ragaey722,1032,"Bongcloud Attack"
2021.03.25,Jacobnvr,1094,Wak1n,1530,"Bongcloud Attack"
2021.03.25,AcainAlexander,1850,deanmaragay,1736,"Bongcloud Attack"
2021.03.25,Jacobnvr,1171,JasonFT,1725,"Bongcloud Attack"
2021.03.25,rwbiddy,1484,tejarya,1485,"Bongcloud Attack"
2021.03.25,TomMaroney,1565,Lesber-Quintero,1615,"Bongcloud Attack"
2021.03.25,barleymo,1902,drumdr,1872,"Bongcloud Attack"
2021.03.25,ajmyth,1043,ArtemShiba95,1135,"Bongcloud Attack"
2021.03.25,windandrain3,1266,SJ1988,1321,"Bongcloud Attack"
2021.03.25,dooge46,1722,mang_mamat,1747,"Bongcloud Attack"
2021.03.25,Hiarley12d,853,raaghavan,770,"Bongcloud Attack"
2021.03.25,bongclouddraw,1390,Alexander_No,1503,"Bongcloud Attack"
2021.03.25,bongclouddraw,1386,Kees_seek,1381,"Bongcloud Attack"
2021.03.25,bongclouddraw,1392,Robobox,1404,"Bongcloud Attack"
2021.03.25,Lumoshi,1208,ab4849,1180,"Bongcloud Attack"
2021.03.25,SmokingBongCloud,1029,Facon0622,1046,"Bongcloud Attack"
2021.03.25,smallblind,1885,Ravshan2,1923,"Bongcloud Attack"
2021.03.25,Shinchan99,1188,vinodbhaskaran,1372,"Bongcloud Attack"
2021.03.25,Bloodes1234e,1324,JOJO03,1353,"Bongcloud Attack"
2021.03.25,iouri1703,1075,Feriste,1126,"Bongcloud Attack"
2021.03.25,Shinchan99,1005,amihalkov33,1084,"Bongcloud Attack"
2021.03.25,Shinchan99,969,vahid0011,1023,"Bongcloud Attack"
2021.03.25,Shinchan99,895,samurai12345,843,"Bongcloud Attack"
2021.03.25,Action_Kamen99,807,jaimeruubio,899,"Bongcloud Attack"
2021.03.25,Shinchan99,793,Vox44,912,"Bongcloud Attack"
2021.03.25,misha_zts,2077,FELIMACA,2197,"Bongcloud Attack"
2021.03.25,Drakkalf,1450,yassi8,1438,"Bongcloud Attack"
2021.03.25,VD_Moladiya,1324,Ajaysonwani45,1329,"Bongcloud Attack"
2021.03.25,EgeKayaoglu64,1454,pancher999,1439,"Bongcloud Attack"
2021.03.25,caganmetin07,848,Hekki09,841,"Bongcloud Attack"
2021.03.25,SmokingBongCloud,1040,Yapiyau,1024,"Bongcloud Attack"
2021.03.25,caganmetin07,816,BlitzSSKrieg,919,"Bongcloud Attack"
2021.03.25,CHESS_YouTube_Coach,1083,kasmlol,1179,"Bongcloud Attack"
2021.03.25,Luca1993,1626,uzhaningo,1627,"Bongcloud Attack"
2021.03.25,Sreerookie,1064,sdking69,1060,"Bongcloud Attack"
2021.03.25,CHESS_YouTube_Coach,922,pablodsf12,949,"Bongcloud Attack"
2021.03.25,vanesa2007,1025,Bogdan-Tatar,1023,"Bongcloud Attack"
2021.03.25,RAHUL567,1585,hossein_fathizade,1593,"Bongcloud Attack"
2021.03.25,D2theKey,600,TeeCo,703,"Bongcloud Attack"
2021.03.25,CHESS_YouTube_Coach,850,Ana_bolik,744,"Bongcloud Attack"
2021.03.25,markepik,2070,JoshKabMuso,2067,"Bongcloud Attack"
2021.03.25,eidriht,1525,uravelli,1530,"Bongcloud Attack"
2021.03.25,Rtahock93,975,Gram81,979,"Bongcloud Attack"
2021.03.25,Super_Nova_Cat,1658,Gryzbu1,1636,"Bongcloud Attack"
2021.03.25,Super_Nova_Cat,1669,Thejdi,1702,"Bongcloud Attack"
2021.03.25,Super_Nova_Cat,1675,Khaled_shaaban,1554,"Bongcloud Attack"
2021.03.25,maltecer,1112,prometheus39,1068,"Bongcloud Attack"
2021.03.25,OsgovsMe,1439,Misheel_101,1483,"Bongcloud Attack"
2021.03.25,jurriandegraaf,1593,AdityaJayini,1685,"Bongcloud Attack"
2021.03.25,OsgovsMe,1434,sandymisra,1501,"Bongcloud Attack"
2021.03.25,gonzalofernandez2a,1494,tahamezmen,1490,"Bongcloud Attack"
2021.03.25,Xx_patrik_xX,1081,Roge777,1604,"Bongcloud Attack"
2021.03.25,AlieneMariage,849,BobbyMcGee85,853,"Bongcloud Attack"
2021.03.25,cevdetk,1495,Grajito_x,1497,"Bongcloud Attack"
2021.03.25,Super_Nova_Cat,1693,ahmmetay,1717,"Bongcloud Attack"
2021.03.25,Super_Nova_Cat,1688,petrfantikov,1734,"Bongcloud Attack"
2021.03.25,Super_Nova_Cat,1683,JacoR,1635,"Bongcloud Attack"
2021.03.25,childhoodceremony,1106,ExhaustedLight,1123,"Bongcloud Attack"
2021.03.25,gajdlasz,1392,shahsahila17,1356,"Bongcloud Attack"
2021.03.25,Drunken_Rook,1793,ralphfarah,1807,"Bongcloud Attack"
2021.03.25,childhoodceremony,1125,Ehsansharyatiii,1118,"Bongcloud Attack"
2021.03.25,l3ard,798,Chedyy2001,841,"Bongcloud Attack"
2021.03.25,Alchemist18,1359,hadipaziresh,1292,"Bongcloud Attack"
2021.03.25,jcrb,2290,Alembong,2421,"Bongcloud Attack"
2021.03.25,childhoodceremony,1116,vivekgs,1153,"Bongcloud Attack"
2021.03.25,Super_Nova_Cat,1700,Jo_Long,1699,"Bongcloud Attack"
2021.03.25,Fortniteburger69,944,kfda,859,"Bongcloud Attack"
2021.03.25,Fortniteburger69,925,lionesdark,854,"Bongcloud Attack"
2021.03.25,Fortniteburger69,907,lionesdark,868,"Bongcloud Attack"
2021.03.25,Sreerookie,1059,WestChess94,1026,"Bongcloud Attack"
2021.03.25,Hitman_13,1792,LooserNoob,1411,"Bongcloud Attack"
2021.03.25,vaivim_minatoconfia,1500,Rbaena63,1364,"Bongcloud Attack"
2021.03.25,BijayanRay-1729,1383,Tomppu,1321,"Bongcloud Attack"
2021.03.25,C12C12C12,1963,CmonManEasy,1964,"Bongcloud Attack"
2021.03.25,Cikijing,1981,chanos_chanos,1819,"Bongcloud Attack"
2021.03.25,JAGER_ch,1249,Ale-97,1612,"Bongcloud Attack"
2021.03.25,hasiefroslan,936,Leela_sree,800,"Bongcloud Attack"
2021.03.25,tomaczakwladyslawao,1381,jakubowskiwojciechao,1006,"Bongcloud Attack"
2021.03.25,marshall_ad,1176,sergi2710,1225,"Bongcloud Attack"
2021.03.25,OneLoveBE,1941,twheen,1944,"Bongcloud Attack"
2021.03.25,Super_Nova_Cat,1705,c4fire,1833,"Bongcloud Attack"
2021.03.25,OneLoveBE,1853,RustamKz,1798,"Bongcloud Attack"
2021.03.25,hilfigertout,1408,Bergs,1349,"Bongcloud Attack"
2021.03.25,johnemar14,1724,brunokrams,1713,"Bongcloud Attack"
2021.03.25,GGOSinon,1375,Schleee,1330,"Bongcloud Attack"
2021.03.25,NKoreaFanboy,663,Samaelll,626,"Bongcloud Attack"
2021.03.25,hilfigertout,1408,barischess31,1159,"Bongcloud Attack"
2021.03.25,NKoreaFanboy,670,carstonfriedman,721,"Bongcloud Attack"
2021.03.25,jsjeshrgw,1500,Prbr,1720,"Bongcloud Attack"
2021.03.25,hilfigertout,1415,Senshii,1416,"Bongcloud Attack"
2021.03.25,NAVIchess,1717,MajorWarren,1783,"Bongcloud Attack"
2021.03.25,cevdetk,1503,Arminnoori,1525,"Bongcloud Attack"
2021.03.25,OmarAGouda,1844,San1706,1825,"Bongcloud Attack"
2021.03.25,cevdetk,1504,turhan666,1582,"Bongcloud Attack"
2021.03.25,PabloCastell,685,acxla,688,"Bongcloud Attack"
2021.03.25,cevdetk,1514,kingammar44,1561,"Bongcloud Attack"
2021.03.25,Anastasis_A,677,kamran23,762,"Bongcloud Attack"
2021.03.25,su6ar,1277,ChessNoob1985,1315,"Bongcloud Attack"
2021.03.25,destroyerK0,1178,alpasrinc,1096,"Bongcloud Attack"
2021.03.25,davidtalley7,1445,farouqq,1400,"Bongcloud Attack"
2021.03.25,Maxforcewithchicken,1190,RishS1234,1600,"Bongcloud Attack"
2021.03.25,su6ar,1286,rob_a_17,1320,"Bongcloud Attack"
2021.03.25,ulosttome,1267,machony,1261,"Bongcloud Attack"
2021.03.25,Aleksandr_1k,1402,yassine0628,1446,"Bongcloud Attack"
2021.03.25,ulosttome,1269,MyMoon67,1283,"Bongcloud Attack"
2021.03.25,ulosttome,1264,Jan-S,1276,"Bongcloud Attack"
2021.03.25,G_P_456_r,1385,CarmenCastillo,1869,"Bongcloud Attack"
2021.03.25,noobsauce132,1460,cubitrebol,2232,"Bongcloud Attack"
2021.03.25,ulosttome,1285,kris172,1392,"Bongcloud Attack"
2021.03.25,carlofeller,1425,hamid_n_64,1439,"Bongcloud Attack"
2021.03.25,CarefulImpala,1227,FireScourge,1234,"Bongcloud Attack"
2021.03.25,ksevket,1462,PeaceP,1473,"Bongcloud Attack"
2021.03.25,noobsauce132,1460,Isacc15,1741,"Bongcloud Attack"
2021.03.25,carlofeller,1437,UpTheHee,1440,"Bongcloud Attack"
2021.03.25,mrtalhas,1124,aayushyatiwari,1064,"Bongcloud Attack"
2021.03.25,JohnnyBongcloud,1388,Murl123,1394,"Bongcloud Attack"
2021.03.25,KEN_BOG,907,Barsamanya1988,1024,"Bongcloud Attack"
2021.03.25,KEN_BOG,932,AlexisCj,948,"Bongcloud Attack"
2021.03.25,Miltonbasto082,1276,Miguel3006,1343,"Bongcloud Attack"
2021.03.25,KEN_BOG,962,bozukcar,851,"Bongcloud Attack"
2021.03.25,ulosttome,1292,isaaccal,1219,"Bongcloud Attack"
2021.03.25,VD_Moladiya,1338,alleno2500,1305,"Bongcloud Attack"
2021.03.25,Leonardo3333,1634,quet123,1686,"Bongcloud Attack"
2021.03.25,sebaintro,797,matte07,1355,"Bongcloud Attack"
2021.03.25,ksevket,1456,Aleksandr_Porfirof,1469,"Bongcloud Attack"
2021.03.25,Jasiel_lucas56,1020,brigand2lamisere,972,"Bongcloud Attack"
2021.03.25,ksevket,1444,Sukh466,1449,"Bongcloud Attack"
2021.03.25,Parthpp,1502,vladimi76,1519,"Bongcloud Attack"
2021.03.25,Shchadilov_Vsevolod,1520,alexazevs,1414,"Bongcloud Attack"
2021.03.25,Turan2010rrr,792,ilkinkarimov,1620,"Bongcloud Attack"
2021.03.25,AlexanderRook,1023,n1x303,1030,"Bongcloud Attack"
2021.03.25,AlexanderRook,1023,haktann,1044,"Bongcloud Attack"
2021.03.25,GramCyning,691,Aecpessoa,846,"Bongcloud Attack"
2021.03.25,Talal786,1671,Alexendr35,1671,"Bongcloud Attack"
2021.03.25,Shchadilov_Vsevolod,1522,Emilija12,883,"Bongcloud Attack"
2021.03.25,Abhijit_12298,1862,lubokoc,1879,"Bongcloud Attack"
2021.03.25,MyNameIsHK,771,jamiegins,796,"Bongcloud Attack"
2021.03.25,MyNameIsHK,766,kralciplak34,784,"Bongcloud Attack"
2021.03.25,aposos,1533,PuffPuffEnPassant,1550,"Bongcloud Attack"
2021.03.25,hilfigertout,1417,tame5,1414,"Bongcloud Attack"
2021.03.25,anish_11,1304,Cypherx,1317,"Bongcloud Attack"
2021.03.25,Shchadilov_Vsevolod,1523,hazykoala,1225,"Bongcloud Attack"
2021.03.25,ChessGuard123,1365,Heerkan,1488,"Bongcloud Attack"
2021.03.25,VientoGris,1946,Nazeri1234,2010,"Bongcloud Attack"
2021.03.25,Xnonymuos,1088,mindc0re,1101,"Bongcloud Attack"
2021.03.25,Shchadilov_Vsevolod,1528,LeoSpir,1355,"Bongcloud Attack"
2021.03.25,VientoGris,1937,Nazeri1234,2019,"Bongcloud Attack"
2021.03.25,cevdetk,1521,bickeelz,1567,"Bongcloud Attack"
2021.03.25,Jhanver2,1675,jorgemartinz,1650,"Bongcloud Attack"
2021.03.25,neup,766,Calimero90,739,"Bongcloud Attack"
2021.03.25,anish_11,1316,punisher05,1325,"Bongcloud Attack"
2021.03.25,kenobiwanobi,1191,bennet91,1173,"Bongcloud Attack"
2021.03.25,AndAyz,1143,AdamantiumChess,1195,"Bongcloud Attack"
2021.03.25,m3200player,1620,blitzz401,1601,"Bongcloud Attack"
2021.03.25,karim901,1055,TheCheeseGrater247,1205,"Bongcloud Attack"
2021.03.25,ADHDavid,1520,pacodechess,1513,"Bongcloud Attack"
2021.03.25,HealingFerret,793,PlusMusician,781,"Bongcloud Attack"
2021.03.25,BlissfulSpider,905,IntrepidLeopard,959,"Bongcloud Attack"
2021.03.25,AppetentGerbil,1122,AmatoryPanda,1030,"Bongcloud Attack"
2021.03.25,thiswayplease,1506,viciva,1507,"Bongcloud Attack"
2021.03.25,D-dead,1270,Bicio97,1268,"Bongcloud Attack"
2021.03.25,Deisuke,1095,ismav8178,1478,"Bongcloud Attack"
2021.03.25,SirRabbitMc,973,Helembara,1821,"Bongcloud Attack"
2021.03.25,Electron19,1337,Khaliloffs,1341,"Bongcloud Attack"
2021.03.25,cevdetk,1496,grrrrrrr_r,1448,"Bongcloud Attack"
2021.03.25,justhavingfun69,1264,knauermi,1226,"Bongcloud Attack"
2021.03.25,Dalmi61,1253,Juan_perucho1,1221,"Bongcloud Attack"
2021.03.25,marshelopinto,639,Matt23h07w,667,"Bongcloud Attack"
2021.03.25,cirno_baka9,842,Davidess,884,"Bongcloud Attack"
2021.03.25,KingOfDisboard,1626,behnam2109,1619,"Bongcloud Attack"
2021.03.25,anish_11,1316,BayCoban,1319,"Bongcloud Attack"
2021.03.25,spicyplatypus,2102,josepmiquel,2081,"Bongcloud Attack"
2021.03.25,asikjgokdnjgndnuj,1815,Vizob,1829,"Bongcloud Attack"
2021.03.25,Diego117,1519,bzc2000,1649,"Bongcloud Attack"
2021.03.25,JaydenStarz2001,1039,SaulGodman,915,"Bongcloud Attack"
2021.03.25,jasonf7,1035,JML65,1020,"Bongcloud Attack"
2021.03.25,tasty_borgar,1466,Leito-MT,1527,"Bongcloud Attack"
2021.03.25,tasty_borgar,1456,OnlySorrow,1562,"Bongcloud Attack"
2021.03.25,leethompson,1168,ilkin_mirbesirov,1109,"Bongcloud Attack"
2021.03.25,anish_11,1310,ssmete,1279,"Bongcloud Attack"
2021.03.25,omaraljohni,1907,DEEPSMOKE,1824,"Bongcloud Attack"
2021.03.25,Halim05,1528,Sanjartm,1527,"Bongcloud Attack"
2021.03.25,emuwillliam,780,MacPuddin,899,"Bongcloud Attack"
2021.03.25,omaraljohni,1916,DEEPSMOKE,1816,"Bongcloud Attack"
2021.03.25,adri_dcdm,1187,Yaibas,1203,"Bongcloud Attack"
2021.03.25,adri_dcdm,1183,Pedrico,1096,"Bongcloud Attack"
2021.03.25,hekva,1238,troymurphy,1225,"Bongcloud Attack"
2021.03.25,Bitcoin14,1391,Josue1804,1355,"Bongcloud Attack"
2021.03.25,MrTuide,1665,eyadxl,1710,"Bongcloud Attack"
2021.03.25,Mega314,1135,mustaffa50,1147,"Bongcloud Attack"
2021.03.25,KingOfDisboard,1635,Obrizzo,1651,"Bongcloud Attack"
2021.03.25,Midothejoker,1565,Micheller,1549,"Bongcloud Attack"
2021.03.25,DaniloFortunato,960,haaris1425,1017,"Bongcloud Attack"
2021.03.25,benChod,1762,asimbasha,1801,"Bongcloud Attack"
2021.03.25,cared13,1239,wpisznazwe,1231,"Bongcloud Attack"
2021.03.26,cared13,1222,Met271157,1225,"Bongcloud Attack"
2021.03.26,Knights_Bishop,952,veyselerenozturk,1025,"Bongcloud Attack"
2021.03.26,RaphaelCarlsen,1460,elcaballero_deHyo,1454,"Bongcloud Attack"
2021.03.26,anish_11,1303,crackhoe,1320,"Bongcloud Attack"
2021.03.26,chappiegappie,1499,Perriyeah,1573,"Bongcloud Attack"
2021.03.26,Theonlyshikky,1036,Demoniako27,1037,"Bongcloud Attack"
2021.03.26,SPEEDRUNPEE,729,Erlangga977,850,"Bongcloud Attack"
2021.03.26,RaphaelCarlsen,1440,markl42,1423,"Bongcloud Attack"
2021.03.26,lamestudentprime,939,RaphaelWeinstein,1013,"Bongcloud Attack"
2021.03.26,RaphaelCarlsen,1441,betopascua,1424,"Bongcloud Attack"
2021.03.26,lamestudentprime,929,RaphaelWeinstein,1023,"Bongcloud Attack"
2021.03.26,konkeydongg,886,Ze_do_Bode,857,"Bongcloud Attack"
2021.03.26,Emptylife,1465,pouyaforfun,1509,"Bongcloud Attack"
2021.03.26,chess_shire_cat,1179,Rushabh,1166,"Bongcloud Attack"
2021.03.26,Jaime_Lerio,1512,Ilian_Navarro,1852,"Bongcloud Attack"
2021.03.26,KizilTongco,967,Carlos_ROA,1059,"Bongcloud Attack"
2021.03.26,Jaime_Lerio,1601,JudeReyna,1391,"Bongcloud Attack"
2021.03.26,RaphaelCarlsen,1486,Profesor_Steven,1522,"Bongcloud Attack"
2021.03.26,Xuansz,1377,BongcloudCrabwalker,1371,"Bongcloud Attack"
2021.03.26,Ferd67,1518,Capitalist_Killer,1511,"Bongcloud Attack"
2021.03.26,robaksnipe,907,Vivilito2,856,"Bongcloud Attack"
2021.03.26,lukeagp,1440,SP1R4L1F3,1456,"Bongcloud Attack"
2021.03.26,DWheeler,1238,reecharr,1267,"Bongcloud Attack"
2021.03.26,Ferd67,1538,AfdhalMr,1543,"Bongcloud Attack"
2021.03.26,Sreerookie,1065,BagrovMdack,1183,"Bongcloud Attack"
2021.03.26,htmnsam,1234,Jmassa1,1188,"Bongcloud Attack"
2021.03.26,HOLY_HELL,1704,khurbonovchess1234,1752,"Bongcloud Attack"
2021.03.26,FoxxLi,1187,Jorge_Francisco24,1222,"Bongcloud Attack"
2021.03.26,redhairedshank,1024,Abusha2,1365,"Bongcloud Attack"
2021.03.26,Bana4g,1031,Alpaskin,1038,"Bongcloud Attack"
2021.03.26,fajorezop,1472,zinchuk,1471,"Bongcloud Attack"
2021.03.26,ejknight,1454,petrson_dzen,1488,"Bongcloud Attack"
2021.03.26,Elitekiller57,914,csni4ek,938,"Bongcloud Attack"
2021.03.26,indivi_dual-11,1147,jersbryan,1152,"Bongcloud Attack"
2021.03.26,Elitekiller57,923,dogquokka,813,"Bongcloud Attack"
2021.03.26,mcsalad,830,Black_td,775,"Bongcloud Attack"
2021.03.26,m_ehtesami76,1344,phammar,1458,"Bongcloud Attack"
2021.03.26,MarcusAlden,1500,Davidaldrin10,1500,"Bongcloud Attack"
2021.03.26,bongcloudonlylol,1500,EdricMalajacan,1482,"Bongcloud Attack"
2021.03.26,MarcusAlden,1258,Rafael_Rosero,1037,"Bongcloud Attack"
2021.03.26,nikhiljay,1723,Ramazan988,1714,"Bongcloud Attack"
2021.03.26,Hira_Jogchamp,982,marksoto,1026,"Bongcloud Attack"
2021.03.26,Sreerookie,1061,Nadzieja12,944,"Bongcloud Attack"
2021.03.26,Hira_Jogchamp,997,GParisi,948,"Bongcloud Attack"
2021.03.26,Fckin_Weasel,891,qmey,982,"Bongcloud Attack"
2021.03.26,Ilayl,1643,DeFlorida,1404,"Bongcloud Attack"
2021.03.26,TiagoLourenco,1655,ElijahIshaku,1659,"Bongcloud Attack"
2021.03.26,bongcloudonlylol,1772,EdricMalajacan,1563,"Bongcloud Attack"
2021.03.26,Davidaldrin10,2121,bongcloudonlylol,1807,"Bongcloud Attack"
2021.03.26,pyybanez,1606,BStMeleaGrr,1588,"Bongcloud Attack"
2021.03.26,Ilayl,1725,DeFlorida,1325,"Bongcloud Attack"
2021.03.26,MarcusAlden,1133,deanmaragay,1637,"Bongcloud Attack"
2021.03.26,Bd1999,1458,Zeusenko,1491,"Bongcloud Attack"
2021.03.26,EmmittLi2014,774,Arhaan999,980,"Bongcloud Attack"
2021.03.26,Yonatan0101,1435,istorik76,1422,"Bongcloud Attack"
2021.03.26,Yonatan0101,1422,crossroads212198,1505,"Bongcloud Attack"
2021.03.26,Yonatan0101,1418,magicmomo69,1500,"Bongcloud Attack"
2021.03.26,okjvizsga,1063,attois,923,"Bongcloud Attack"
2021.03.26,HugeBloonder,1365,Proco05,1390,"Bongcloud Attack"
2021.03.26,depmomento,612,jackai,957,"Bongcloud Attack"
2021.03.26,karol0408995,999,Thenquoque,782,"Bongcloud Attack"
2021.03.26,VD_Moladiya,1335,grimblecrumble,1321,"Bongcloud Attack"
2021.03.26,Stavack,1009,elplegue,1111,"Bongcloud Attack"
2021.03.26,PeshkaSoldat,873,Stirlitz942,906,"Bongcloud Attack"
2021.03.26,adamalpaca,1189,vasiko23,1199,"Bongcloud Attack"
2021.03.26,D2theKey,600,ad427870d,729,"Bongcloud Attack"
2021.03.26,YalexerY,1624,Forestry0101,1895,"Bongcloud Attack"
2021.03.26,achi2004,1526,BALKANLI2654,1516,"Bongcloud Attack"
2021.03.26,TheSh1ld,1635,agadsquad,1609,"Bongcloud Attack"
2021.03.26,UnityFuchs,1404,ayzer88,1451,"Bongcloud Attack"
2021.03.26,Potkanobijec,1264,cornrows,1345,"Bongcloud Attack"
2021.03.26,UnityFuchs,1405,chadhess,1411,"Bongcloud Attack"
2021.03.26,maram1388,965,albertfalgas,1093,"Bongcloud Attack"
2021.03.26,Hiarley12d,825,King-Slayerrr,920,"Bongcloud Attack"
2021.03.26,cevdetk,1512,Sb786_underdog,1498,"Bongcloud Attack"
2021.03.26,inikelvin,1709,Novaldy21,1606,"Bongcloud Attack"
2021.03.26,bouller,1129,NaiaPerez,1129,"Bongcloud Attack"
2021.03.26,theobarrosrgf,1298,MatheusRagazzo,1908,"Bongcloud Attack"
2021.03.26,Just_Nick30,1216,mimarma,1207,"Bongcloud Attack"
2021.03.26,kutty181,1914,fthsln,1911,"Bongcloud Attack"
2021.03.26,LegitimateGrind,912,Dejan1804,891,"Bongcloud Attack"
2021.03.26,Sreerookie,1071,defeaterofoomerrz,1096,"Bongcloud Attack"
2021.03.26,baurke,1533,Pratik_123,1544,"Bongcloud Attack"
2021.03.26,StartRacunari,1302,Revilo12,1340,"Bongcloud Attack"
2021.03.26,rssphd,1217,AlwanRahmana,1121,"Bongcloud Attack"
2021.03.26,Chessxpert1016,1824,emgkz,1825,"Bongcloud Attack"
2021.03.26,Ojasdriller7,1259,bongcloudhotbox,1291,"Bongcloud Attack"
2021.03.26,Flame_Flame,2311,Juankar1,2263,"Bongcloud Attack"
2021.03.26,toasterdog,1146,DavidATFdez,800,"Bongcloud Attack"
2021.03.26,mecidiyeli,1487,Aisl67,1457,"Bongcloud Attack"
2021.03.26,GAMBLER17,1601,Satte,1592,"Bongcloud Attack"
2021.03.26,BlueGoddess,938,HZE123,933,"Bongcloud Attack"
2021.03.26,BlueGoddess,913,ch_0-0-0_ess,849,"Bongcloud Attack"
2021.03.26,KatrinaPaula,695,Gerhards2013,1081,"Bongcloud Attack"
2021.03.26,mssnipa,1531,Qwertyparty,1519,"Bongcloud Attack"
2021.03.26,kaosbelang,1085,coachhofi,1095,"Bongcloud Attack"
2021.03.26,SanyamMahajan,1475,oscart1,1492,"Bongcloud Attack"
2021.03.26,Qwertyparty,1513,mssnipa,1536,"Bongcloud Attack"
2021.03.26,hilfigertout,1422,AsherRev13,1393,"Bongcloud Attack"
2021.03.26,turtlay,1082,Farqur,1127,"Bongcloud Attack"
2021.03.26,Hekipateng,1546,Graden,1540,"Bongcloud Attack"
2021.03.26,m-s-g,2102,billaras2007,2106,"Bongcloud Attack"
2021.03.26,poronin,1464,mama_reza,1459,"Bongcloud Attack"
2021.03.26,kaosbelang,1069,J2002392118,1078,"Bongcloud Attack"
2021.03.26,jishanshaikh4,1813,Ajay2001,1581,"Bongcloud Attack"
2021.03.26,cevdetk,1509,witekszachy,1510,"Bongcloud Attack"
2021.03.26,hoffmattremo,740,Amel73,746,"Bongcloud Attack"
2021.03.26,stamen69420,1362,Aidosyermakhan,1353,"Bongcloud Attack"
2021.03.26,Narandir,1006,LukaErich,925,"Bongcloud Attack"
2021.03.26,Didkosa,1343,aristotle1_1,1339,"Bongcloud Attack"
2021.03.26,Player100000,1638,Krativa,1638,"Bongcloud Attack"
2021.03.26,hilfigertout,1452,DM34,1475,"Bongcloud Attack"
2021.03.26,kingprawn8,1364,Mic1090,1317,"Bongcloud Attack"
2021.03.26,Mahant_Patel,1676,AlecTrevelyan,1681,"Bongcloud Attack"
2021.03.26,Gabe373,1053,Qnearil,1065,"Bongcloud Attack"
2021.03.26,harthurfig,822,MrHamod1,785,"Bongcloud Attack"
2021.03.26,aligurbanovh,814,Akimov_Artem_2012,873,"Bongcloud Attack"
2021.03.26,eerezhan,1100,Lastthad,1229,"Bongcloud Attack"
2021.03.26,zer0micron,1912,Evgen_161,1916,"Bongcloud Attack"
2021.03.26,zer0micron,1907,Fred02,1930,"Bongcloud Attack"
2021.03.26,Henry2708,1330,Alantolez,1287,"Bongcloud Attack"
2021.03.26,asikjgokdnjgndnuj,1815,Langtoftdude,1837,"Bongcloud Attack"
2021.03.26,asikjgokdnjgndnuj,1816,pollastro63,1866,"Bongcloud Attack"
2021.03.26,a_saraf,1170,twigx2,1150,"Bongcloud Attack"
2021.03.26,ksevket,1456,Sruck,1483,"Bongcloud Attack"
2021.03.26,asikjgokdnjgndnuj,1818,pollastro63,1865,"Bongcloud Attack"
2021.03.26,jasonf7,1042,bigbootybishes,1054,"Bongcloud Attack"
2021.03.26,GREASYBALLS,1142,OyunHakimi,1102,"Bongcloud Attack"
2021.03.26,OyunHakimi,1108,GREASYBALLS,1115,"Bongcloud Attack"
2021.03.26,GREASYBALLS,1092,OyunHakimi,1114,"Bongcloud Attack"
2021.03.26,asikjgokdnjgndnuj,1820,icormar,1863,"Bongcloud Attack"
2021.03.26,GREASYBALLS,1047,Likeaszef,1031,"Bongcloud Attack"
2021.03.26,Viswantathan_Anand,1381,leoscherer,1431,"Bongcloud Attack"
2021.03.26,ILostToScholarsMate,1101,Viktroid,1067,"Bongcloud Attack"
2021.03.26,jasonf7,1048,OskarGulbickiZSL,1006,"Bongcloud Attack"
2021.03.26,GREASYBALLS,1011,jacob4404,984,"Bongcloud Attack"
2021.03.26,cevdetk,1503,pabloq10,1505,"Bongcloud Attack"
2021.03.26,GREASYBALLS,957,jacob4404,1007,"Bongcloud Attack"
2021.03.26,Wojcieslaw2405,1411,Katarzyna0110,1279,"Bongcloud Attack"
2021.03.26,Fleo1,1500,Asafkaraso,1590,"Bongcloud Attack"
2021.03.26,BryanL96,1750,Ingoblies,1811,"Bongcloud Attack"
2021.03.26,amnaegood,1500,Gius0801,1533,"Bongcloud Attack"
2021.03.26,cevdetk,1497,ygt11,1549,"Bongcloud Attack"
2021.03.26,Abkar911,1138,praj_g,1232,"Bongcloud Attack"
2021.03.26,Hira_Jogchamp,1011,Somenal,873,"Bongcloud Attack"
2021.03.26,Fuad_Al_Hasib,1464,Cheten_Norbu,1465,"Bongcloud Attack"
2021.03.26,milkbread24,1624,Ali-Eren,1603,"Bongcloud Attack"
2021.03.26,BranikChess,1139,NotHard89,1137,"Bongcloud Attack"
2021.03.26,benkkelly,1166,pporrappippam,1126,"Bongcloud Attack"
2021.03.26,milkbread24,1607,schiumatto,1609,"Bongcloud Attack"
2021.03.26,stefipope,1030,b_rishat,1127,"Bongcloud Attack"
2021.03.26,milkbread24,1635,schiumatto,1598,"Bongcloud Attack"
2021.03.26,milkbread24,1633,schiumatto,1599,"Bongcloud Attack"
2021.03.26,Praveenn,1392,kamsaa,1332,"Bongcloud Attack"
2021.03.26,NihilVEVO,769,Amit02,821,"Bongcloud Attack"
2021.03.26,dizzyknight97,1735,C72785708edward,1622,"Bongcloud Attack"
2021.03.26,OnlyBongcloud0,1500,Dreyko1,1583,"Bongcloud Attack"
2021.03.26,MAYH3M78,1175,Oktay0709,1274,"Bongcloud Attack"
2021.03.26,dizzyknight97,1740,exequielacosta,1738,"Bongcloud Attack"
2021.03.26,Ndeniz1907,1535,sjk1397,1538,"Bongcloud Attack"
2021.03.26,FfGod,1571,rohanchauhan,1052,"Bongcloud Attack"
2021.03.26,mKred27,1271,AdItHyA_WilsonsSch,1025,"Bongcloud Attack"
2021.03.26,BigBadChessBoss,1109,kekku,1167,"Bongcloud Attack"
2021.03.26,A_Chan_CGKLL,1773,dizzyknight97,1753,"Bongcloud Attack"
2021.03.26,dizzyknight97,1759,Non-smoking,1762,"Bongcloud Attack"
2021.03.26,FfGod,1556,rossa1234,1096,"Bongcloud Attack"
2021.03.26,AlexanderRook,1021,givieon,1520,"Bongcloud Attack"
2021.03.26,IKERPALOSM,1525,OSCARCHOMBO,1635,"Bongcloud Attack"
2021.03.26,coxno,2244,issazoubi,2107,"Bongcloud Attack"
2021.03.26,BenjaminYashiah,1014,Dzun,987,"Bongcloud Attack"
2021.03.26,JARCSCL,1653,toelloev,1720,"Bongcloud Attack"
2021.03.26,wack000wack,1290,dexiewf,1205,"Bongcloud Attack"
2021.03.26,toelloev,1719,JARCSCL,1654,"Bongcloud Attack"
2021.03.26,Velocity698,1423,Dyprax,1346,"Bongcloud Attack"
2021.03.26,JARCSCL,1649,toelloev,1723,"Bongcloud Attack"
2021.03.26,toelloev,1728,JARCSCL,1645,"Bongcloud Attack"
2021.03.26,Chessgirl_88,742,Jackmatefce,1505,"Bongcloud Attack"
2021.03.26,FoxxLi,1207,NijatH,1106,"Bongcloud Attack"
2021.03.26,PeskyPigeon,1354,VRSILVA,1380,"Bongcloud Attack"
2021.03.26,DaniloFortunato,955,sigal2306,950,"Bongcloud Attack"
2021.03.26,Khatarnakbaba,1782,rhargar77,1382,"Bongcloud Attack"
2021.03.26,Youngauthor5,1370,ManelidasPc,1295,"Bongcloud Attack"
2021.03.26,ksevket,1456,saeed1363,1498,"Bongcloud Attack"
2021.03.26,abhishek634,1959,Elsigiloso,1960,"Bongcloud Attack"
2021.03.26,abhishek634,1965,istrski,1917,"Bongcloud Attack"
2021.03.26,ksevket,1457,mensy7,1452,"Bongcloud Attack"
2021.03.26,abhishek634,1975,davidito,1977,"Bongcloud Attack"
2021.03.26,Nova17,1707,Stepicaa,1615,"Bongcloud Attack"
2021.03.26,NefariusXd,1089,PalekX,924,"Bongcloud Attack"
2021.03.26,pirtti,2188,waraw,2194,"Bongcloud Attack"
2021.03.26,Elitekiller57,915,myslaf,860,"Bongcloud Attack"
2021.03.26,NKoreaFanboy,686,Vscog,821,"Bongcloud Attack"
2021.03.26,Alchemaster,1716,Andrew_Glebov,1936,"Bongcloud Attack"
2021.03.26,GrandAssterPete,1399,omny,1352,"Bongcloud Attack"
2021.03.26,malcagatay,886,WackyJasmine,913,"Bongcloud Attack"
2021.03.26,WackyJasmine,860,dracox3,746,"Bongcloud Attack"
2021.03.26,malcagatay,890,jignite98,887,"Bongcloud Attack"
2021.03.26,Einlanzer,1268,pachymicrosaurus,1212,"Bongcloud Attack"
2021.03.26,juicergambit64,844,Antadhun,813,"Bongcloud Attack"
2021.03.26,Alois_hiedler,836,rTTr177,968,"Bongcloud Attack"
2021.03.26,chess-enjoyer,791,nonameindiffrent,857,"Bongcloud Attack"
2021.03.26,Alois_hiedler,816,ClownBoy55,795,"Bongcloud Attack"
2021.03.26,msanii,2023,krizx21,2095,"Bongcloud Attack"
2021.03.26,NKoreaFanboy,677,Rightm,778,"Bongcloud Attack"
2021.03.26,TheCheeseLord,1356,claytonbjoe,1310,"Bongcloud Attack"
2021.03.26,yahya39,948,CaoRen,917,"Bongcloud Attack"
2021.03.26,IJJJJJJI,1075,laux736,1082,"Bongcloud Attack"
2021.03.26,IJJJJJJI,1076,Florimori,1093,"Bongcloud Attack"
2021.03.26,LightnoBlaze,777,Teembo,1171,"Bongcloud Attack"
2021.03.26,NKoreaFanboy,669,LHMRJ,669,"Bongcloud Attack"
2021.03.26,Sachakas,768,Kraxelbruder,697,"Bongcloud Attack"
2021.03.26,C0ochieman,1102,lohithjr1993,1093,"Bongcloud Attack"
2021.03.26,Lipe_v2,892,Marcin_2020,927,"Bongcloud Attack"
2021.03.26,malcagatay,962,MimonVT,920,"Bongcloud Attack"
2021.03.27,hilfigertout,1469,B_mrki,1830,"Bongcloud Attack"
2021.03.27,VientoGris,1974,robchess123,1906,"Bongcloud Attack"
2021.03.27,Moises_Pacheco,1581,anibalPF,1441,"Bongcloud Attack"
2021.03.27,hilfigertout,1497,JAHEN,1846,"Bongcloud Attack"
2021.03.27,LuminoI,1105,martyTHICKS,1047,"Bongcloud Attack"
2021.03.27,hilfigertout,1506,Nagkrish78,1798,"Bongcloud Attack"
2021.03.27,anish_11,1309,ObroncaPizzy,1308,"Bongcloud Attack"
2021.03.27,Sreerookie,1070,FilipImsobad,1107,"Bongcloud Attack"
2021.03.27,Happywheelss,1154,SreeniArv,1062,"Bongcloud Attack"
2021.03.27,JesseDiks,1693,Vitorgabriel_1,1578,"Bongcloud Attack"
2021.03.27,GREASYBALLS,1123,brexon,1142,"Bongcloud Attack"
2021.03.27,pianoplayerjames,1618,luna01,1572,"Bongcloud Attack"
2021.03.27,TheAlexSweeney,1160,theadam98,1121,"Bongcloud Attack"
2021.03.27,Whysotrash,1219,hughmall,1278,"Bongcloud Attack"
2021.03.27,Whysotrash,1137,hughmall,1286,"Bongcloud Attack"
2021.03.27,dooge46,1748,denas85,1747,"Bongcloud Attack"
2021.03.27,Whysotrash,955,jonahhill420,971,"Bongcloud Attack"
2021.03.27,Whysotrash,931,lucasblanco31,936,"Bongcloud Attack"
2021.03.27,m4tr1x009,800,Kmz69,600,"Bongcloud Attack"
2021.03.27,mochi713,1036,isaidue2004,1008,"Bongcloud Attack"
2021.03.27,mochi713,1040,sisnandes,1020,"Bongcloud Attack"
2021.03.27,Sreerookie,1071,DancingCrickets,1033,"Bongcloud Attack"
2021.03.27,GreenDDT,923,Nikito33,893,"Bongcloud Attack"
2021.03.27,sillyduckyluck,1471,intj_17,1466,"Bongcloud Attack"
2021.03.27,JAYNIL4848,1338,bluerinse1,1386,"Bongcloud Attack"
2021.03.27,GreenDDT,887,wagner007,853,"Bongcloud Attack"
2021.03.27,ChessXerix,1107,rkjha08,1174,"Bongcloud Attack"
2021.03.27,h0ey,876,GreenDDT,847,"Bongcloud Attack"
2021.03.27,GreenDDT,867,h0ey,869,"Bongcloud Attack"
2021.03.27,Aaronthenovice,1351,somoney,1324,"Bongcloud Attack"
2021.03.27,Aaronthenovice,1344,Ivan11t0,1238,"Bongcloud Attack"
2021.03.27,Sreerookie,1071,stalinic,1150,"Bongcloud Attack"
2021.03.27,Sreerookie,1067,insania,1057,"Bongcloud Attack"
2021.03.27,yudi_kbpl,1361,radient7,1330,"Bongcloud Attack"
2021.03.27,ShinzuShinza,841,xrumasx,853,"Bongcloud Attack"
2021.03.27,sgtbigpp,868,Dridovich,878,"Bongcloud Attack"
2021.03.27,BongCloud27,1500,ermessss,1598,"Bongcloud Attack"
2021.03.27,Oscarpadilla,1595,NurLan_145,1603,"Bongcloud Attack"
2021.03.27,Finn_RSK,1754,clydeadrian,1735,"Bongcloud Attack"
2021.03.27,Henry2708,1317,icewolf108,1349,"Bongcloud Attack"
2021.03.27,Mr_Miracle,1587,dddrrr,1557,"Bongcloud Attack"
2021.03.27,Dr_Blunderbuss,1187,SaNcHo33,1211,"Bongcloud Attack"
2021.03.27,damnikindadontcare,1341,kasem19851111,1371,"Bongcloud Attack"
2021.03.27,Dk_Tehariya,1426,NicholasJK,1418,"Bongcloud Attack"
2021.03.27,ToniKroos2021,1449,HUMBS,1492,"Bongcloud Attack"
2021.03.27,mikolaj53,1347,Amstro_GM,1413,"Bongcloud Attack"
2021.03.27,Manly_Gambit,1739,VladimirCherevan,1774,"Bongcloud Attack"
2021.03.27,Vadyl,1888,evgeniy_v,1893,"Bongcloud Attack"
2021.03.27,ToiletBro2,1386,sekilena,1323,"Bongcloud Attack"
2021.03.27,Ichakk,1342,mikanta,1266,"Bongcloud Attack"
2021.03.27,Super_Nova_Cat,1691,pawnfiction35,1677,"Bongcloud Attack"
2021.03.27,Elda123,1825,lilivmon,1795,"Bongcloud Attack"
2021.03.27,LotrKingDain,971,aygl_yvz,861,"Bongcloud Attack"
2021.03.27,AbuAbbas,1712,Rakesh_Kumar_Dubey,1758,"Bongcloud Attack"
2021.03.27,Finn_RSK,1753,jaypkash,1757,"Bongcloud Attack"
2021.03.27,jaredtampu,1571,TurkmenTug,1560,"Bongcloud Attack"
2021.03.27,Jrtuscu,1066,i_loose_nothing,876,"Bongcloud Attack"
2021.03.27,jaredtampu,1565,Aydinbulut1985,1458,"Bongcloud Attack"
2021.03.27,Aaswas_Kniij,1237,Ravanaprabhu,1266,"Bongcloud Attack"
2021.03.27,Caabbbssss,2267,tftta25,1645,"Bongcloud Attack"
2021.03.27,jaredtampu,1558,creamn17,1538,"Bongcloud Attack"
2021.03.27,Frankl1nk,790,amaanat,742,"Bongcloud Attack"
2021.03.27,ksevket,1441,mLivv,1473,"Bongcloud Attack"
2021.03.27,OnlyBongcloud0,1346,Akakai,1294,"Bongcloud Attack"
2021.03.27,ksevket,1442,mLivv,1472,"Bongcloud Attack"
2021.03.27,Yonatan0101,1419,Blazorge,1418,"Bongcloud Attack"
2021.03.27,aasaxena,1674,TheChessterKnight,1503,"Bongcloud Attack"
2021.03.27,TeoChess1234,1285,vezirsizoynuyorum,1190,"Bongcloud Attack"
2021.03.27,NihilVEVO,755,Himalshi,600,"Bongcloud Attack"
2021.03.27,anubhav25,1664,reykan,1611,"Bongcloud Attack"
2021.03.27,kingpossessed,900,bunnycat1411,896,"Bongcloud Attack"
2021.03.27,NihilVEVO,753,Szmi2002,775,"Bongcloud Attack"
2021.03.27,Cjc_03,1050,Ddjjhr18,909,"Bongcloud Attack"
2021.03.27,YuMeKoYaBaMi,1824,Bahruz_748,1834,"Bongcloud Attack"
2021.03.27,Kishshore,717,canemrew,647,"Bongcloud Attack"
2021.03.27,NihilVEVO,748,haL0o,663,"Bongcloud Attack"
2021.03.27,kingpossessed,886,mamma-mia,868,"Bongcloud Attack"
2021.03.27,kingpossessed,887,shpunn,1045,"Bongcloud Attack"
2021.03.27,Henry2708,1305,hpatobb,1307,"Bongcloud Attack"
2021.03.27,kingpossessed,848,jugheadd,996,"Bongcloud Attack"
2021.03.27,kingpossessed,845,Prochamp1231,824,"Bongcloud Attack"
2021.03.27,Sreerookie,1055,Kepler32,1081,"Bongcloud Attack"
2021.03.27,kingpossessed,826,Prochamp1231,834,"Bongcloud Attack"
2021.03.27,kingpossessed,826,MaksRain,860,"Bongcloud Attack"
2021.03.27,l8zin,928,Ramadurai,940,"Bongcloud Attack"
2021.03.27,kingpossessed,809,gavinisawesome,865,"Bongcloud Attack"
2021.03.27,kingpossessed,810,altanmes,827,"Bongcloud Attack"
2021.03.27,Zemsta16,1377,Beni89,1352,"Bongcloud Attack"
2021.03.27,kingpossessed,812,baharcicekbocek,670,"Bongcloud Attack"
2021.03.27,egorvuk,1149,hectorl1114,979,"Bongcloud Attack"
2021.03.27,KARUROSU,1118,Luca9718,1045,"Bongcloud Attack"
2021.03.27,michaelforreal,1525,Yan_Felipe,1517,"Bongcloud Attack"
2021.03.27,hugo190,1372,jijiparel,1405,"Bongcloud Attack"
2021.03.27,EggWaffleDelight,1559,melahat123,1590,"Bongcloud Attack"
2021.03.27,shreyashshiva,1719,DitoNeurosurgent,1718,"Bongcloud Attack"
2021.03.27,sinsta666,1512,george24,1515,"Bongcloud Attack"
2021.03.27,ILostToScholarsMate,1051,ColbyTheG,1008,"Bongcloud Attack"
2021.03.27,ChessXerix,1101,cocolosojo,958,"Bongcloud Attack"
2021.03.27,Diogenes_Wine_Barrel,1383,olivier972,1459,"Bongcloud Attack"
2021.03.27,ChessXerix,1093,IOV2005,1175,"Bongcloud Attack"
2021.03.27,GabrielSGarcia111,1166,IgorShah85,1207,"Bongcloud Attack"
2021.03.27,olinolin,979,muratmka,1560,"Bongcloud Attack"
2021.03.27,Erika_Escobar,758,Emperador22,990,"Bongcloud Attack"
2021.03.27,Maple_TH,960,WuTangShatranj,1017,"Bongcloud Attack"
2021.03.27,joseph420,1279,mv333,1285,"Bongcloud Attack"
2021.03.27,yuppers913,1550,tho1968,1671,"Bongcloud Attack"
2021.03.27,rpostula27,793,Nikolokopatolegu,821,"Bongcloud Attack"
2021.03.27,ChessXerix,1098,eyu99,1094,"Bongcloud Attack"
2021.03.27,OnlyBongcloud0,1240,O-rata,1124,"Bongcloud Attack"
2021.03.27,olinolin,979,GeArthur,2075,"Bongcloud Attack"
2021.03.27,carlbot_bhaiya,962,syfu,968,"Bongcloud Attack"
2021.03.27,olinolin,979,GeArthur,2075,"Bongcloud Attack"
2021.03.27,malcagatay,963,Marcin_2020,959,"Bongcloud Attack"
2021.03.27,Baris_elci,1113,tyboster,1102,"Bongcloud Attack"
2021.03.27,redhorse_init,2147,Huehee,2140,"Bongcloud Attack"
2021.03.27,specialisTbongcloud,2040,Mankeletor,773,"Bongcloud Attack"
2021.03.27,FlorianWendelborn,1271,bhushanananan,1306,"Bongcloud Attack"
2021.03.27,joseph420,1296,Nishauchil,1275,"Bongcloud Attack"
2021.03.27,Hiarley12d,840,JulesGregorio,959,"Bongcloud Attack"
2021.03.27,FlorianWendelborn,1277,ahmetoztek,1215,"Bongcloud Attack"
2021.03.27,dragonninja,1401,Alex23rus,1381,"Bongcloud Attack"
2021.03.27,chong526,1462,dansman1644,1459,"Bongcloud Attack"
2021.03.27,Sandosh1,1805,didimos,1743,"Bongcloud Attack"
2021.03.27,sento96,763,jacksonwhalin1,713,"Bongcloud Attack"
2021.03.27,M_V_L_2009,2288,NebilSelami,2151,"Bongcloud Attack"
2021.03.27,shirzad1352,2008,vaf_farzi,1741,"Bongcloud Attack"
2021.03.27,Sandosh1,1814,didimos,1734,"Bongcloud Attack"
2021.03.27,nauthnim,2035,rogerg1981,2046,"Bongcloud Attack"
2021.03.27,MateMaticiannn,1421,SOKSI,1466,"Bongcloud Attack"
2021.03.27,Sandosh1,1812,didimos,1736,"Bongcloud Attack"
2021.03.27,Wolf1988,2100,Ylajali,2092,"Bongcloud Attack"
2021.03.27,msanii,2016,Embarambamba,2070,"Bongcloud Attack"
2021.03.27,Qrohn,1741,DNiBalk,1294,"Bongcloud Attack"
2021.03.27,Zubernacho,1403,vleoah,1400,"Bongcloud Attack"
2021.03.27,DNiBalk,1290,Qrohn,1743,"Bongcloud Attack"
2021.03.27,BlueGoddess,909,MrMiaugi,984,"Bongcloud Attack"
2021.03.27,Qrohn,1728,DNiBalk,1347,"Bongcloud Attack"
2021.03.27,BongcloudChallenge,1537,sachin5540,1538,"Bongcloud Attack"
2021.03.27,BlueGoddess,909,IamNihal,987,"Bongcloud Attack"
2021.03.27,BongcloudChallenge,1528,Graden,1533,"Bongcloud Attack"
2021.03.27,WorkInProgress96,2025,parla7872,1988,"Bongcloud Attack"
2021.03.27,WorkInProgress96,2030,UHR4485,1997,"Bongcloud Attack"
2021.03.27,MSA_xadrez,1086,Modigliani06,1087,"Bongcloud Attack"
2021.03.27,prateekkkkkkk,1083,elifdeniz09,1151,"Bongcloud Attack"
2021.03.27,Ratoreirei,1841,arya77,1861,"Bongcloud Attack"
2021.03.27,DayroCampos,1258,Charlie_Sa,1038,"Bongcloud Attack"
2021.03.27,BongcloudChallenge,1528,mkilaguz,1541,"Bongcloud Attack"
2021.03.27,prateekkkkkkk,1074,OrdinaryusX,1110,"Bongcloud Attack"
2021.03.27,malcagatay,979,djibril_1,1053,"Bongcloud Attack"
2021.03.27,BongcloudChallenge,1527,asellesa,1463,"Bongcloud Attack"
2021.03.27,joseph420,1276,Prusseliese,1219,"Bongcloud Attack"
2021.03.27,Th3Punish3r,1370,chessFig2000,1465,"Bongcloud Attack"
2021.03.27,chocolate_cats123,966,ChickenCatchSatori,998,"Bongcloud Attack"
2021.03.27,navabkhoshnood1400,1451,jamalaus,1446,"Bongcloud Attack"
2021.03.27,Goura,1144,DarwinQM,1201,"Bongcloud Attack"
2021.03.27,ksevket,1446,rhurus,1431,"Bongcloud Attack"
2021.03.27,MFLudder1111,1010,enderbar,951,"Bongcloud Attack"
2021.03.27,MrUnluckJ,999,Tommyyyyyy,978,"Bongcloud Attack"
2021.03.27,BongCloud1234,1243,Dany-al,1177,"Bongcloud Attack"
2021.03.27,llanero11,2003,mrmobba,1968,"Bongcloud Attack"
2021.03.27,MFLudder1111,955,LucaIannelli,970,"Bongcloud Attack"
2021.03.27,Hatkekhel,1156,homalii,1162,"Bongcloud Attack"
2021.03.27,BongCloud1234,980,Der_Loser,972,"Bongcloud Attack"
2021.03.27,Slymodi,827,hakero09,773,"Bongcloud Attack"
2021.03.27,NicolasBonaparte,1010,TheSpadix,1108,"Bongcloud Attack"
2021.03.27,janner,940,Erik-2D,912,"Bongcloud Attack"
2021.03.27,Rick191177,1186,RoyalRook96,1056,"Bongcloud Attack"
2021.03.27,malcagatay,969,ARintrovert,990,"Bongcloud Attack"
2021.03.27,Hatkekhel,1157,liljo19,1192,"Bongcloud Attack"
2021.03.27,BongCloud1234,997,Kareem36,1077,"Bongcloud Attack"
2021.03.27,bilir9,1341,azvida,1397,"Bongcloud Attack"
2021.03.27,MariajoseMarin170,841,limitre,1062,"Bongcloud Attack"
2021.03.27,davis1989,1698,thebus23,2012,"Bongcloud Attack"
2021.03.27,Hatkekhel,1163,jakan000,1170,"Bongcloud Attack"
2021.03.27,davis1989,1695,thebus23,2015,"Bongcloud Attack"
2021.03.27,aevaex,1040,Redaiden,1067,"Bongcloud Attack"
2021.03.27,manulashavindra,1166,Mega314,1172,"Bongcloud Attack"
2021.03.27,victorclf,1482,Ser59,1485,"Bongcloud Attack"
2021.03.27,ADHDavid,1526,QueenElisabeth5,1521,"Bongcloud Attack"
2021.03.27,GabrielSGarcia111,1163,yousurff,1109,"Bongcloud Attack"
2021.03.27,DonPetunio3000,2416,Corchov,2423,"Bongcloud Attack"
2021.03.27,Danilo_Mattos,1000,maaahvellous,947,"Bongcloud Attack"
2021.03.27,DonPetunio3000,2445,aaQwrD,2465,"Bongcloud Attack"
2021.03.27,DonPetunio3000,2458,Tim1991,2553,"Bongcloud Attack"
2021.03.27,NKoreaFanboy,656,Bernardo4325,605,"Bongcloud Attack"
2021.03.27,Ghostier,1729,Pedro712,1767,"Bongcloud Attack"
2021.03.27,Lelynxdubengal,1077,Vittolediable,1107,"Bongcloud Attack"
2021.03.27,Lilava,1760,rafalov35,1784,"Bongcloud Attack"
2021.03.27,Lilava,1755,Scherenschnitte,1779,"Bongcloud Attack"
2021.03.27,Dixxxon,2036,Goku748,1528,"Bongcloud Attack"
2021.03.27,NKoreaFanboy,633,elchanfle,772,"Bongcloud Attack"
2021.03.27,DaniloFortunato,967,Mleetjee,992,"Bongcloud Attack"
2021.03.27,TedPaul64,1758,gabriel9130,1747,"Bongcloud Attack"
2021.03.27,W_hat_Am_Idoing,788,JulioK,894,"Bongcloud Attack"
2021.03.28,MoneyPhone,854,nkdamn,889,"Bongcloud Attack"
2021.03.28,EmmanuelColque,1265,nairda930,1203,"Bongcloud Attack"
2021.03.28,DiscoLizard53,1668,MrEveryDay,1137,"Bongcloud Attack"
2021.03.28,Tateloggy,838,jaimedelafuente,845,"Bongcloud Attack"
2021.03.28,imkindatired,600,LGauto,645,"Bongcloud Attack"
2021.03.28,RidingStorm,1053,brettgeist,1039,"Bongcloud Attack"
2021.03.28,BaderBombs,2217,ivarcode,2028,"Bongcloud Attack"
2021.03.28,ivarcode,2025,BaderBombs,2220,"Bongcloud Attack"
2021.03.28,RidingStorm,1065,svyst,1086,"Bongcloud Attack"
2021.03.28,rvgajedrez,1751,vanuvanuma,1813,"Bongcloud Attack"
2021.03.28,Pje123,1763,NiwBlad,1773,"Bongcloud Attack"
2021.03.28,iplaychesscusimsad2,1500,jeanpierreflores,1393,"Bongcloud Attack"
2021.03.28,CHESS_YouTube_Coach,1095,FunkyPandey,1136,"Bongcloud Attack"
2021.03.28,l3ard,804,G0ngshow,951,"Bongcloud Attack"
2021.03.28,camelo_tatico,1165,JoeMW,1078,"Bongcloud Attack"
2021.03.28,BigBear85,2144,kasim1386,2032,"Bongcloud Attack"
2021.03.28,BongcloudSpeedrun19,979,brandybag,1067,"Bongcloud Attack"
2021.03.28,jaredtampu,1562,Wub_Wubz,1601,"Bongcloud Attack"
2021.03.28,Safrone07,1350,amadu,1300,"Bongcloud Attack"
2021.03.28,MellowMoonshine,1990,Nayon24,1993,"Bongcloud Attack"
2021.03.28,Safrone07,1338,shanto90,1337,"Bongcloud Attack"
2021.03.28,Aidan_Phan,1077,stimuly,1248,"Bongcloud Attack"
2021.03.28,Subhajit2021,1533,amirmoti,1643,"Bongcloud Attack"
2021.03.28,VD_Moladiya,1336,BennyG247,1327,"Bongcloud Attack"
2021.03.28,SeekNDstroy019,1388,svimalraj,1385,"Bongcloud Attack"
2021.03.28,SeekNDstroy019,1382,somAlINgAM,1380,"Bongcloud Attack"
2021.03.28,cenk62,1681,kuzzie,1634,"Bongcloud Attack"
2021.03.28,AdamFerdian,1500,Shehabsky,1509,"Bongcloud Attack"
2021.03.28,VeryFunny27,982,irut1,900,"Bongcloud Attack"
2021.03.28,vennyice,2051,ajetm,2217,"Bongcloud Attack"
2021.03.28,Jagannath999,1068,JAWHAR_IQBAL,603,"Bongcloud Attack"
2021.03.28,MooPoint,1449,salesuzuki,1461,"Bongcloud Attack"
2021.03.28,ifloyd12,1263,Juanjo1964,1263,"Bongcloud Attack"
2021.03.28,TradeThemBishop,1229,azminajid,1183,"Bongcloud Attack"
2021.03.28,shivamverma_19,1666,Najmul_Hasan,1669,"Bongcloud Attack"
2021.03.28,Henry2708,1318,chemmayago,1358,"Bongcloud Attack"
2021.03.28,Safrone07,1358,Mikalai_R,1403,"Bongcloud Attack"
2021.03.28,ebolavms2,1381,Gamegodvegas,1371,"Bongcloud Attack"
2021.03.28,ahjsdajsabfajsb,1382,xantares07,1408,"Bongcloud Attack"
2021.03.28,Sakkmattpatt,2096,KEBBY-24,2099,"Bongcloud Attack"
2021.03.28,bongclouddraw,1394,Deylem,1373,"Bongcloud Attack"
2021.03.28,wifi_player,1184,martinez999,1084,"Bongcloud Attack"
2021.03.28,Whatsap_bro,1587,Venkatesh99,1594,"Bongcloud Attack"
2021.03.28,keremkocakkk,1570,Whatsap_bro,1578,"Bongcloud Attack"
2021.03.28,Rajajii,1245,strangerhazelnuts,1411,"Bongcloud Attack"
2021.03.28,wifi_player,1195,Schulzpauk,1228,"Bongcloud Attack"
2021.03.28,kilominx,1221,giantat,1334,"Bongcloud Attack"
2021.03.28,kilominx,1223,alin0fal,1250,"Bongcloud Attack"
2021.03.28,vctrppl,1021,Newkraid,1124,"Bongcloud Attack"
2021.03.28,Finn_RSK,1742,AAA800,1728,"Bongcloud Attack"
2021.03.28,Murli_Manohar,1130,Priyadharsan7186,1043,"Bongcloud Attack"
2021.03.28,Finn_RSK,1747,AAA800,1723,"Bongcloud Attack"
2021.03.28,ksevket,1466,VOLTOR666,1506,"Bongcloud Attack"
2021.03.28,Berani_lawan,2031,Frankmozes,2084,"Bongcloud Attack"
2021.03.28,Henry2708,1320,lum94,1347,"Bongcloud Attack"
2021.03.28,joseph420,1263,emaurss,1344,"Bongcloud Attack"
2021.03.28,Henry2708,1309,franzom,1317,"Bongcloud Attack"
2021.03.28,Tdfo,660,NKSgrey,819,"Bongcloud Attack"
2021.03.28,Tdfo,647,romanbobryshov11788,675,"Bongcloud Attack"
2021.03.28,ostotek,1393,M1222923,1511,"Bongcloud Attack"
2021.03.28,Halim2665,1500,Matar,1681,"Bongcloud Attack"
2021.03.28,bakxzzz,2122,Radanya_official,2263,"Bongcloud Attack"
2021.03.28,catscats,1034,Efhellion,963,"Bongcloud Attack"
2021.03.28,magnenr1,1472,Mouclovaine,1467,"Bongcloud Attack"
2021.03.28,wifi_player,1175,Asnaebaem,1181,"Bongcloud Attack"
2021.03.28,NikosRouskas,1062,pusheq,1045,"Bongcloud Attack"
2021.03.28,MTR2020,1326,Alizhaivanka,1318,"Bongcloud Attack"
2021.03.28,Z3R0_TO_H3R0,1523,mg28,1546,"Bongcloud Attack"
2021.03.28,eaesteve,1342,angelcandice,1336,"Bongcloud Attack"
2021.03.28,Icelovey,1231,manfredborst,1273,"Bongcloud Attack"
2021.03.28,Z3R0_TO_H3R0,1517,mahmoudezd2,1493,"Bongcloud Attack"
2021.03.28,sixtyfoursquarepoet,1773,Aniket_2001,1301,"Bongcloud Attack"
2021.03.28,wifi_player,1187,AluisioF,1271,"Bongcloud Attack"
2021.03.28,Z3R0_TO_H3R0,1504,Khaled_shaaban,1464,"Bongcloud Attack"
2021.03.28,Christ-Ginting-KBPL,2144,Gilaa-catur,2070,"Bongcloud Attack"
2021.03.28,RangerOfTheWind,1693,cdpossibility,1689,"Bongcloud Attack"
2021.03.28,MTR2020,1297,paulorossy,1314,"Bongcloud Attack"
2021.03.28,Reservia,1767,kangmas,1629,"Bongcloud Attack"
2021.03.28,VeryFunny27,966,antonsdeg,1055,"Bongcloud Attack"
2021.03.28,msanii,2025,Dardan_komani,2057,"Bongcloud Attack"
2021.03.28,wifi_player,1195,jeetraj,1157,"Bongcloud Attack"
2021.03.28,freudAhmet,1009,Savage95,1071,"Bongcloud Attack"
2021.03.28,Vidman,2062,pergi,1670,"Bongcloud Attack"
2021.03.28,fatihaksu398,885,vincebaak,827,"Bongcloud Attack"
2021.03.28,cevdetk,1477,osas082,1489,"Bongcloud Attack"
2021.03.28,liamph8,641,shahzadyt,621,"Bongcloud Attack"
2021.03.28,wifi_player,1188,MayaZXC,1175,"Bongcloud Attack"
2021.03.28,Vladimir234polk,1066,rorian,1068,"Bongcloud Attack"
2021.03.28,MSA_xadrez,1072,DooLii,1099,"Bongcloud Attack"
2021.03.28,intentalosipuedes,1145,johnerps,1011,"Bongcloud Attack"
2021.03.28,SuperBadPlayer00,617,Yenilmekyok,695,"Bongcloud Attack"
2021.03.28,whatevsz,1144,BongCloud_Enthusiast,1185,"Bongcloud Attack"
2021.03.28,kabau,1068,halohalil,1058,"Bongcloud Attack"
2021.03.28,Aminov1802,2207,Aydostvm,1935,"Bongcloud Attack"
2021.03.28,joseph420,1260,lord_chess_69,1311,"Bongcloud Attack"
2021.03.28,kabau,1062,MoustHat,1081,"Bongcloud Attack"
2021.03.28,Safrone07,1353,javierradu,1336,"Bongcloud Attack"
2021.03.28,Bondar-O-2020,1548,Dyda_Oleksandr_2014,653,"Bongcloud Attack"
2021.03.28,ozaybabalik,1353,Isoerk03,1141,"Bongcloud Attack"
2021.03.28,day127,1764,tuts2kiyanjack,1870,"Bongcloud Attack"
2021.03.28,malcagatay,972,Maximomotoplanet,800,"Bongcloud Attack"
2021.03.28,mobilsavalanli,1231,Dimpaler,1316,"Bongcloud Attack"
2021.03.28,Nubbag,1135,TheRealLoosli,980,"Bongcloud Attack"
2021.03.28,SeekNDstroy019,1397,ohislord,1369,"Bongcloud Attack"
2021.03.28,Supertitiz,2032,koytipita,2019,"Bongcloud Attack"
2021.03.28,SeekNDstroy019,1403,kayos_chess,1325,"Bongcloud Attack"
2021.03.28,msanii,2014,wamlambezzwamnyonyez,2006,"Bongcloud Attack"
2021.03.28,The_KingGM,1082,dotSaviour,1079,"Bongcloud Attack"
2021.03.28,SmokingBongCloud,1073,wesfelp,1120,"Bongcloud Attack"
2021.03.28,cevdetk,1449,Reedevil,1474,"Bongcloud Attack"
2021.03.28,rzbz,1726,Chengi_s,1500,"Bongcloud Attack"
2021.03.28,SametDemirci,1999,anhureth,1487,"Bongcloud Attack"
2021.03.28,SjakkSjirakk123,1531,KaReN-21,1588,"Bongcloud Attack"
2021.03.28,DrGorl,785,VitaliyKorolev,817,"Bongcloud Attack"
2021.03.28,soumil10king,1480,brianwilmarth,1512,"Bongcloud Attack"
2021.03.28,Energetic26,1433,Mahaveer580,1230,"Bongcloud Attack"
2021.03.28,hilfigertout,1497,CHESS3700,1501,"Bongcloud Attack"
2021.03.28,hilfigertout,1503,politrashu,1507,"Bongcloud Attack"
2021.03.28,e4_e5_d4_d5_c4_c5,1760,merida6,1831,"Bongcloud Attack"
2021.03.28,Thelulu99,1904,Komandan_BKD,1864,"Bongcloud Attack"
2021.03.28,KAIDOKAIDO,1230,ynraagi,1233,"Bongcloud Attack"
2021.03.28,Energetic26,1444,Mahaveer580,1237,"Bongcloud Attack"
2021.03.28,fms24e,954,Tazzz333,1670,"Bongcloud Attack"
2021.03.28,meteozturk14,640,haL0o,607,"Bongcloud Attack"
2021.03.28,asikjgokdnjgndnuj,1815,MrHarila,1845,"Bongcloud Attack"
2021.03.28,sayanbhat4301,1245,catalyst123,1227,"Bongcloud Attack"
2021.03.28,NKoreaFanboy,633,grandpa_sunny,845,"Bongcloud Attack"
2021.03.28,Gustalfil,1186,samsclub,1205,"Bongcloud Attack"
2021.03.28,Grako,1495,beginnertricks,1488,"Bongcloud Attack"
2021.03.28,NKoreaFanboy,630,Oganezov2121212,1082,"Bongcloud Attack"
2021.03.28,RyanDern,1571,Wanovich,1577,"Bongcloud Attack"
2021.03.28,akansukerem,948,okej7,1054,"Bongcloud Attack"
2021.03.28,NKoreaFanboy,636,nurlanbabayev,629,"Bongcloud Attack"
2021.03.28,nurlanbabayev,651,gmcalsen,630,"Bongcloud Attack"
2021.03.28,aphlee,1322,BongCloud1337,1254,"Bongcloud Attack"
2021.03.28,SanchezJavier,999,emmanuelfiocco,1123,"Bongcloud Attack"
2021.03.28,Ramim_Hasan,1846,Cyrus117,1878,"Bongcloud Attack"
2021.03.28,ghhlbsk,1720,Moutinhor,1757,"Bongcloud Attack"
2021.03.28,ghhlbsk,1710,Moutinhor,1768,"Bongcloud Attack"
2021.03.28,SanchezJavier,1009,Sotomartinez,1065,"Bongcloud Attack"
2021.03.28,tlyashok,1440,humbertooliva,1431,"Bongcloud Attack"
2021.03.28,SanchezJavier,995,Valentina_lopezd27,1404,"Bongcloud Attack"
2021.03.28,DumaSlaska,2229,Gedeon777,1772,"Bongcloud Attack"
2021.03.28,zorro1312,1662,Luischess1986,1651,"Bongcloud Attack"
2021.03.28,dogofchess,1267,shuzera,1303,"Bongcloud Attack"
2021.03.28,MediumFloppa,1500,Joe_Aghbari,1119,"Bongcloud Attack"
2021.03.28,Commenacatapulta,600,Swooze,611,"Bongcloud Attack"
2021.03.28,HerrDerInge,1525,leo48,1554,"Bongcloud Attack"
2021.03.28,Dervyn,2043,anton_govor,1882,"Bongcloud Attack"
2021.03.28,wr7legend,1124,bullshag,1007,"Bongcloud Attack"
2021.03.28,AprilCoco,1196,OlegKo,1275,"Bongcloud Attack"
2021.03.29,Dervyn,2033,anton_govor,1893,"Bongcloud Attack"
2021.03.29,Mantablanca,1915,Alexander-Ajedrez,1865,"Bongcloud Attack"
2021.03.29,JARCSCL,1644,safwat90,1657,"Bongcloud Attack"
2021.03.29,Dervyn,2047,anton_govor,1880,"Bongcloud Attack"
2021.03.29,humanops,1502,Pierangelo,1460,"Bongcloud Attack"
2021.03.29,Ferd67,1533,tea_baggins,1480,"Bongcloud Attack"
2021.03.29,e24253564376,1346,Dr_antaka,1267,"Bongcloud Attack"
2021.03.29,therenewedTed,1595,A_Salehovic,1670,"Bongcloud Attack"
2021.03.29,hilfigertout,1492,Whey,1414,"Bongcloud Attack"
2021.03.29,hilfigertout,1472,QueenMeKing,1485,"Bongcloud Attack"
2021.03.29,hilfigertout,1472,hambarbeast,1469,"Bongcloud Attack"
2021.03.29,Icypancakes81,1278,arookiemistake,1270,"Bongcloud Attack"
2021.03.29,Porkchop-3_99kg,1856,Cent1991,1821,"Bongcloud Attack"
2021.03.29,NATIUSHKA,1438,matiaselcrack12,1140,"Bongcloud Attack"
2021.03.29,RyanDern,1566,Venkata_Kakku,1534,"Bongcloud Attack"
2021.03.29,mundusterra,1262,fabisoli,1197,"Bongcloud Attack"
2021.03.29,yowwash_11,964,RedBaron0,982,"Bongcloud Attack"
2021.03.29,Safrone07,1387,chick76,1442,"Bongcloud Attack"
2021.03.29,stosaal,1870,feroz48,1586,"Bongcloud Attack"
2021.03.29,Mr_Fantastic1999,1106,Ernesto2009,1038,"Bongcloud Attack"
2021.03.29,Christian42,1584,goooodboy,1576,"Bongcloud Attack"
2021.03.29,renascecen,1060,Dogukan_2361,1236,"Bongcloud Attack"
2021.03.29,zelvopil,1704,carlthefog,1667,"Bongcloud Attack"
2021.03.29,Aaronthenovice,1326,elbastawy8,1351,"Bongcloud Attack"
2021.03.29,wifi_player,1178,CryptidXIII,1245,"Bongcloud Attack"
2021.03.29,Aaronthenovice,1332,nickson28,1286,"Bongcloud Attack"
2021.03.29,shmooos,1902,Ali951223,1917,"Bongcloud Attack"
2021.03.29,wifi_player,1185,Mysterious14,1149,"Bongcloud Attack"
2021.03.29,bongclouddraw,1399,Aleksei123,1407,"Bongcloud Attack"
2021.03.29,SmokingBongCloud,1066,sorrato,1124,"Bongcloud Attack"
2021.03.29,DV_1,1124,Shiv_Srivastava,1136,"Bongcloud Attack"
2021.03.29,bongclouddraw,1399,Svela,1399,"Bongcloud Attack"
2021.03.29,SmokingBongCloud,1076,Aloysius23,1109,"Bongcloud Attack"
2021.03.29,Mfundo_Mbewe,1793,Tokyo_radebe,1500,"Bongcloud Attack"
2021.03.29,chinchilla11565,898,KQQBA,909,"Bongcloud Attack"
2021.03.29,CHNOPS9,888,lukasone20,901,"Bongcloud Attack"
2021.03.29,ankursharma2395,1294,new_tal,1276,"Bongcloud Attack"
2021.03.29,haatimtai,1406,huseyincanK,1377,"Bongcloud Attack"
2021.03.29,NihilVEVO,754,Duyru,782,"Bongcloud Attack"
2021.03.29,bongclouddraw,1393,Burndax,1402,"Bongcloud Attack"
2021.03.29,LotrKingDain,950,aygl_yvz,905,"Bongcloud Attack"
2021.03.29,MERTOZAY,1641,moonwells,1709,"Bongcloud Attack"
2021.03.29,matt_z,1370,MRCHEZ,1283,"Bongcloud Attack"
2021.03.29,cevdetk,1478,dalton4,1526,"Bongcloud Attack"
2021.03.29,SirJu,1374,fiksse,1212,"Bongcloud Attack"
2021.03.29,tiemsko,1214,Gimmsen96,1215,"Bongcloud Attack"
2021.03.29,malcagatay,992,Hardboyshard,945,"Bongcloud Attack"
2021.03.29,gepetro,1950,morethanyou,1904,"Bongcloud Attack"
2021.03.29,Knights_Bishop,977,mulkkujussi,1063,"Bongcloud Attack"
2021.03.29,cevdetk,1478,sempoyongan,1438,"Bongcloud Attack"
2021.03.29,EthanCutknight,1362,Robato,1367,"Bongcloud Attack"
2021.03.29,BSHLSP,1831,pranshu911,1795,"Bongcloud Attack"
2021.03.29,ey127254,828,Ahoora_45,883,"Bongcloud Attack"
2021.03.29,cardist5,892,mattbxt,921,"Bongcloud Attack"
2021.03.29,nielmore,1378,hosein2345,1378,"Bongcloud Attack"
2021.03.29,ey127254,854,WilmarVasconcelos,908,"Bongcloud Attack"
2021.03.29,ey127254,867,Oitavo_ryan,905,"Bongcloud Attack"
2021.03.29,happyidiot1,1849,kduy567,1456,"Bongcloud Attack"
2021.03.29,AdelsonDC,1338,birsir,1351,"Bongcloud Attack"
2021.03.29,aimeevanhoeysmith,1137,ThijSpartaan,1600,"Bongcloud Attack"
2021.03.29,HakanDeniz007,1793,madviking,1767,"Bongcloud Attack"
2021.03.29,AdittyaKumar,1302,jokulljokull,1159,"Bongcloud Attack"
2021.03.29,test123test456,1308,zayd89,1497,"Bongcloud Attack"
2021.03.29,kingpossessed,859,DonShadow,922,"Bongcloud Attack"
2021.03.29,kingpossessed,861,BLCKTRB,856,"Bongcloud Attack"
2021.03.29,kingpossessed,861,CCFoXI,800,"Bongcloud Attack"
2021.03.29,malcagatay,997,JairajB7,1005,"Bongcloud Attack"
2021.03.29,BARF69,1227,Friszi,1107,"Bongcloud Attack"
2021.03.29,JoSant2349,1164,davella,1167,"Bongcloud Attack"
2021.03.29,B60017484Eliazar,1254,WindinGaster,1221,"Bongcloud Attack"
2021.03.29,CjMallah,654,Zaid9022,1088,"Bongcloud Attack"
2021.03.29,DrivingInMyBugatti,1914,FqEvB,1755,"Bongcloud Attack"
2021.03.29,hilfigertout,1477,Antianatoli,1451,"Bongcloud Attack"
2021.03.29,Rohin18,1680,Better-to-give-up,1672,"Bongcloud Attack"
2021.03.29,Jaime_Garcia-CBC,1473,Leoherrerodopacio_LA,644,"Bongcloud Attack"
2021.03.29,PawnGrapper,1223,sameer_277,1325,"Bongcloud Attack"
2021.03.29,hilfigertout,1472,Nobis2019,1468,"Bongcloud Attack"
2021.03.29,Jaime_Garcia-CBC,1473,MIGUEL_MAR_ZULOAGA,1349,"Bongcloud Attack"
2021.03.29,Finn_RSK,1746,Palacio_Emn,1723,"Bongcloud Attack"
2021.03.29,Rohin18,1674,fr_amo,1699,"Bongcloud Attack"
2021.03.29,hilfigertout,1478,quenofindianocean,1422,"Bongcloud Attack"
2021.03.29,Rohin18,1674,Andrew_Shutov,1683,"Bongcloud Attack"
2021.03.29,kara_they_them,1058,faithreid0828,1042,"Bongcloud Attack"
2021.03.29,chickenuggetmilk,1102,kmjj2228,1126,"Bongcloud Attack"
2021.03.29,LosieLoslos,1188,Mostafaaboghzala,1226,"Bongcloud Attack"
2021.03.29,dhyanaaa,1182,matiPRO8L3M,1210,"Bongcloud Attack"
2021.03.29,rileyvb91,1048,missLizzie88,1066,"Bongcloud Attack"
2021.03.29,Sourabh285,1047,zestytreasure,1148,"Bongcloud Attack"
2021.03.29,Sourabh285,1035,sicatuli,1017,"Bongcloud Attack"
2021.03.29,Ole28,1679,DrSefa,1684,"Bongcloud Attack"
2021.03.29,DrSefa,1678,Ole28,1685,"Bongcloud Attack"
2021.03.29,nihar2002,1808,chessisthis,1818,"Bongcloud Attack"
2021.03.29,lbeethovenl,1447,Arteraulinos,1517,"Bongcloud Attack"
2021.03.29,matt_z,1363,MRCHEZ,1263,"Bongcloud Attack"
2021.03.29,florinsbr,1004,Pedrico,1093,"Bongcloud Attack"
2021.03.29,Wolf1988,2102,Soussia,2068,"Bongcloud Attack"
2021.03.29,xDragonXyz,907,slampo,898,"Bongcloud Attack"
2021.03.29,serooo456,1439,Fabien57,1411,"Bongcloud Attack"
2021.03.29,Yusuf_69,1521,nicosaf,1525,"Bongcloud Attack"
2021.03.29,Potkanobijec,1241,jonasoos,1244,"Bongcloud Attack"
2021.03.29,NihilVEVO,784,ed50,745,"Bongcloud Attack"
2021.03.29,NihilVEVO,777,Ryh90,631,"Bongcloud Attack"
2021.03.29,Potkanobijec,1247,alisvnd,1364,"Bongcloud Attack"
2021.03.29,adri_dcdm,1166,javier12345678,1163,"Bongcloud Attack"
2021.03.29,LimberManatee,961,NearbyAlligator,1027,"Bongcloud Attack"
2021.03.29,adri_dcdm,1156,amin___marg7,1157,"Bongcloud Attack"
2021.03.29,adri_dcdm,1150,dbrev,1191,"Bongcloud Attack"
2021.03.29,adri_dcdm,1145,mholy,1109,"Bongcloud Attack"
2021.03.29,Stockfish12-2,1194,NickLyra100,1232,"Bongcloud Attack"
2021.03.29,Hanan11mohtarfa,1800,slavisamir,1789,"Bongcloud Attack"
2021.03.29,Lpoggers,1500,AnasK9,1583,"Bongcloud Attack"
2021.03.29,ToiletBro2,1387,TALSOTAD,1450,"Bongcloud Attack"
2021.03.29,carl_lagarto_nsamar,1506,grizlidrom,1501,"Bongcloud Attack"
2021.03.29,tg0918,1126,edinsonsanchez_3CAN,1145,"Bongcloud Attack"
2021.03.29,Jade314,1500,AnselmGeorg,1684,"Bongcloud Attack"
2021.03.29,iksmpro,1054,jvg2,1048,"Bongcloud Attack"
2021.03.29,Queens_pawn_D4,1428,danitrack,1466,"Bongcloud Attack"
2021.03.29,whateveryaar,1637,mightoo7,1607,"Bongcloud Attack"
2021.03.29,Gudetamwa,1143,papi4526,1155,"Bongcloud Attack"
2021.03.29,Abhiram_SS,1208,fowo,1190,"Bongcloud Attack"
2021.03.29,Nayib-Neder,1386,Jeremycabrera_2011,1072,"Bongcloud Attack"
2021.03.29,whateveryaar,1625,andy0625,1544,"Bongcloud Attack"
2021.03.29,mfazomnyama,1849,thechessdog,1828,"Bongcloud Attack"
2021.03.29,ognjenc,1736,Alharsh,1751,"Bongcloud Attack"
2021.03.29,xFearofdarkness,989,Foedy,1339,"Bongcloud Attack"
2021.03.29,humma08,1290,mikanta,1288,"Bongcloud Attack"
2021.03.29,StartRacunari,1324,gromee,1319,"Bongcloud Attack"
2021.03.29,SledzSiedz,1406,J_Pumba,1417,"Bongcloud Attack"
2021.03.29,Hunterbr1,2148,MF_CAlarcon,2243,"Bongcloud Attack"
2021.03.29,Passionary,2124,SiolEn,2049,"Bongcloud Attack"
2021.03.30,Niterion,1772,ailtonjardirsky,1793,"Bongcloud Attack"
2021.03.30,hilfigertout,1481,silverman567,1605,"Bongcloud Attack"
2021.03.30,hilfigertout,1477,ale_ingles,1404,"Bongcloud Attack"
2021.03.30,hilfigertout,1482,e6Ke7,1544,"Bongcloud Attack"
2021.03.30,SuperSaiyanGM,1500,Dieguinchi,1442,"Bongcloud Attack"
2021.03.30,Farfadoodle,1360,paybleazy,1364,"Bongcloud Attack"
2021.03.30,anish_11,1361,fatfatyob,1374,"Bongcloud Attack"
2021.03.30,jemboten,1574,Buddha2020shib,1585,"Bongcloud Attack"
2021.03.30,gumpiotrus,742,flatiron212,661,"Bongcloud Attack"
2021.03.30,James_Chess007,1861,Pensativophb,1754,"Bongcloud Attack"
2021.03.30,Hud_187,768,coastytoasty,789,"Bongcloud Attack"
2021.03.30,KomradBoris,1241,PoupySquid,1890,"Bongcloud Attack"
2021.03.30,Naebe,1027,milek012476edvw22,1488,"Bongcloud Attack"
2021.03.30,wifi_player,1185,fred857,1317,"Bongcloud Attack"
2021.03.30,maakuplayz,1331,Kero13,1305,"Bongcloud Attack"
2021.03.30,Headchange161,1243,Arabinda,1265,"Bongcloud Attack"
2021.03.30,BongoDongoCongo,1544,Poridavu,1595,"Bongcloud Attack"
2021.03.30,BongoDongoCongo,1532,knockuout85x,1593,"Bongcloud Attack"
2021.03.30,BongcloudChallenge,1542,mostafa97,1562,"Bongcloud Attack"
2021.03.30,rcchua,1457,SmallToh,1343,"Bongcloud Attack"
2021.03.30,O-C-R,1311,YiZeTang,1346,"Bongcloud Attack"
2021.03.30,Mobilfan,1013,Touhidur,880,"Bongcloud Attack"
2021.03.30,krishna20,1501,pmoneymoney,1475,"Bongcloud Attack"
2021.03.30,GrandmasterAlanya,986,jakeensminger,1077,"Bongcloud Attack"
2021.03.30,Shivashankar123,793,idk_228,724,"Bongcloud Attack"
2021.03.30,Sivas888,1500,Karkayu76,1488,"Bongcloud Attack"
2021.03.30,BongoDongoCongo,1447,TumiTumzane,1517,"Bongcloud Attack"
2021.03.30,BongoDongoCongo,1437,Rodrolo,1436,"Bongcloud Attack"
2021.03.30,RezaVZ,1140,skylife7,1500,"Bongcloud Attack"
2021.03.30,akansukerem,966,adarshapro,1000,"Bongcloud Attack"
2021.03.30,sagkhor,1073,mirlikto,1131,"Bongcloud Attack"
2021.03.30,Bongcloudlmao,1500,shrike97,1500,"Bongcloud Attack"
2021.03.30,whateveryaar,1607,GTW,1592,"Bongcloud Attack"
2021.03.30,jyothi34,1694,Aryaabin,1456,"Bongcloud Attack"
2021.03.30,Super_Nova_Cat,1708,FullStackNinja,1648,"Bongcloud Attack"
2021.03.30,Berani_lawan,2018,Daniel2082,2082,"Bongcloud Attack"
2021.03.30,Mfundo_Mbewe,1772,OverPawn,1745,"Bongcloud Attack"
2021.03.30,SuperWizard,1800,amitgaur15,1853,"Bongcloud Attack"
2021.03.30,SuperWizard,1677,amitgaur15,1857,"Bongcloud Attack"
2021.03.30,JARCSCL,1618,markow1976,1582,"Bongcloud Attack"
2021.03.30,Hladas_23,1350,pedromacedo17,1344,"Bongcloud Attack"
2021.03.30,soooooooom,1665,HeinrichM,1679,"Bongcloud Attack"
2021.03.30,soooooooom,1660,Timur29,1677,"Bongcloud Attack"
2021.03.30,ognjenc,1725,iam_six,1746,"Bongcloud Attack"
2021.03.30,NihilVEVO,788,Shellback,865,"Bongcloud Attack"
2021.03.30,ognjenc,1733,iam_six,1739,"Bongcloud Attack"
2021.03.30,ognjenc,1733,iam_six,1739,"Bongcloud Attack"
2021.03.30,NihilVEVO,801,mikass666,820,"Bongcloud Attack"
2021.03.30,PapaGrucha,1228,Enok98,1268,"Bongcloud Attack"
2021.03.30,Ara004,1127,Dcruzza,1138,"Bongcloud Attack"
2021.03.30,Grandmaster_Aayush,1047,musikmage,1106,"Bongcloud Attack"
2021.03.30,NihilVEVO,807,Resul8617,915,"Bongcloud Attack"
2021.03.30,NihilVEVO,800,haraldselin,820,"Bongcloud Attack"
2021.03.30,Super_Nova_Cat,1690,natrihidroxit,1649,"Bongcloud Attack"
2021.03.30,akansukerem,981,Harmeleon,995,"Bongcloud Attack"
2021.03.30,TheBlunderMate,1523,jpcww,1892,"Bongcloud Attack"
2021.03.30,Super_Nova_Cat,1700,pilipa,1652,"Bongcloud Attack"
2021.03.30,frotis-man,1166,kajber,1178,"Bongcloud Attack"
2021.03.30,TheBlunderMate,1519,jpcww,1895,"Bongcloud Attack"
2021.03.30,Mehfil-E-Chess,1582,delinquentofchess,1766,"Bongcloud Attack"
2021.03.30,Super_Nova_Cat,1686,ALEAKIM06,1653,"Bongcloud Attack"
2021.03.30,emiralpvarol,1229,troiasatranc,1298,"Bongcloud Attack"
2021.03.30,itacernea,1707,Dr123,1632,"Bongcloud Attack"
2021.03.30,cevdetk,1449,Stas03042020,1524,"Bongcloud Attack"
2021.03.30,whateveryaar,1626,shauliba,1624,"Bongcloud Attack"
2021.03.30,frotis-man,1165,robin30svensson,1119,"Bongcloud Attack"
2021.03.30,MarkLuk,716,Nardorium,675,"Bongcloud Attack"
2021.03.30,dhxm,1160,BBspieltSchach,1155,"Bongcloud Attack"
2021.03.30,Ciawson,718,Victornaruto25737,708,"Bongcloud Attack"
2021.03.30,XET2077,1565,IlyaBezzz,1571,"Bongcloud Attack"
2021.03.30,n126r,1344,KleineMann,1363,"Bongcloud Attack"
2021.03.30,Zenmetsu,1166,mmld,1200,"Bongcloud Attack"
2021.03.30,TheFlane34,910,YusufFusuy222002,897,"Bongcloud Attack"
2021.03.30,TheFlane34,822,Vishnu31,832,"Bongcloud Attack"
2021.03.30,Shyam16,1047,Atreas52,1439,"Bongcloud Attack"
2021.03.30,Saturnokiller,763,QuitaFN,813,"Bongcloud Attack"
2021.03.30,VK6569,1243,Jordipe,976,"Bongcloud Attack"
2021.03.30,antoniomeninno,1223,UmutKB,1179,"Bongcloud Attack"
2021.03.30,Zidon11,1578,J1MB0Y,1664,"Bongcloud Attack"
2021.03.30,TheFlane34,715,esquirol,693,"Bongcloud Attack"
2021.03.30,MIRZAEFE,845,Yukselaltay53,1236,"Bongcloud Attack"
2021.03.30,arnavp103,1713,Blackscarabjosh,1320,"Bongcloud Attack"
2021.03.30,kain1613,946,Lammazz,849,"Bongcloud Attack"
2021.03.30,barleymo,1923,SantiagoGarciaRamos,1900,"Bongcloud Attack"
2021.03.30,noura11,1565,z12345zzz,1551,"Bongcloud Attack"
2021.03.30,malcagatay,1042,Burcuso,1118,"Bongcloud Attack"
2021.03.30,SealDeal,1198,PouyaShahrouei,1249,"Bongcloud Attack"
2021.03.30,whateveryaar,1638,Qahir1976,1679,"Bongcloud Attack"
2021.03.30,SealDeal,1176,CDSPARCHEGGIO,1110,"Bongcloud Attack"
2021.03.30,Mfundo_Mbewe,1781,Siphofrans,1916,"Bongcloud Attack"
2021.03.30,nunchuckssanchez,1325,Twodadz,1308,"Bongcloud Attack"
2021.03.30,NeekoNeekopata,1431,leon230965,1436,"Bongcloud Attack"
2021.03.30,AttaccoBongCloud,2054,Kiprotich,2039,"Bongcloud Attack"
2021.03.30,Arasay,1869,DzekKasparol,1860,"Bongcloud Attack"
2021.03.30,Rshow,1016,wyngless,897,"Bongcloud Attack"
2021.03.30,Energetic26,1460,Mahaveer580,1241,"Bongcloud Attack"
2021.03.30,Epok2742,1283,T1000TX,1255,"Bongcloud Attack"
2021.03.30,joseph420,1269,wishTheHelltoBeReal,1230,"Bongcloud Attack"
2021.03.30,nunchuckssanchez,1322,dros33,1313,"Bongcloud Attack"
2021.03.30,msanii,1938,Chief_Zebrudaya,1884,"Bongcloud Attack"
2021.03.30,DrChessIQ,1724,delipedrox,1789,"Bongcloud Attack"
2021.03.30,nunchuckssanchez,1310,Przemek96,1313,"Bongcloud Attack"
2021.03.30,DaniloFortunato,960,ChessThisMess,1108,"Bongcloud Attack"
2021.03.30,DaniloFortunato,956,fiatlux47,974,"Bongcloud Attack"
2021.03.30,yanno420,1303,cango32,859,"Bongcloud Attack"
2021.03.30,maily_dextre,1306,Albert3004,1178,"Bongcloud Attack"
2021.03.30,FlyingGekko,1328,pedazodeforro,1345,"Bongcloud Attack"
2021.03.30,Lost_Knowledge,1521,anka42,1564,"Bongcloud Attack"
2021.03.30,cevdetk,1470,cheebs,1443,"Bongcloud Attack"
2021.03.30,Lost_Knowledge,1541,siqueiramaster,1512,"Bongcloud Attack"
2021.03.30,DonPetunio3000,2473,Andr123321,2509,"Bongcloud Attack"
2021.03.30,Henry2708,1309,Dr4g0n4l3ixo,1242,"Bongcloud Attack"
2021.03.30,hilfigertout,1472,giegorz,1468,"Bongcloud Attack"
2021.03.30,joseph420,1276,Luk4sito,1342,"Bongcloud Attack"
2021.03.30,gmxadrez_2005,1173,tugruldd,1197,"Bongcloud Attack"
2021.03.30,chingchung,629,Pruner,768,"Bongcloud Attack"
2021.03.30,Mixmaxi,1173,zestytreasure,1193,"Bongcloud Attack"
2021.03.30,chingchung,613,Juanredman,768,"Bongcloud Attack"
2021.03.30,matias_cheva,2007,tankeroldan,1830,"Bongcloud Attack"
2021.03.30,AlieneMariage,978,Davi076,981,"Bongcloud Attack"
2021.03.30,tankeroldan,1827,matias_cheva,2010,"Bongcloud Attack"
2021.03.30,Trafalgarlaw1,992,ANGEL_QUIROGA_CAQ,906,"Bongcloud Attack"
2021.03.30,Rshow,1022,antvi,1127,"Bongcloud Attack"
2021.03.30,AlieneMariage,964,baharhakan_6161,1104,"Bongcloud Attack"
2021.03.30,Power_001,1078,ricciardo17,1134,"Bongcloud Attack"
2021.03.30,Reynal788,984,dongwale,995,"Bongcloud Attack"
2021.03.30,emirhansevim1661,1720,msragab,1747,"Bongcloud Attack"
2021.03.30,westernpanda,1003,more_alex,1098,"Bongcloud Attack"
2021.03.31,westernpanda,1010,youben2010,1104,"Bongcloud Attack"
2021.03.31,ErikDeLarge,1285,geoffsteve,1266,"Bongcloud Attack"
2021.03.31,mahmoud_alhasan,1418,ZparroW,1432,"Bongcloud Attack"
2021.03.31,wyder,1591,Godness,1607,"Bongcloud Attack"
2021.03.31,MarySajedrez1,1134,Vicky_dl,1235,"Bongcloud Attack"
2021.03.31,OliveiraNico,845,vardaansarna,788,"Bongcloud Attack"
2021.03.31,DAVIDALEKHINE1,1780,demelovasco,1785,"Bongcloud Attack"
2021.03.31,tonyNTC,1275,Foofypoof,1297,"Bongcloud Attack"
2021.03.31,okbisht,729,sekainoruler,754,"Bongcloud Attack"
2021.03.31,Benstopher,1160,gusmossini,1116,"Bongcloud Attack"
2021.03.31,mmsoni,1779,Drubwang,1771,"Bongcloud Attack"
2021.03.31,schistocyte,1216,ShepherdIII,1165,"Bongcloud Attack"
2021.03.31,ConnorCreegan1,1362,miajack,1423,"Bongcloud Attack"
2021.03.31,MartianSquirrel,1545,Iwona77,1538,"Bongcloud Attack"
2021.03.31,ConnorCreegan1,1354,YOURSISTERBOYFRIEND,1516,"Bongcloud Attack"
2021.03.31,BeniYenemezsinKi,1233,DBF3665,1258,"Bongcloud Attack"
2021.03.31,alimohsen1,1631,shuhratkm,1624,"Bongcloud Attack"
2021.03.31,Dwimulyanto88,1879,SCAZ,1865,"Bongcloud Attack"
2021.03.31,MarianoGambit,2197,tlacaelelprimero,2215,"Bongcloud Attack"
2021.03.31,NihilVEVO,802,Tihon2020,696,"Bongcloud Attack"
2021.03.31,iluhhbh,1468,MAKZ,1451,"Bongcloud Attack"
2021.03.31,NihilVEVO,843,chess083,1219,"Bongcloud Attack"
2021.03.31,NihilVEVO,841,Bloko,1336,"Bongcloud Attack"
2021.03.31,Kacper3347,1242,Tn012903,1292,"Bongcloud Attack"
2021.03.31,Safrone07,1366,llleg,1329,"Bongcloud Attack"
2021.03.31,harshkumawat,1213,piriireis,1270,"Bongcloud Attack"
2021.03.31,Kacper3347,1244,Kingshubhan,1308,"Bongcloud Attack"
2021.03.31,pawnbus21,1788,Ra-Manu-jan,1671,"Bongcloud Attack"
2021.03.31,Safrone07,1357,Vladislav_zt,1324,"Bongcloud Attack"
2021.03.31,ksevket,1503,Travis1318,1474,"Bongcloud Attack"
2021.03.31,Jack7269,1356,oxazine,1376,"Bongcloud Attack"
2021.03.31,bongclouddraw,1374,jagdav,1411,"Bongcloud Attack"
2021.03.31,BerruSuraBolen3,753,berkayyyyyyyyyy,1220,"Bongcloud Attack"
2021.03.31,CiemnySmok,1103,Petak7,1076,"Bongcloud Attack"
2021.03.31,Samet1589,896,B_jje,1194,"Bongcloud Attack"
2021.03.31,peeknees,1509,skimel,1508,"Bongcloud Attack"
2021.03.31,ibrahim123123123123,1105,zoro_2009,1012,"Bongcloud Attack"
2021.03.31,bongcloudspeedrun,1848,EZ-CLAP-EZ-CLAP,1814,"Bongcloud Attack"
2021.03.31,hrabrosrce,2085,Treuchtlinger,2056,"Bongcloud Attack"
2021.03.31,Adamjasek123321,963,Janarthanan18,915,"Bongcloud Attack"
2021.03.31,Kareem36,1140,mnandan,1253,"Bongcloud Attack"
2021.03.31,bongclouddraw,1358,CagdasChessMachine,1300,"Bongcloud Attack"
2021.03.31,LuO_Zockers,1500,Nitin_Singh_Kanyal,1415,"Bongcloud Attack"
2021.03.31,pawnbus21,1815,doguhank,1843,"Bongcloud Attack"
2021.03.31,SHAMROCK_CHESS_CLUB,687,Lezzzee,808,"Bongcloud Attack"
2021.03.31,Vancy2005,1711,frenkyss,1727,"Bongcloud Attack"
2021.03.31,ognjenc,1739,virtuosoviplavkr,1709,"Bongcloud Attack"
2021.03.31,Vancy2005,1693,aeppler,1701,"Bongcloud Attack"
2021.03.31,ognjenc,1739,kaank90,1731,"Bongcloud Attack"
2021.03.31,NoPal,1246,Cobra11228,1236,"Bongcloud Attack"
2021.03.31,Jesyskzi,1252,ALBAYRAGH,1654,"Bongcloud Attack"
2021.03.31,Nirish_kumar2008,2203,angellofdeath,2203,"Bongcloud Attack"
2021.03.31,HistorieExperten,1863,officialRJFischer,1726,"Bongcloud Attack"
2021.03.31,bongclouddraw,1358,ele1997,1367,"Bongcloud Attack"
2021.03.31,ele1997,1367,bongclouddraw,1358,"Bongcloud Attack"
2021.03.31,c00l4nd,1369,measar9,1367,"Bongcloud Attack"
2021.03.31,kingprawn8,1367,Vbgk75,1405,"Bongcloud Attack"
2021.03.31,SiddhantJ1,1479,MayureshAgashe,1517,"Bongcloud Attack"
2021.03.31,jagempes,1284,Schmach,1245,"Bongcloud Attack"
2021.03.31,SiddhantJ1,1475,ahmad000falah,1504,"Bongcloud Attack"
2021.03.31,cevdetk,1476,anu1990,1462,"Bongcloud Attack"
2021.03.31,whateveryaar,1624,Arun59,1627,"Bongcloud Attack"
2021.03.31,murochess,1611,Ahmad_Albarho,1547,"Bongcloud Attack"
2021.03.31,Hatkekhel,1161,Hjollis,1063,"Bongcloud Attack"
2021.03.31,drung_14,1903,pardisgc,1922,"Bongcloud Attack"
2021.03.31,Morfe0,988,oxidenyo,945,"Bongcloud Attack"
2021.03.31,batviktor,885,Tiger26401,903,"Bongcloud Attack"
2021.03.31,politrashu,1514,killer3344,1517,"Bongcloud Attack"
2021.03.31,batviktor,880,Bechsteinfan,865,"Bongcloud Attack"
2021.03.31,Chisussempai12345678,1772,Rangoli,1728,"Bongcloud Attack"
2021.03.31,mcsalad,789,TyWebb97,896,"Bongcloud Attack"
2021.03.31,isomakaaaa,1352,Naranbileg,1364,"Bongcloud Attack"
2021.03.31,happyidiot1,1849,om_toy_kcn,1500,"Bongcloud Attack"
2021.03.31,mcsalad,775,elismarcc,909,"Bongcloud Attack"
2021.03.31,NIKDEBIASI,1576,superscacco1,659,"Bongcloud Attack"
2021.03.31,verlierer1,1746,MOICHUKS,1673,"Bongcloud Attack"
2021.03.31,BlueGoddess,962,Nischi,1027,"Bongcloud Attack"
2021.03.31,drung_14,1877,ahmedturkk,1866,"Bongcloud Attack"
2021.03.31,Josebasam,1295,frtdmrky,1293,"Bongcloud Attack"
2021.03.31,Rafael_06,1749,M0ITA,1745,"Bongcloud Attack"
2021.03.31,Acube987,1581,BNP64,1626,"Bongcloud Attack"
2021.03.31,Rafael_06,1738,M0ITA,1757,"Bongcloud Attack"
2021.03.31,hilfigertout,1460,davidjohnston16,1452,"Bongcloud Attack"
2021.03.31,hilfigertout,1476,kubatura,1403,"Bongcloud Attack"
2021.03.31,GiuocioPiano,1896,pacobixquert,2002,"Bongcloud Attack"
2021.03.31,low_rated,1233,pastirmakral,1282,"Bongcloud Attack"
2021.03.31,badluck666,1614,Puutiainen,1557,"Bongcloud Attack"
2021.03.31,hilfigertout,1475,Blylod,1425,"Bongcloud Attack"
2021.03.31,Warrior_win,958,dwqdjwoj231,1010,"Bongcloud Attack"
2021.03.31,pedrodasilvabernarde,1141,Loke50,1237,"Bongcloud Attack"
2021.03.31,Wise_Panda,1300,blizzardblue,1295,"Bongcloud Attack"
2021.03.31,Kapitanmarvel,1735,MelvinMooya,1711,"Bongcloud Attack"
2021.03.31,seba66500,1658,Bernita,1627,"Bongcloud Attack"
2021.03.31,bongclouder99,1506,willpall,1434,"Bongcloud Attack"
2021.03.31,q8hek,1656,Joeppoej,1649,"Bongcloud Attack"
2021.03.31,Hira_Jogchamp,981,Bebesino,977,"Bongcloud Attack"
2021.03.31,buffoon99,1338,Emjan_11,1500,"Bongcloud Attack"
2021.03.31,bongclouder99,1499,wonkawil,1522,"Bongcloud Attack"
2021.03.31,FoxxLi,1196,Simon1307,1110,"Bongcloud Attack"
2021.03.31,bigdawf6969,909,Fredhaf,909,"Bongcloud Attack"
2021.03.31,Ajenmite,1428,NurmanMN,1527,"Bongcloud Attack"
2021.03.31,ZaShym,1507,MADADBEK,1525,"Bongcloud Attack"
2021.03.31,BerkinOfficial,1302,Biceromer5,1016,"Bongcloud Attack"
2021.03.31,King_Fisher777,974,yongminpark,1172,"Bongcloud Attack"
2021.03.31,hilfigertout,1480,Eibol,1511,"Bongcloud Attack"
2021.03.31,Hatkekhel,1165,calandria98,1215,"Bongcloud Attack"
2021.03.31,Hatkekhel,1161,Prova99,1098,"Bongcloud Attack"
2021.03.31,diabito,1189,SeelestialX,1380,"Bongcloud Attack"
2021.03.31,diabito,1189,hamidrostami14000101,1679,"Bongcloud Attack"
2021.03.31,westernpanda,1019,hamizo,1077,"Bongcloud Attack"
2021.03.31,westernpanda,1020,Anton7fx,1093,"Bongcloud Attack"
2021.03.31,Uday_08,1229,scals3,987,"Bongcloud Attack"
2021.03.31,omarkhaledsamy,1350,daviskr,1377,"Bongcloud Attack"
2021.03.31,IsisEnergia,1368,LauraEnergia1,1500,"Bongcloud Attack"
2021.03.31,westernpanda,1027,crocodile12,979,"Bongcloud Attack"
2021.03.31,Chessgenius-3,1425,Alex_chidiac,1478,"Bongcloud Attack"
2021.03.31,PlayerTheFirst,1488,PachaCardoso,1478,"Bongcloud Attack"
2021.03.31,Gustalfil,1114,yp_b,1132,"Bongcloud Attack"
2021.03.31,Mixmaxi,1203,EDDboy254,1191,"Bongcloud Attack"
2021.03.31,msanii,1899,josfh2005,1956,"Bongcloud Attack"
2021.03.31,SisterlyRunner,765,TolerantFrog,965,"Bongcloud Attack"
2021.03.31,SadJoker21,879,SimobBraun,897,"Bongcloud Attack"
2021.03.31,BongcloudChallenge,1550,delysoem,1551,"Bongcloud Attack"
2021.03.31,drung_14,1858,svestrano98,1859,"Bongcloud Attack"
2021.03.31,DonPetunio3000,2481,AllegoryOfThePoet,1816,"Bongcloud Attack"
2021.03.31,drung_14,1847,svestrano98,1870,"Bongcloud Attack"
2021.03.31,Dwimulyanto88,1874,nasergolpayegan,1911,"Bongcloud Attack"
2021.03.31,bongcloudingginger,1084,brkyblqn,1097,"Bongcloud Attack"
2021.03.31,ymra,1569,hugo_O,1538,"Bongcloud Attack"
2021.03.31,dragonninja,1546,Rab234,1486,"Bongcloud Attack"
2021.03.31,anish_11,1383,tesla0888,1383,"Bongcloud Attack"
2021.03.31,CapitaoNemo,1033,Amanda0-0,1129,"Bongcloud Attack"
2021.03.31,westernpanda,1014,Chops18,937,"Bongcloud Attack"
2021.03.31,Akilles1604,1500,jobar85,1405,"Bongcloud Attack"
2021.03.31,Skylorchan,1435,DontMessWithTheHippo,1567,"Bongcloud Attack"
2021.03.31,msanii,1918,marciprevi68,1914,"Bongcloud Attack"
2021.03.31,amonmusicx,897,yousufkhan,975,"Bongcloud Attack"
2021.03.31,CapitaoNemo,1026,belpizarro,1061,"Bongcloud Attack"
2021.03.31,msanii,1930,marciprevi68,1903,"Bongcloud Attack"
2021.03.31,msanii,1940,Abohoda,1937,"Bongcloud Attack"
2021.03.31,MatOrlikowski_3500,994,rozetli,1018,"Bongcloud Attack"
